{
	"code": "bigfencegate",
	"class": "BlockFenceGate",
	"behaviors": [ {"name": "Lockable" } ],
	"attributes": {
		"reinforcable": true,
		"isFence": true,
		"handbook": {
			"groupBy": ["bigfencegate-*"]
		},
		"triggerSound": "game:sounds/block/door"
	},
	"variantgroups": [
		{ "code": "material", loadFromProperties: "wildcrafttree:block/wood" }, 
		{ "code": "type", "states": ["n", "w"] },
		{ "code": "state", "states": ["opened", "closed"] },
		{ "code": "knobOrientation", "states": ["left", "right"] },
		{ "code": "cover", "states": ["free", "snow"] }
	],
	
	"shapebytype": {
		"*-n-opened-left-free": { "base": "extendedcreation:block/wood/gate/opened_left" },
		"*-w-opened-left-free": { "base": "extendedcreation:block/wood/gate/opened_left", "rotateY": 90},
		"*-n-closed-left-free": { "base": "extendedcreation:block/wood/gate/closed_left"},
		"*-w-closed-left-free": { "base": "extendedcreation:block/wood/gate/closed_left" , "rotateY": 90 },
		"*-n-opened-right-free": { "base": "extendedcreation:block/wood/gate/opened_right" },
		"*-w-opened-right-free": { "base": "extendedcreation:block/wood/gate/opened_right", "rotateY": 90},
		"*-n-closed-right-free": { "base": "extendedcreation:block/wood/gate/closed_right"},
		"*-w-closed-right-free": { "base": "extendedcreation:block/wood/gate/closed_right" , "rotateY": 90 },
		
		"*-n-opened-left-snow": { "base": "extendedcreation:block/wood/gate/snow-opened_left" },
		"*-w-opened-left-snow": { "base": "extendedcreation:block/wood/gate/snow-opened_left", "rotateY": 90},
		"*-n-closed-left-snow": { "base": "extendedcreation:block/wood/gate/snow-closed_left"},
		"*-w-closed-left-snow": { "base": "extendedcreation:block/wood/gate/snow-closed_left" , "rotateY": 90 },
		"*-n-opened-right-snow": { "base": "extendedcreation:block/wood/gate/snow-opened_right" },
		"*-w-opened-right-snow": { "base": "extendedcreation:block/wood/gate/snow-opened_right", "rotateY": 90},
		"*-n-closed-right-snow": { "base": "extendedcreation:block/wood/gate/snow-closed_right"},
		"*-w-closed-right-snow": { "base": "extendedcreation:block/wood/gate/snow-closed_right" , "rotateY": 90 }
	},
	
	"texturesByType": {
		"*":{ 
			"acacia": { "base": "game:block/wood/debarked/{material}" },
			"metal": { "base":"game:block/metal/corroded/normal3"},
			"snowcover": { "base": "game:block/liquid/snow/normal1"}
		}
	},

	"drawtypeByType": {
		"*-free": "JSON",
		"*-snow": "JSONAndSnowLayer"
	},		
		
	"creativeinventory": { "general": ["*-n-closed-left-free"], "fence": ["*-n-closed-left-free"] },	
	"faceCullMode": "NeverCull",
	"blockmaterial": "Wood",
	"replaceable": 900,
	"resistance": 1.5,
	"lightAbsorption": 0,
	"sidesolid": {"all": false},
	"sideopaque": { "all": false },
	"emitsideao": {"all": false},
	"materialDensity": 600,
	
	"collisionboxesbytype": {
		"*-n-opened-left-*": [	{ x1: 0, y1: 0, z1: 0.3125, x2: 0.18, y2: 1.65, z2: 0.6875 }
							],
		"*-w-opened-left-*": [	{ x1: 0.3125, y1: 0, z1: 0.81, x2: 0.6875, y2: 1.625, z2: 1 }
							],
		"*-n-closed-left-*": [	{ x1: 0.25, y1: 0.4, z1: 0.425, x2: 1, y2: 1.255, z2: 0.56 },
								{ x1: 0, y1: 0, z1: 0.3125, x2: 0.25, y2: 1.65, z2: 0.6875 }
							],
		"*-w-closed-left-*": [	{ x1: 0.435, y1: 0.4, z1: 0, x2: 0.56, y2: 1.255, z2: 0.75 },
								{ x1: 0.3125, y1: 0, z1: 0.75, x2: 0.6875, y2: 1.65, z2: 1 }
							],
		"*-n-opened-right-*":[	{ x1: 0.81, y1: 0, z1: 0.3125, x2: 1, y2: 1.65, z2: 0.6875 }
							],
		"*-w-opened-right-*": [	{ x1: 0.3125, y1: 0, z1: 0, x2: 0.6875, y2: 1.65, z2: 0.18 }
							],
		"*-n-closed-right-*":[ 	{ x1: 0, y1: 0.4, z1: 0.43, x2: 0.75, y2: 1.255, z2: 0.56 },
								{ x1: 0.75, y1: 0, z1: 0.3125, x2: 1, y2: 1.65, z2: 0.6875 }
							],
		"*-w-closed-right-*": [	{ x1: 0.4375, y1: 0.4, z1: 0.245, x2: 0.568, y2: 1.255, z2: 1 },
								{ x1: 0.3125, y1: 0, z1: 0, x2: 0.6875, y2: 1.65, z2: 0.25 }
							]
	},
	"selectionboxesbytype": {
		"*-n-opened-left-*": [	{ x1: 0.25, y1: 0.4, z1: 0.425, x2: 1, y2: 1.255, z2: 0.56 },
								{ x1: 0, y1: 0, z1: 0.3125, x2: 0.25, y2: 1.65, z2: 0.6875 }
							],
		"*-w-opened-left-*": [	{ x1: 0.435, y1: 0.4, z1: 0, x2: 0.56, y2: 1.255, z2: 0.75 },
								{ x1: 0.3125, y1: 0, z1: 0.75, x2: 0.6875, y2: 1.65, z2: 1 }
							],
		"*-n-closed-left-*": [	{ x1: 0.25, y1: 0.4, z1: 0.425, x2: 1, y2: 1.255, z2: 0.56 },
								{ x1: 0, y1: 0, z1: 0.3125, x2: 0.25, y2: 1.65, z2: 0.6875 }
							],
		"*-w-closed-left-*": [	{ x1: 0.435, y1: 0.4, z1: 0, x2: 0.56, y2: 1.255, z2: 0.75 },
								{ x1: 0.3125, y1: 0, z1: 0.75, x2: 0.6875, y2: 1.625, z2: 1 }
							],
		"*-n-opened-right-*": [	{ x1: 0, y1: 0.4, z1: 0.43, x2: 0.75, y2: 1.255, z2: 0.56 },
								{ x1: 0.75, y1: 0, z1: 0.3125, x2: 1, y2: 1.65, z2: 0.6875 }
							],
		"*-w-opened-right-*": [	{ x1: 0.4375, y1: 0.4, z1: 0.245, x2: 0.568, y2: 1.255, z2: 1 },
								{ x1: 0.3125, y1: 0, z1: 0, x2: 0.6875, y2: 1.65, z2: 0.25 }
							],
		"*-n-closed-right-*": [	{ x1: 0, y1: 0.4, z1: 0.43, x2: 0.75, y2: 1.255, z2: 0.56 },
								{ x1: 0.75, y1: 0, z1: 0.3125, x2: 1, y2: 1.65, z2: 0.6875 }
							],
		"*-w-closed-right-*": [	{ x1: 0.4375, y1: 0.4, z1: 0.245, x2: 0.568, y2: 1.255, z2: 1 },
								{ x1: 0.3125, y1: 0, z1: 0, x2: 0.6875, y2: 1.65, z2: 0.25 }
	]
	},
	
	"sounds": {
		"place": "game:block/planks",
		"hit": "game:block/planks",
		"break": "game:block/planks",
		"walk": "game:walk/wood"
	},
	
	"tpHandTransform": {
		"translation": { x: -1.5, y: -1, z: -1.2 },
		"rotation": { x: 5, y: -3, z: -96 },
		"scale": 0.35
	},
	"groundTransform": {
		"translation": { x: 0, y: 0.05, z: 0 },
		"rotation": { x: 90, y: -45, z: 0 },
		"origin": { x: 0.5, y: 0, z: 0.5 },
		"scale": 2.07
	},
	"guiTransform": 
		 {
			"rotation": { x: -22, y: 180, z: 0},
			"origin": { x: 0.53, y: 0.55, z: 0.46},
			"scale": 0.65
		}
	
}
