{
	"code": "gate45_right",
	"class": "BlockGate45",
	"behaviors": [	{"name": "Lockable" }],
					
	"attributes": {
		"reinforcable": true,
		"isFence": true,
		"handbook": {
			"groupBy": ["bigfencegate-*"]
		},
		"triggerSound": "game:sounds/block/door"
	},
	"variantgroups": [
		{ "code": "material", loadFromProperties: "wildcrafttree:block/wood" }, 
		{ "code": "type", "states": ["n", "w"] },
		{ "code": "state", "states": ["opened", "closed"] },
		{ "code": "knobOrientation", "states": ["left", "right"] },
		{ "code": "cover", "states": ["free", "snow"] }
	],
	
	"shapebytype": {
		"*-n-opened-left-free": { "base": "extendedcreation:block/wood/gate45/opened_right" },
		"*-w-opened-left-free": { "base": "extendedcreation:block/wood/gate45/opened_right", "rotateY": 90},
		"*-n-closed-left-free": { "base": "extendedcreation:block/wood/gate45/closed_right"},
		"*-w-closed-left-free": { "base": "extendedcreation:block/wood/gate45/closed_right" , "rotateY": 90 },
		"*-n-opened-right-free": { "base": "extendedcreation:block/wood/gate45/opened_left" },
		"*-w-opened-right-free": { "base": "extendedcreation:block/wood/gate45/opened_left", "rotateY": 90},
		"*-n-closed-right-free": { "base": "extendedcreation:block/wood/gate45/closed_left"},
		"*-w-closed-right-free": { "base": "extendedcreation:block/wood/gate45/closed_left" , "rotateY": 90 },
		
		"*-n-opened-left-snow": { "base": "extendedcreation:block/wood/gate45/snow-opened_right" },
		"*-w-opened-left-snow": { "base": "extendedcreation:block/wood/gate45/snow-opened_right", "rotateY": 90},
		"*-n-closed-left-snow": { "base": "extendedcreation:block/wood/gate45/snow-closed_right"},
		"*-w-closed-left-snow": { "base": "extendedcreation:block/wood/gate45/snow-closed_right" , "rotateY": 90 },
		"*-n-opened-right-snow": { "base": "extendedcreation:block/wood/gate45/snow-opened_left" },
		"*-w-opened-right-snow": { "base": "extendedcreation:block/wood/gate45/snow-opened_left", "rotateY": 90},
		"*-n-closed-right-snow": { "base": "extendedcreation:block/wood/gate45/snow-closed_left"},
		"*-w-closed-right-snow": { "base": "extendedcreation:block/wood/gate45/snow-closed_left" , "rotateY": 90 }
	},
	

	"texturesByType": {
		"*":{ 
			"acacia": { "base": "game:block/wood/debarked/{material}" },
			"metal": { "base":"game:block/metal/corroded/normal3"},
			"snowcover": { "base": "game:block/liquid/snow/normal1"}
		}
	},

	"drawtypeByType": {
		"*-free": "JSON",
		"*-snow": "JSONAndSnowLayer"
	},		
		
	"creativeinventory": { "general": ["*-n-closed-left-free"], "fence": ["*-n-closed-left-free"] },	
	"faceCullMode": "NeverCull",
	"blockmaterial": "Wood",
	"replaceable": 900,
	"resistance": 1.5,
	"lightAbsorption": 0,
	"sidesolid":	{ "all": false },
	"sideopaque":	{ "all": false },
	"emitsideao":	{ "all": false },
	"materialDensity": 600,
	
	
	
"collisionboxesbytype": {
    "*-n-opened-right-*": [	{ x1: 0, y1: 0, z1: 0, x2: 0.3, y2: 1.66, z2: 0.3 }
                        ],
    "*-w-opened-right-*": [  { x1: 0, y1: 0, z1: 0.7, x2: 0.3, y2: 1.66, z2: 1 }
                        ],
    "*-n-closed-right-*": [	{x1: 0, y1: 0, z1: 0, x2: 0.47, y2: 1.66, z2: 0.47 },
                            { x1: 0.4375, y1: 0.375, z1: 0.4375, x2: 0.625, y2: 1.425, z2: 0.625 },
                            { x1: 0.8125, y1: 0.375, z1: 0.8125, x2: 1, y2: 1.425, z2: 1 },
                            { x1: 0.625, y1: 0.375, z1: 0.625, x2: 0.8125, y2: 1.425, z2: 0.8125 }
                        ],
    "*-w-closed-right-*": [	{ x1: 0, y1: 0, z1: 0.5, x2: 0.47, y2: 1.66, z2: 1 },
                            { x1: 0.625, y1: 0.375, z1: 0.575, x2: 0.425, y2: 1.425, z2: 0.375 },
                            { x1: 1, y1: 0.375, z1: 0, x2: 0.8, y2: 1.425, z2: 0.2 },
                            { x1: 0.8125, y1: 0.375, z1: 0.2, x2: 0.6125, y2: 1.425, z2: 0.4 }
                        ],
    "*-n-opened-left-*":[	{ x1: 0.7, y1: 0, z1: 0.7, x2: 1, y2: 1.66, z2: 1 }
                        ],
    "*-w-opened-left-*": [	{ x1: 0.7, y1: 0, z1: 0, x2: 1, y2: 1.66, z2: 0.3  }
                        ],
    "*-n-closed-left-*":[ 	{ x1: 0.53, y1: 0, z1: 0.53, x2: 1, y2: 1.66, z2: 1 },
                            { x1: 0.375, y1: 0.375, z1: 0.375, x2: 0.5625, y2: 1.425, z2: 0.5625 },
                            { x1: 0.3875, y1: 0.375, z1: 0.3875, x2: 0.1875, y2: 1.425, z2: 0.1875 },
                            { x1: 0.2, y1: 0.375, z1: 0.2, x2: 0, y2: 1.425, z2: 0 }
                        ],
    "*-w-closed-left-*": [	{ x1: 0.5299, y1: 0, z1: -0.0326, x2: 1, y2: 1.66, z2: 0.4375 },
                            { x1: 0.375, y1: 0.375, z1: 0.4375, x2: 0.5625, y2: 1.425, z2: 0.625 },
                            { x1: 0.1875, y1: 0.375, z1: 0.6125, x2: 0.3875, y2: 1.425, z2: 0.8125 },
                            { x1: 0, y1: 0.375, z1: 0.8, x2: 0.2, y2: 1.425, z2: 1 }
                        ]
},


"selectionboxesbytype": {
    "*-n-opened-right-*": [	{ x1: 0, y1: 0, z1: 0, x2: 0.47, y2: 1.66, z2: 0.47 },
                            { x1: 0.4375, y1: 0.375, z1: 0.4375, x2: 0.625, y2: 1.25, z2: 0.625 },
                            { x1: 0.8125, y1: 0.375, z1: 0.8125, x2: 1, y2: 1.25, z2: 1 },
                            { x1: 0.625, y1: 0.375, z1: 0.625, x2: 0.8125, y2: 1.25, z2: 0.8125 }
                        ],
    "*-w-opened-right-*": [		{ x1: 0, y1: 0, z1: 0.5, x2: 0.47, y2: 1.66, z2: 1 },
                                { x1: 0.625, y1: 0.375, z1: 0.575, x2: 0.425, y2: 1.25, z2: 0.375 },
                                { x1: 1, y1: 0.375, z1: 0, x2: 0.8, y2: 1.25, z2: 0.2 },
                                { x1: 0.8125, y1: 0.375, z1: 0.2, x2: 0.6125, y2: 1.25, z2: 0.4 }
                        ],
    "*-n-closed-right-*": [	{ x1: 0, y1: 0, z1: 0, x2: 0.47, y2: 1.66, z2: 0.47 },
                            { x1: 0.4375, y1: 0.375, z1: 0.4375, x2: 0.625, y2: 1.25, z2: 0.625 },
                            { x1: 0.8125, y1: 0.375, z1: 0.8125, x2: 1, y2: 1.25, z2: 1 },
                            { x1: 0.625, y1: 0.375, z1: 0.625, x2: 0.8125, y2: 1.25, z2: 0.8125 }
                        ],
    "*-w-closed-right-*": [		{ x1: 0, y1: 0, z1: 0.5, x2: 0.47, y2: 1.66, z2: 1 },
                                { x1: 0.625, y1: 0.375, z1: 0.575, x2: 0.425, y2: 1.25, z2: 0.375 },
                                { x1: 1, y1: 0.375, z1: 0, x2: 0.8, y2: 1.25, z2: 0.2 },
                                { x1: 0.8125, y1: 0.375, z1: 0.2, x2: 0.6125, y2: 1.25, z2: 0.4 }
                        ],
    "*-n-opened-left-*": [ { x1: 0.53, y1: 0, z1: 0.53, x2: 1, y2: 1.66, z2: 1 },
                            { x1: 0.375, y1: 0.375, z1: 0.375, x2: 0.5625, y2: 1.25, z2: 0.5625 },
                            { x1: 0.3875, y1: 0.375, z1: 0.3875, x2: 0.1875, y2: 1.25, z2: 0.1875 },
                            { x1: 0.2, y1: 0.375, z1: 0.2, x2: 0, y2: 1.25, z2: 0 }
                            
                        ],
    "*-w-opened-left-*": [	{ x1: 0.5299, y1: 0, z1: -0.0326, x2: 1, y2: 1.66, z2: 0.4375 },
                            { x1: 0.375, y1: 0.375, z1: 0.4375, x2: 0.5625, y2: 1.25, z2: 0.625 },
                            { x1: 0.1875, y1: 0.375, z1: 0.6125, x2: 0.3875, y2: 1.25, z2: 0.8125 },
                            { x1: 0, y1: 0.375, z1: 0.8, x2: 0.2, y2: 1.25, z2: 1 }
                        ],
    "*-n-closed-left-*": [ { x1: 0.53, y1: 0, z1: 0.53, x2: 1, y2: 1.66, z2: 1 },
                            { x1: 0.375, y1: 0.375, z1: 0.375, x2: 0.5625, y2: 1.25, z2: 0.5625 },
                            { x1: 0.3875, y1: 0.375, z1: 0.3875, x2: 0.1875, y2: 1.25, z2: 0.1875 },
                            { x1: 0.2, y1: 0.375, z1: 0.2, x2: 0, y2: 1.25, z2: 0 }
                            
                        ],
    "*-w-closed-left-*": [	{ x1: 0.5299, y1: 0, z1: -0.0326, x2: 1, y2: 1.66, z2: 0.4375 },
                            { x1: 0.375, y1: 0.375, z1: 0.4375, x2: 0.5625, y2: 1.25, z2: 0.625 },
                            { x1: 0.1875, y1: 0.375, z1: 0.6125, x2: 0.3875, y2: 1.25, z2: 0.8125 },
                            { x1: 0, y1: 0.375, z1: 0.8, x2: 0.2, y2: 1.25, z2: 1 }
]
},
	
	"sounds": {
		"place": "game:block/planks",
		"hit": "game:block/planks",
		"break": "game:block/planks",
		"walk": "game:walk/wood"
	},
	
	"tpHandTransform": {
		"translation": { x: -1.5, y: -1, z: -1.2 },
		"rotation": { x: 5, y: -3, z: -96 },
		"scale": 0.35
	},
	"groundTransform": {
		"translation": { x: 0, y: 0.05, z: 0 },
		"rotation": { x: 90, y: -45, z: 0 },
		"origin": { x: 0.5, y: 0, z: 0.5 },
		"scale": 2.07
	},
	"guiTransform": 
		 {
			"rotation": { x: -22, y: 0, z: 0},
			"origin": { x: 0.53, y: 0.55, z: 0.46},
			"scale": 0.65
		}
	
}
