{
	"editor": {
		"allAngles": false,
		"entityTextureMode": false
	},
	"textureWidth": 16,
	"textureHeight": 16,
	"textureSizes": {
	},
	"textures": {
		"bearnut": "item/resource/seeds/bearnut"
	},
	"elements": [
		{
			"name": "Cube11",
			"from": [ 7.0, 1.0, 8.0 ], 
			"to": [ 9.0, 3.0, 10.0 ], 
			"rotationOrigin": [ 8.0, 1.8, 8.0 ],
			"rotationX": -67.5,
			"faces": {
				"north": { "texture": "#bearnut", "uv": [ 0.0, 6.0, 4.0, 10.0 ], "autoUv": false },
				"east": { "texture": "#bearnut", "uv": [ 6.0, 0.0, 10.0, 4.0 ], "rotation": 270, "autoUv": false },
				"south": { "texture": "#bearnut", "uv": [ 0.0, 0.0, 4.0, 4.0 ], "autoUv": false },
				"west": { "texture": "#bearnut", "uv": [ 6.0, 0.0, 10.0, 4.0 ], "rotation": 90, "autoUv": false },
				"up": { "texture": "#bearnut", "uv": [ 6.0, 0.0, 10.0, 4.0 ], "rotation": 180, "autoUv": false },
				"down": { "texture": "#bearnut", "uv": [ 6.0, 0.0, 10.0, 4.0 ], "rotation": 180, "autoUv": false }
			},
			"children": [
				{
					"name": "Cube1",
					"from": [ 0.0, 0.0, 1.0 ], 
					"to": [ 2.0, 0.0, 3.5 ], 
					"rotationOrigin": [ 0.0, 0.0, 1.0 ],
					"rotationX": 22.0,
					"faces": {
						"north": { "texture": "#bearnut", "uv": [ 0.0, 0.0, 2.0, 1.0 ], "enabled": false },
						"east": { "texture": "#bearnut", "uv": [ 0.0, 0.0, 2.0, 1.0 ], "enabled": false },
						"south": { "texture": "#bearnut", "uv": [ 0.0, 0.0, 2.0, 1.0 ], "enabled": false },
						"west": { "texture": "#bearnut", "uv": [ 0.0, 0.0, 2.0, 1.0 ], "enabled": false },
						"up": { "texture": "#bearnut", "uv": [ 6.0, 5.0, 10.0, 10.0 ], "rotation": 180, "autoUv": false },
						"down": { "texture": "#bearnut", "uv": [ 0.0, 0.0, 2.0, 2.0 ], "enabled": false }
					}
				},
				{
					"name": "Cube5",
					"from": [ 0.0, 2.0, 1.0 ], 
					"to": [ 2.0, 2.0, 3.5 ], 
					"rotationOrigin": [ 0.0, 2.0, 1.0 ],
					"rotationX": -22.0,
					"faces": {
						"north": { "texture": "#bearnut", "uv": [ 0.0, 0.0, 2.0, 1.0 ], "enabled": false },
						"east": { "texture": "#bearnut", "uv": [ 0.0, 0.0, 2.0, 1.0 ], "enabled": false },
						"south": { "texture": "#bearnut", "uv": [ 0.0, 0.0, 2.0, 1.0 ], "enabled": false },
						"west": { "texture": "#bearnut", "uv": [ 0.0, 0.0, 2.0, 1.0 ], "enabled": false },
						"up": { "texture": "#bearnut", "uv": [ 9.0, 5.0, 13.0, 10.0 ], "rotation": 180, "autoUv": false },
						"down": { "texture": "#bearnut", "uv": [ 0.0, 0.0, 2.0, 2.0 ], "enabled": false }
					}
				},
				{
					"name": "Cube7",
					"from": [ 0.0, 0.0, 1.0 ], 
					"to": [ 0.0, 2.0, 3.5 ], 
					"rotationOrigin": [ 0.0, 0.0, 1.0 ],
					"rotationY": -22.0,
					"faces": {
						"north": { "texture": "#bearnut", "uv": [ 0.0, 0.0, 1.0, 2.0 ], "enabled": false },
						"east": { "texture": "#bearnut", "uv": [ 10.0, 5.0, 14.0, 10.0 ], "rotation": 270, "autoUv": false },
						"south": { "texture": "#bearnut", "uv": [ 0.0, 0.0, 1.0, 2.0 ], "enabled": false },
						"west": { "texture": "#bearnut", "uv": [ 0.0, 0.0, 2.0, 2.0 ], "enabled": false },
						"up": { "texture": "#bearnut", "uv": [ 0.0, 0.0, 1.0, 2.0 ], "enabled": false },
						"down": { "texture": "#bearnut", "uv": [ 0.0, 0.0, 1.0, 2.0 ], "enabled": false }
					}
				},
				{
					"name": "Cube8",
					"from": [ 2.0, 0.0, 1.0 ], 
					"to": [ 2.0, 2.0, 3.0 ], 
					"rotationOrigin": [ 2.0, 0.0, 1.0 ],
					"rotationY": 22.0,
					"faces": {
						"north": { "texture": "#bearnut", "uv": [ 0.0, 0.0, 1.0, 2.0 ], "enabled": false },
						"east": { "texture": "#bearnut", "uv": [ 6.0, 6.0, 10.0, 10.0 ], "rotation": 270, "autoUv": false },
						"south": { "texture": "#bearnut", "uv": [ 0.0, 0.0, 1.0, 2.0 ], "enabled": false },
						"west": { "texture": "#bearnut", "uv": [ 0.0, 0.0, 2.0, 2.0 ], "enabled": false },
						"up": { "texture": "#bearnut", "uv": [ 0.0, 0.0, 1.0, 2.0 ], "enabled": false },
						"down": { "texture": "#bearnut", "uv": [ 0.0, 0.0, 1.0, 2.0 ], "enabled": false }
					}
				},
				{
					"name": "Cube19",
					"from": [ 0.0, 0.0, 0.5 ], 
					"to": [ 2.0, 0.0, 2.5 ], 
					"rotationOrigin": [ 0.0, 0.0, 0.5 ],
					"rotationX": 55.0,
					"faces": {
						"north": { "texture": "#bearnut", "uv": [ 0.0, 0.0, 2.0, 1.0 ], "enabled": false },
						"east": { "texture": "#bearnut", "uv": [ 0.0, 0.0, 2.0, 1.0 ], "enabled": false },
						"south": { "texture": "#bearnut", "uv": [ 0.0, 0.0, 2.0, 1.0 ], "enabled": false },
						"west": { "texture": "#bearnut", "uv": [ 0.0, 0.0, 2.0, 1.0 ], "enabled": false },
						"up": { "texture": "#bearnut", "uv": [ 9.0, 5.0, 13.0, 9.0 ], "rotation": 180, "autoUv": false },
						"down": { "texture": "#bearnut", "uv": [ 0.0, 0.0, 2.0, 2.0 ], "enabled": false }
					}
				},
				{
					"name": "Cube20",
					"from": [ 0.0, 2.0, 0.5 ], 
					"to": [ 2.0, 2.0, 2.5 ], 
					"rotationOrigin": [ 0.0, 2.0, 0.5 ],
					"rotationX": -50.0,
					"faces": {
						"north": { "texture": "#bearnut", "uv": [ 0.0, 0.0, 2.0, 1.0 ], "enabled": false },
						"east": { "texture": "#bearnut", "uv": [ 0.0, 0.0, 2.0, 1.0 ], "enabled": false },
						"south": { "texture": "#bearnut", "uv": [ 0.0, 0.0, 2.0, 1.0 ], "enabled": false },
						"west": { "texture": "#bearnut", "uv": [ 0.0, 0.0, 2.0, 1.0 ], "enabled": false },
						"up": { "texture": "#bearnut", "uv": [ 6.0, 5.0, 10.0, 9.0 ], "rotation": 180, "autoUv": false },
						"down": { "texture": "#bearnut", "uv": [ 0.0, 0.0, 2.0, 2.0 ], "enabled": false }
					}
				},
				{
					"name": "Cube21",
					"from": [ 0.0, 0.5, 0.5 ], 
					"to": [ 0.0, 2.5, 2.5 ], 
					"rotationOrigin": [ 0.0, 0.0, 0.5 ],
					"rotationY": -50.0,
					"faces": {
						"north": { "texture": "#bearnut", "uv": [ 0.0, 0.0, 1.0, 2.0 ], "enabled": false },
						"east": { "texture": "#bearnut", "uv": [ 9.0, 5.0, 13.0, 9.0 ], "rotation": 270, "autoUv": false },
						"south": { "texture": "#bearnut", "uv": [ 0.0, 0.0, 1.0, 2.0 ], "enabled": false },
						"west": { "texture": "#bearnut", "uv": [ 0.0, 0.0, 2.0, 2.0 ], "enabled": false },
						"up": { "texture": "#bearnut", "uv": [ 0.0, 0.0, 1.0, 2.0 ], "enabled": false },
						"down": { "texture": "#bearnut", "uv": [ 0.0, 0.0, 1.0, 2.0 ], "enabled": false }
					}
				},
				{
					"name": "Cube22",
					"from": [ 2.0, 0.5, 0.5 ], 
					"to": [ 2.0, 2.5, 2.5 ], 
					"rotationOrigin": [ 2.0, 0.0, 0.5 ],
					"rotationY": 50.0,
					"faces": {
						"north": { "texture": "#bearnut", "uv": [ 0.0, 0.0, 1.0, 2.0 ], "enabled": false },
						"east": { "texture": "#bearnut", "uv": [ 10.0, 5.0, 14.0, 9.0 ], "rotation": 270, "autoUv": false },
						"south": { "texture": "#bearnut", "uv": [ 0.0, 0.0, 1.0, 2.0 ], "enabled": false },
						"west": { "texture": "#bearnut", "uv": [ 0.0, 0.0, 2.0, 2.0 ], "enabled": false },
						"up": { "texture": "#bearnut", "uv": [ 0.0, 0.0, 1.0, 2.0 ], "enabled": false },
						"down": { "texture": "#bearnut", "uv": [ 0.0, 0.0, 1.0, 2.0 ], "enabled": false }
					}
				}
			]
		},
		{
			"name": "Cube6",
			"from": [ 6.9, -1.0, 8.1 ], 
			"to": [ 8.9, 1.0, 10.1 ], 
			"rotationOrigin": [ 9.0, -0.2, 8.0 ],
			"rotationY": 35.0,
			"rotationZ": -55.0,
			"faces": {
				"north": { "texture": "#bearnut", "uv": [ 0.0, 6.0, 4.0, 10.0 ], "autoUv": false },
				"east": { "texture": "#bearnut", "uv": [ 6.0, 0.0, 10.0, 4.0 ], "rotation": 270, "autoUv": false },
				"south": { "texture": "#bearnut", "uv": [ 0.0, 0.0, 4.0, 4.0 ], "autoUv": false },
				"west": { "texture": "#bearnut", "uv": [ 6.0, 0.0, 10.0, 4.0 ], "rotation": 90, "autoUv": false },
				"up": { "texture": "#bearnut", "uv": [ 6.0, 0.0, 10.0, 4.0 ], "rotation": 180, "autoUv": false },
				"down": { "texture": "#bearnut", "uv": [ 6.0, 0.0, 10.0, 4.0 ], "rotation": 180, "autoUv": false }
			},
			"children": [
				{
					"name": "Cube9",
					"from": [ 0.0, 0.0, 1.0 ], 
					"to": [ 2.0, 0.0, 3.5 ], 
					"rotationOrigin": [ 0.0, 0.0, 1.0 ],
					"rotationX": 22.0,
					"faces": {
						"north": { "texture": "#bearnut", "uv": [ 0.0, 0.0, 2.0, 1.0 ], "enabled": false },
						"east": { "texture": "#bearnut", "uv": [ 1.0, 0.0, 3.0, 1.0 ], "enabled": false },
						"south": { "texture": "#bearnut", "uv": [ 0.0, 0.0, 2.0, 1.0 ], "enabled": false },
						"west": { "texture": "#bearnut", "uv": [ 0.0, 0.0, 2.0, 1.0 ], "enabled": false },
						"up": { "texture": "#bearnut", "uv": [ 8.0, 5.0, 12.0, 10.0 ], "rotation": 180, "autoUv": false },
						"down": { "texture": "#bearnut", "uv": [ 0.0, 0.0, 2.0, 2.0 ], "enabled": false }
					}
				},
				{
					"name": "Cube10",
					"from": [ 0.0, 2.0, 1.0 ], 
					"to": [ 2.0, 2.0, 3.5 ], 
					"rotationOrigin": [ 0.0, 2.0, 1.0 ],
					"rotationX": -22.0,
					"faces": {
						"north": { "texture": "#bearnut", "uv": [ 0.0, 0.0, 2.0, 1.0 ], "enabled": false },
						"east": { "texture": "#bearnut", "uv": [ 1.0, 0.0, 3.0, 1.0 ], "enabled": false },
						"south": { "texture": "#bearnut", "uv": [ 0.0, 0.0, 2.0, 1.0 ], "enabled": false },
						"west": { "texture": "#bearnut", "uv": [ 0.0, 0.0, 2.0, 1.0 ], "enabled": false },
						"up": { "texture": "#bearnut", "uv": [ 10.0, 5.0, 14.0, 10.0 ], "rotation": 180, "autoUv": false },
						"down": { "texture": "#bearnut", "uv": [ 0.0, 0.0, 2.0, 2.0 ], "enabled": false }
					}
				},
				{
					"name": "Cube13",
					"from": [ 0.0, 0.0, 1.0 ], 
					"to": [ 0.0, 2.0, 3.0 ], 
					"rotationOrigin": [ 0.0, 0.0, 1.0 ],
					"rotationY": -22.0,
					"faces": {
						"north": { "texture": "#bearnut", "uv": [ 0.0, 0.0, 1.0, 2.0 ], "enabled": false },
						"east": { "texture": "#bearnut", "uv": [ 6.0, 5.0, 10.0, 9.0 ], "rotation": 270, "autoUv": false },
						"south": { "texture": "#bearnut", "uv": [ 0.0, 0.0, 1.0, 2.0 ], "enabled": false },
						"west": { "texture": "#bearnut", "uv": [ 1.0, 0.0, 3.0, 2.0 ], "enabled": false },
						"up": { "texture": "#bearnut", "uv": [ 0.0, 0.0, 1.0, 2.0 ], "enabled": false },
						"down": { "texture": "#bearnut", "uv": [ 0.0, 0.0, 1.0, 2.0 ], "enabled": false }
					}
				},
				{
					"name": "Cube14",
					"from": [ 2.0, 0.0, 1.0 ], 
					"to": [ 2.0, 2.0, 3.5 ], 
					"rotationOrigin": [ 2.0, 0.0, 1.0 ],
					"rotationY": 22.0,
					"faces": {
						"north": { "texture": "#bearnut", "uv": [ 0.0, 0.0, 1.0, 2.0 ], "enabled": false },
						"east": { "texture": "#bearnut", "uv": [ 9.0, 5.0, 13.0, 10.0 ], "rotation": 270, "autoUv": false },
						"south": { "texture": "#bearnut", "uv": [ 0.0, 0.0, 1.0, 2.0 ], "enabled": false },
						"west": { "texture": "#bearnut", "uv": [ 1.0, 0.0, 3.0, 2.0 ], "enabled": false },
						"up": { "texture": "#bearnut", "uv": [ 0.0, 0.0, 1.0, 2.0 ], "enabled": false },
						"down": { "texture": "#bearnut", "uv": [ 0.0, 0.0, 1.0, 2.0 ], "enabled": false }
					}
				},
				{
					"name": "Cube23",
					"from": [ 0.5, 0.0, 0.5 ], 
					"to": [ 2.5, 0.0, 2.5 ], 
					"rotationOrigin": [ 0.0, 0.0, 0.5 ],
					"rotationX": 55.0,
					"faces": {
						"north": { "texture": "#bearnut", "uv": [ 0.0, 0.0, 2.0, 1.0 ], "enabled": false },
						"east": { "texture": "#bearnut", "uv": [ 1.0, 0.0, 3.0, 1.0 ], "enabled": false },
						"south": { "texture": "#bearnut", "uv": [ 0.0, 0.0, 2.0, 1.0 ], "enabled": false },
						"west": { "texture": "#bearnut", "uv": [ 0.0, 0.0, 2.0, 1.0 ], "enabled": false },
						"up": { "texture": "#bearnut", "uv": [ 9.0, 5.0, 13.0, 9.0 ], "rotation": 180, "autoUv": false },
						"down": { "texture": "#bearnut", "uv": [ 0.0, 0.0, 2.0, 2.0 ], "enabled": false }
					}
				},
				{
					"name": "Cube24",
					"from": [ 0.5, 2.0, 0.5 ], 
					"to": [ 2.5, 2.0, 2.5 ], 
					"rotationOrigin": [ 0.0, 2.0, 0.5 ],
					"rotationX": -50.0,
					"faces": {
						"north": { "texture": "#bearnut", "uv": [ 0.0, 0.0, 2.0, 1.0 ], "enabled": false },
						"east": { "texture": "#bearnut", "uv": [ 1.0, 0.0, 3.0, 1.0 ], "enabled": false },
						"south": { "texture": "#bearnut", "uv": [ 0.0, 0.0, 2.0, 1.0 ], "enabled": false },
						"west": { "texture": "#bearnut", "uv": [ 0.0, 0.0, 2.0, 1.0 ], "enabled": false },
						"up": { "texture": "#bearnut", "uv": [ 7.0, 5.0, 11.0, 9.0 ], "rotation": 180, "autoUv": false },
						"down": { "texture": "#bearnut", "uv": [ 0.0, 0.0, 2.0, 2.0 ], "enabled": false }
					}
				},
				{
					"name": "Cube25",
					"from": [ 2.0, 0.0, 0.5 ], 
					"to": [ 2.0, 2.0, 2.5 ], 
					"rotationOrigin": [ 2.0, 0.0, 0.5 ],
					"rotationY": 50.0,
					"faces": {
						"north": { "texture": "#bearnut", "uv": [ 0.0, 0.0, 1.0, 2.0 ], "enabled": false },
						"east": { "texture": "#bearnut", "uv": [ 7.0, 5.0, 11.0, 9.0 ], "rotation": 270, "autoUv": false },
						"south": { "texture": "#bearnut", "uv": [ 0.0, 0.0, 1.0, 2.0 ], "enabled": false },
						"west": { "texture": "#bearnut", "uv": [ 1.0, 0.0, 3.0, 2.0 ], "enabled": false },
						"up": { "texture": "#bearnut", "uv": [ 0.0, 0.0, 1.0, 2.0 ], "enabled": false },
						"down": { "texture": "#bearnut", "uv": [ 0.0, 0.0, 1.0, 2.0 ], "enabled": false }
					}
				}
			]
		},
		{
			"name": "Cube12",
			"from": [ 7.1, -1.0, 8.1 ], 
			"to": [ 9.1, 1.0, 10.1 ], 
			"rotationOrigin": [ 7.0, -0.2, 8.0 ],
			"rotationY": -35.0,
			"rotationZ": 55.0,
			"faces": {
				"north": { "texture": "#bearnut", "uv": [ 0.0, 6.0, 4.0, 10.0 ], "autoUv": false },
				"east": { "texture": "#bearnut", "uv": [ 6.0, 0.0, 10.0, 4.0 ], "rotation": 270, "autoUv": false },
				"south": { "texture": "#bearnut", "uv": [ 0.0, 0.0, 4.0, 4.0 ], "autoUv": false },
				"west": { "texture": "#bearnut", "uv": [ 6.0, 0.0, 10.0, 4.0 ], "rotation": 90, "autoUv": false },
				"up": { "texture": "#bearnut", "uv": [ 6.0, 0.0, 10.0, 4.0 ], "rotation": 180, "autoUv": false },
				"down": { "texture": "#bearnut", "uv": [ 6.0, 0.0, 10.0, 4.0 ], "rotation": 180, "autoUv": false }
			},
			"children": [
				{
					"name": "Cube15",
					"from": [ 0.0, 0.0, 1.0 ], 
					"to": [ 2.0, 0.0, 3.5 ], 
					"rotationOrigin": [ 0.0, 0.0, 1.0 ],
					"rotationX": 22.0,
					"faces": {
						"north": { "texture": "#bearnut", "uv": [ 0.0, 0.0, 2.0, 1.0 ], "enabled": false },
						"east": { "texture": "#bearnut", "uv": [ 0.0, 0.0, 2.0, 1.0 ], "enabled": false },
						"south": { "texture": "#bearnut", "uv": [ 0.0, 0.0, 2.0, 1.0 ], "enabled": false },
						"west": { "texture": "#bearnut", "uv": [ 0.0, 0.0, 2.0, 1.0 ], "enabled": false },
						"up": { "texture": "#bearnut", "uv": [ 7.0, 5.0, 11.0, 10.0 ], "rotation": 180, "autoUv": false },
						"down": { "texture": "#bearnut", "uv": [ 0.0, 0.0, 2.0, 2.0 ], "enabled": false }
					}
				},
				{
					"name": "Cube16",
					"from": [ 0.0, 2.0, 1.0 ], 
					"to": [ 2.0, 2.0, 3.5 ], 
					"rotationOrigin": [ 0.0, 2.0, 1.0 ],
					"rotationX": -22.0,
					"faces": {
						"north": { "texture": "#bearnut", "uv": [ 0.0, 0.0, 2.0, 1.0 ], "enabled": false },
						"east": { "texture": "#bearnut", "uv": [ 0.0, 0.0, 2.0, 1.0 ], "enabled": false },
						"south": { "texture": "#bearnut", "uv": [ 0.0, 0.0, 2.0, 1.0 ], "enabled": false },
						"west": { "texture": "#bearnut", "uv": [ 0.0, 0.0, 2.0, 1.0 ], "enabled": false },
						"up": { "texture": "#bearnut", "uv": [ 8.0, 5.0, 12.0, 10.0 ], "rotation": 180, "autoUv": false },
						"down": { "texture": "#bearnut", "uv": [ 0.0, 0.0, 2.0, 2.0 ], "enabled": false }
					}
				},
				{
					"name": "Cube17",
					"from": [ 2.0, 0.0, 1.0 ], 
					"to": [ 2.0, 2.0, 3.0 ], 
					"rotationOrigin": [ 2.0, 0.0, 1.0 ],
					"rotationY": 22.0,
					"faces": {
						"north": { "texture": "#bearnut", "uv": [ 0.0, 0.0, 1.0, 2.0 ], "enabled": false },
						"east": { "texture": "#bearnut", "uv": [ 6.0, 6.0, 10.0, 10.0 ], "rotation": 270, "autoUv": false },
						"south": { "texture": "#bearnut", "uv": [ 0.0, 0.0, 1.0, 2.0 ], "enabled": false },
						"west": { "texture": "#bearnut", "uv": [ 0.0, 0.0, 2.0, 2.0 ], "enabled": false },
						"up": { "texture": "#bearnut", "uv": [ 0.0, 0.0, 1.0, 2.0 ], "enabled": false },
						"down": { "texture": "#bearnut", "uv": [ 0.0, 0.0, 1.0, 2.0 ], "enabled": false }
					}
				},
				{
					"name": "Cube18",
					"from": [ 0.0, 0.0, 1.0 ], 
					"to": [ 0.0, 2.0, 3.0 ], 
					"rotationOrigin": [ 0.0, 0.0, 1.0 ],
					"rotationY": -22.0,
					"faces": {
						"north": { "texture": "#bearnut", "uv": [ 0.0, 0.0, 1.0, 2.0 ], "enabled": false },
						"east": { "texture": "#bearnut", "uv": [ 9.0, 5.0, 13.0, 9.0 ], "rotation": 270, "autoUv": false },
						"south": { "texture": "#bearnut", "uv": [ 0.0, 0.0, 1.0, 2.0 ], "enabled": false },
						"west": { "texture": "#bearnut", "uv": [ 0.0, 0.0, 2.0, 2.0 ], "enabled": false },
						"up": { "texture": "#bearnut", "uv": [ 0.0, 0.0, 1.0, 2.0 ], "enabled": false },
						"down": { "texture": "#bearnut", "uv": [ 0.0, 0.0, 1.0, 2.0 ], "enabled": false }
					}
				},
				{
					"name": "Cube26",
					"from": [ -0.5, 2.0, 0.5 ], 
					"to": [ 1.5, 2.0, 2.5 ], 
					"rotationOrigin": [ 0.0, 2.0, 0.5 ],
					"rotationX": -50.0,
					"faces": {
						"north": { "texture": "#bearnut", "uv": [ 0.0, 0.0, 2.0, 1.0 ], "enabled": false },
						"east": { "texture": "#bearnut", "uv": [ 0.0, 0.0, 2.0, 1.0 ], "enabled": false },
						"south": { "texture": "#bearnut", "uv": [ 0.0, 0.0, 2.0, 1.0 ], "enabled": false },
						"west": { "texture": "#bearnut", "uv": [ 0.0, 0.0, 2.0, 1.0 ], "enabled": false },
						"up": { "texture": "#bearnut", "uv": [ 9.0, 5.0, 13.0, 9.0 ], "rotation": 180, "autoUv": false },
						"down": { "texture": "#bearnut", "uv": [ 0.0, 0.0, 2.0, 2.0 ], "enabled": false }
					}
				},
				{
					"name": "Cube27",
					"from": [ 0.0, 0.0, 0.5 ], 
					"to": [ 0.0, 2.0, 2.5 ], 
					"rotationOrigin": [ 0.0, 0.0, 0.5 ],
					"rotationY": -50.0,
					"faces": {
						"north": { "texture": "#bearnut", "uv": [ 0.0, 0.0, 1.0, 2.0 ], "enabled": false },
						"east": { "texture": "#bearnut", "uv": [ 6.0, 5.0, 10.0, 9.0 ], "rotation": 270, "autoUv": false },
						"south": { "texture": "#bearnut", "uv": [ 0.0, 0.0, 1.0, 2.0 ], "enabled": false },
						"west": { "texture": "#bearnut", "uv": [ 0.0, 0.0, 2.0, 2.0 ], "enabled": false },
						"up": { "texture": "#bearnut", "uv": [ 0.0, 0.0, 1.0, 2.0 ], "enabled": false },
						"down": { "texture": "#bearnut", "uv": [ 0.0, 0.0, 1.0, 2.0 ], "enabled": false }
					}
				}
			]
		}
	]}