{
	"editor": {
		"allAngles": false,
		"entityTextureMode": false
	},
	"textureWidth": 16,
	"textureHeight": 16,
	"textureSizes": {
	},
	"textures": {
		"beech": "item/resource/seeds/beech"
	},
	"elements": [
		{
			"name": "Base",
			"from": [ 7.0, 0.0, 7.0 ], 
			"to": [ 9.5, 1.0, 9.5 ], 
			"rotationOrigin": [ 7.0, 0.0, 7.0 ],
			"faces": {
				"north": { "texture": "#beech", "uv": [ 0.0, 12.0, 5.0, 14.0 ], "autoUv": false },
				"east": { "texture": "#beech", "uv": [ 0.0, 1.0, 5.0, 3.0 ], "autoUv": false },
				"south": { "texture": "#beech", "uv": [ 0.0, 3.0, 5.0, 5.0 ], "autoUv": false },
				"west": { "texture": "#beech", "uv": [ 0.0, 6.0, 5.0, 8.0 ], "autoUv": false },
				"up": { "texture": "#beech", "uv": [ 0.0, 9.0, 5.0, 14.0 ], "enabled": false, "autoUv": false },
				"down": { "texture": "#beech", "uv": [ 0.0, 9.0, 5.0, 14.0 ], "autoUv": false }
			},
			"children": [
				{
					"name": "Leaflets",
					"from": [ 1.25, 1.0, 1.25 ], 
					"to": [ 1.25, 1.0, 1.25 ], 
					"rotationOrigin": [ 1.25, 1.0, 1.25 ],
					"faces": {
						"north": { "texture": "#beech", "uv": [ 0.0, 0.0, 1.0, 1.0 ] },
						"east": { "texture": "#beech", "uv": [ 0.0, 0.0, 1.0, 1.0 ] },
						"south": { "texture": "#beech", "uv": [ 0.0, 0.0, 1.0, 1.0 ] },
						"west": { "texture": "#beech", "uv": [ 0.0, 0.0, 1.0, 1.0 ] },
						"up": { "texture": "#beech", "uv": [ 0.0, 0.0, 1.0, 1.0 ] },
						"down": { "texture": "#beech", "uv": [ 0.0, 0.0, 1.0, 1.0 ] }
					},
					"children": [
						{
							"name": "Leaflet1",
							"from": [ -1.26, 0.0, -1.25 ], 
							"to": [ 1.24, 2.0, -0.75 ], 
							"rotationOrigin": [ 0.0, 0.0, -0.75 ],
							"rotationX": -22.0,
							"faces": {
								"north": { "texture": "#beech", "uv": [ 0.0, 4.0, 5.0, 8.0 ], "autoUv": false },
								"east": { "texture": "#beech", "uv": [ 0.0, 0.0, 1.0, 4.0 ], "autoUv": false },
								"south": { "texture": "#beech", "uv": [ 0.0, 0.0, 5.0, 4.0 ], "autoUv": false },
								"west": { "texture": "#beech", "uv": [ 2.0, 0.0, 3.0, 4.0 ], "autoUv": false },
								"up": { "texture": "#beech", "uv": [ 0.0, 5.0, 5.0, 6.0 ], "autoUv": false },
								"down": { "texture": "#beech", "uv": [ 0.0, 2.0, 5.0, 3.0 ], "enabled": false, "autoUv": false }
							},
							"children": [
								{
									"name": "Cube3",
									"from": [ 0.0, 2.0, 0.25 ], 
									"to": [ 2.5, 3.0, 0.25 ], 
									"rotationOrigin": [ 0.5, 2.0, 0.25 ],
									"rotationX": -22.5,
									"faces": {
										"north": { "texture": "#beech", "uv": [ 2.0, 4.0, 5.0, 5.0 ], "enabled": false, "autoUv": false },
										"east": { "texture": "#beech", "uv": [ 0.0, 0.0, 1.0, 1.0 ], "enabled": false },
										"south": { "texture": "#beech", "uv": [ 6.0, 9.0, 11.0, 11.0 ], "autoUv": false },
										"west": { "texture": "#beech", "uv": [ 0.0, 0.0, 1.0, 1.0 ], "enabled": false },
										"up": { "texture": "#beech", "uv": [ 0.0, 0.0, 2.0, 1.0 ], "enabled": false },
										"down": { "texture": "#beech", "uv": [ 0.0, 0.0, 2.0, 1.0 ], "enabled": false }
									}
								}
							]
						},
						{
							"name": "Leaflet3",
							"from": [ -1.26, 0.0, 0.25 ], 
							"to": [ 1.24, 2.0, 0.75 ], 
							"rotationOrigin": [ 0.0, 0.0, 0.75 ],
							"rotationX": -158.0,
							"rotationZ": -180.0,
							"faces": {
								"north": { "texture": "#beech", "uv": [ 0.0, 1.0, 5.0, 5.0 ], "autoUv": false },
								"east": { "texture": "#beech", "uv": [ 0.0, 0.0, 1.0, 4.0 ], "autoUv": false },
								"south": { "texture": "#beech", "uv": [ 0.0, 0.0, 5.0, 4.0 ], "autoUv": false },
								"west": { "texture": "#beech", "uv": [ 2.0, 0.0, 3.0, 4.0 ], "autoUv": false },
								"up": { "texture": "#beech", "uv": [ 0.0, 5.0, 5.0, 6.0 ], "autoUv": false },
								"down": { "texture": "#beech", "uv": [ 0.0, 2.0, 5.0, 3.0 ], "enabled": false, "autoUv": false }
							},
							"children": [
								{
									"name": "Cube8",
									"from": [ 0.0, 2.0, 0.25 ], 
									"to": [ 2.5, 3.0, 0.25 ], 
									"rotationOrigin": [ 0.5, 2.0, 0.25 ],
									"rotationX": -22.5,
									"faces": {
										"north": { "texture": "#beech", "uv": [ 2.0, 4.0, 5.0, 5.0 ], "enabled": false, "autoUv": false },
										"east": { "texture": "#beech", "uv": [ 0.0, 0.0, 1.0, 1.0 ], "enabled": false },
										"south": { "texture": "#beech", "uv": [ 6.0, 9.0, 11.0, 11.0 ], "autoUv": false },
										"west": { "texture": "#beech", "uv": [ 0.0, 0.0, 1.0, 1.0 ], "enabled": false },
										"up": { "texture": "#beech", "uv": [ 0.0, 0.0, 2.0, 1.0 ], "enabled": false },
										"down": { "texture": "#beech", "uv": [ 0.0, 0.0, 2.0, 1.0 ], "enabled": false }
									}
								}
							]
						},
						{
							"name": "Leaflet2",
							"from": [ -2.01, 0.0, -0.5 ], 
							"to": [ 0.49, 2.0, 0.0 ], 
							"rotationOrigin": [ -0.75, 0.0, 0.0 ],
							"rotationX": -90.0,
							"rotationY": 68.0,
							"rotationZ": 90.0,
							"faces": {
								"north": { "texture": "#beech", "uv": [ 0.0, 4.0, 5.0, 8.0 ], "autoUv": false },
								"east": { "texture": "#beech", "uv": [ 0.0, 0.0, 1.0, 4.0 ], "autoUv": false },
								"south": { "texture": "#beech", "uv": [ 0.0, 0.0, 5.0, 4.0 ], "autoUv": false },
								"west": { "texture": "#beech", "uv": [ 2.0, 0.0, 3.0, 4.0 ], "autoUv": false },
								"up": { "texture": "#beech", "uv": [ 0.0, 5.0, 5.0, 6.0 ], "autoUv": false },
								"down": { "texture": "#beech", "uv": [ 0.0, 2.0, 5.0, 3.0 ], "enabled": false, "autoUv": false }
							},
							"children": [
								{
									"name": "Cube14",
									"from": [ 0.0, 2.0, 0.25 ], 
									"to": [ 2.5, 3.0, 0.25 ], 
									"rotationOrigin": [ 0.5, 2.0, 0.25 ],
									"rotationX": -22.5,
									"faces": {
										"north": { "texture": "#beech", "uv": [ 2.0, 4.0, 5.0, 5.0 ], "enabled": false, "autoUv": false },
										"east": { "texture": "#beech", "uv": [ 0.0, 0.0, 1.0, 1.0 ], "enabled": false },
										"south": { "texture": "#beech", "uv": [ 6.0, 12.0, 11.0, 14.0 ], "autoUv": false },
										"west": { "texture": "#beech", "uv": [ 0.0, 0.0, 1.0, 1.0 ], "enabled": false },
										"up": { "texture": "#beech", "uv": [ 0.0, 0.0, 2.0, 1.0 ], "enabled": false },
										"down": { "texture": "#beech", "uv": [ 0.0, 0.0, 2.0, 1.0 ], "enabled": false }
									}
								}
							]
						},
						{
							"name": "Leaflet4",
							"from": [ -0.51, 0.0, -0.5 ], 
							"to": [ 1.99, 2.0, 0.0 ], 
							"rotationOrigin": [ 0.75, 0.0, 0.0 ],
							"rotationX": -90.0,
							"rotationY": -68.0,
							"rotationZ": -90.0,
							"faces": {
								"north": { "texture": "#beech", "uv": [ 0.0, 4.0, 5.0, 8.0 ], "autoUv": false },
								"east": { "texture": "#beech", "uv": [ 0.0, 0.0, 1.0, 4.0 ], "autoUv": false },
								"south": { "texture": "#beech", "uv": [ 0.0, 0.0, 5.0, 4.0 ], "autoUv": false },
								"west": { "texture": "#beech", "uv": [ 2.0, 0.0, 3.0, 4.0 ], "autoUv": false },
								"up": { "texture": "#beech", "uv": [ 0.0, 5.0, 5.0, 6.0 ], "autoUv": false },
								"down": { "texture": "#beech", "uv": [ 0.0, 2.0, 5.0, 3.0 ], "enabled": false, "autoUv": false }
							},
							"children": [
								{
									"name": "Cube17",
									"from": [ 0.0, 2.0, 0.25 ], 
									"to": [ 2.5, 3.0, 0.25 ], 
									"rotationOrigin": [ 0.5, 2.0, 0.25 ],
									"rotationX": -22.5,
									"faces": {
										"north": { "texture": "#beech", "uv": [ 2.0, 4.0, 5.0, 5.0 ], "enabled": false, "autoUv": false },
										"east": { "texture": "#beech", "uv": [ 0.0, 0.0, 1.0, 1.0 ], "enabled": false },
										"south": { "texture": "#beech", "uv": [ 6.0, 12.0, 11.0, 14.0 ], "autoUv": false },
										"west": { "texture": "#beech", "uv": [ 0.0, 0.0, 1.0, 1.0 ], "enabled": false },
										"up": { "texture": "#beech", "uv": [ 0.0, 0.0, 2.0, 1.0 ], "enabled": false },
										"down": { "texture": "#beech", "uv": [ 0.0, 0.0, 2.0, 1.0 ], "enabled": false }
									}
								}
							]
						}
					]
				},
				{
					"name": "Seed",
					"from": [ 0.25, 1.0, 0.25 ], 
					"to": [ 2.25, 3.0, 2.25 ], 
					"rotationOrigin": [ 1.2, 1.0, 1.0 ],
					"faces": {
						"north": { "texture": "#beech", "uv": [ 6.0, 0.0, 10.0, 4.0 ], "autoUv": false },
						"east": { "texture": "#beech", "uv": [ 6.0, 2.0, 10.0, 6.0 ], "autoUv": false },
						"south": { "texture": "#beech", "uv": [ 6.0, 0.0, 10.0, 4.0 ], "rotation": 180, "autoUv": false },
						"west": { "texture": "#beech", "uv": [ 6.0, 2.0, 10.0, 6.0 ], "rotation": 270, "autoUv": false },
						"up": { "texture": "#beech", "uv": [ 6.0, 1.0, 10.0, 5.0 ], "rotation": 180, "autoUv": false },
						"down": { "texture": "#beech", "uv": [ 0.0, 0.0, 2.0, 2.0 ], "enabled": false }
					},
					"children": [
						{
							"name": "Cube1",
							"from": [ 0.25, 2.0, 0.25 ], 
							"to": [ 1.75, 2.5, 1.75 ], 
							"rotationOrigin": [ 0.3, 2.0, 0.2 ],
							"faces": {
								"north": { "texture": "#beech", "uv": [ 7.0, 2.0, 10.0, 3.0 ], "autoUv": false },
								"east": { "texture": "#beech", "uv": [ 11.0, 0.0, 14.0, 1.0 ], "autoUv": false },
								"south": { "texture": "#beech", "uv": [ 11.0, 1.0, 14.0, 2.0 ], "autoUv": false },
								"west": { "texture": "#beech", "uv": [ 11.0, 0.0, 14.0, 1.0 ], "autoUv": false },
								"up": { "texture": "#beech", "uv": [ 11.0, 0.0, 14.0, 3.0 ], "autoUv": false },
								"down": { "texture": "#beech", "uv": [ 0.0, 0.0, 1.0, 1.0 ], "enabled": false }
							}
						}
					]
				}
			]
		}
	]}