{
	"editor": {
		"allAngles": false,
		"entityTextureMode": false
	},
	"textureWidth": 16,
	"textureHeight": 16,
	"textureSizes": {
	},
	"textures": {
		"empresstree": "item/resource/seeds/empresstree"
	},
	"elements": [
		{
			"name": "Cube1",
			"from": [ 5.0, 0.5, 7.0 ], 
			"to": [ 7.0, 3.0, 9.0 ], 
			"rotationOrigin": [ 5.0, 0.0, 7.0 ],
			"rotationY": 18.0,
			"rotationZ": -22.5,
			"faces": {
				"north": { "texture": "#empresstree", "uv": [ 12.0, 7.0, 16.0, 12.0 ], "autoUv": false },
				"east": { "texture": "#empresstree", "uv": [ 11.0, 7.0, 15.0, 12.0 ], "autoUv": false },
				"south": { "texture": "#empresstree", "uv": [ 11.0, 8.0, 15.0, 13.0 ], "autoUv": false },
				"west": { "texture": "#empresstree", "uv": [ 12.0, 8.0, 16.0, 13.0 ], "autoUv": false },
				"up": { "texture": "#empresstree", "uv": [ 12.0, 8.0, 16.0, 12.0 ], "autoUv": false },
				"down": { "texture": "#empresstree", "uv": [ 11.0, 9.0, 15.0, 13.0 ], "autoUv": false }
			},
			"children": [
				{
					"name": "Cube2",
					"from": [ 0.25, -0.5, 0.25 ], 
					"to": [ 1.75, 0.0, 1.75 ], 
					"rotationOrigin": [ 0.0, -1.0, 0.0 ],
					"faces": {
						"north": { "texture": "#empresstree", "uv": [ 11.0, 10.0, 14.0, 11.0 ], "autoUv": false },
						"east": { "texture": "#empresstree", "uv": [ 13.0, 8.0, 16.0, 9.0 ], "autoUv": false },
						"south": { "texture": "#empresstree", "uv": [ 11.0, 11.0, 14.0, 12.0 ], "autoUv": false },
						"west": { "texture": "#empresstree", "uv": [ 12.0, 8.0, 15.0, 9.0 ], "autoUv": false },
						"up": { "texture": "#empresstree", "uv": [ 0.0, 0.0, 1.0, 1.0 ], "enabled": false },
						"down": { "texture": "#empresstree", "uv": [ 11.0, 8.0, 14.0, 11.0 ], "autoUv": false }
					}
				},
				{
					"name": "Cube3",
					"from": [ -1.1, 2.5, 0.5 ], 
					"to": [ 0.9, 3.0, 1.5 ], 
					"rotationOrigin": [ 0.9, 3.0, 0.5 ],
					"rotationZ": 22.5,
					"faces": {
						"north": { "texture": "#empresstree", "uv": [ 11.0, 0.0, 15.0, 1.0 ], "autoUv": false },
						"east": { "texture": "#empresstree", "uv": [ 0.0, 0.0, 1.0, 1.0 ], "enabled": false },
						"south": { "texture": "#empresstree", "uv": [ 11.0, 4.0, 15.0, 5.0 ], "autoUv": false },
						"west": { "texture": "#empresstree", "uv": [ 12.0, 3.0, 14.0, 4.0 ], "autoUv": false },
						"up": { "texture": "#empresstree", "uv": [ 12.0, 2.0, 16.0, 4.0 ], "autoUv": false },
						"down": { "texture": "#empresstree", "uv": [ 11.0, 3.0, 15.0, 5.0 ], "autoUv": false }
					}
				},
				{
					"name": "Cube4",
					"from": [ 1.1, 2.5, 0.5 ], 
					"to": [ 3.1, 3.0, 1.5 ], 
					"rotationOrigin": [ 1.1, 3.0, 0.5 ],
					"rotationZ": -22.5,
					"faces": {
						"north": { "texture": "#empresstree", "uv": [ 12.0, 4.0, 16.0, 5.0 ], "autoUv": false },
						"east": { "texture": "#empresstree", "uv": [ 13.0, 3.0, 15.0, 4.0 ], "autoUv": false },
						"south": { "texture": "#empresstree", "uv": [ 12.0, 2.0, 16.0, 3.0 ], "autoUv": false },
						"west": { "texture": "#empresstree", "uv": [ 12.0, 2.0, 13.0, 3.0 ], "enabled": false },
						"up": { "texture": "#empresstree", "uv": [ 12.0, 2.0, 16.0, 4.0 ], "autoUv": false },
						"down": { "texture": "#empresstree", "uv": [ 11.0, 3.0, 15.0, 5.0 ], "autoUv": false }
					}
				},
				{
					"name": "Cube5",
					"from": [ 0.5, 2.5, 1.1 ], 
					"to": [ 1.5, 3.0, 3.1 ], 
					"rotationOrigin": [ 0.5, 3.0, 1.1 ],
					"rotationX": 22.5,
					"faces": {
						"north": { "texture": "#empresstree", "uv": [ 0.0, 0.0, 1.0, 1.0 ], "enabled": false },
						"east": { "texture": "#empresstree", "uv": [ 11.0, 4.0, 15.0, 5.0 ], "autoUv": false },
						"south": { "texture": "#empresstree", "uv": [ 13.0, 3.0, 15.0, 4.0 ], "autoUv": false },
						"west": { "texture": "#empresstree", "uv": [ 12.0, 1.0, 16.0, 2.0 ], "autoUv": false },
						"up": { "texture": "#empresstree", "uv": [ 12.0, 0.0, 14.0, 4.0 ], "autoUv": false },
						"down": { "texture": "#empresstree", "uv": [ 11.0, 1.0, 13.0, 5.0 ], "autoUv": false }
					}
				},
				{
					"name": "Cube6",
					"from": [ 0.5, 2.5, -1.1 ], 
					"to": [ 1.5, 3.0, 0.9 ], 
					"rotationOrigin": [ 0.5, 3.0, 0.9 ],
					"rotationX": -22.5,
					"faces": {
						"north": { "texture": "#empresstree", "uv": [ 11.0, 2.0, 13.0, 3.0 ], "autoUv": false },
						"east": { "texture": "#empresstree", "uv": [ 11.0, 5.0, 15.0, 6.0 ], "autoUv": false },
						"south": { "texture": "#empresstree", "uv": [ 11.0, 3.0, 12.0, 4.0 ], "enabled": false },
						"west": { "texture": "#empresstree", "uv": [ 11.0, 2.0, 15.0, 3.0 ], "autoUv": false },
						"up": { "texture": "#empresstree", "uv": [ 13.0, 1.0, 15.0, 5.0 ], "autoUv": false },
						"down": { "texture": "#empresstree", "uv": [ 12.0, 2.0, 14.0, 6.0 ], "autoUv": false }
					}
				},
				{
					"name": "Cube7",
					"from": [ 0.45, 2.5, 0.45 ], 
					"to": [ 1.55, 3.05, 1.55 ], 
					"rotationOrigin": [ 0.0, 2.0, 0.0 ],
					"faces": {
						"north": { "texture": "#empresstree", "uv": [ 13.0, 3.0, 15.0, 4.0 ], "autoUv": false },
						"east": { "texture": "#empresstree", "uv": [ 13.0, 1.0, 15.0, 2.0 ], "autoUv": false },
						"south": { "texture": "#empresstree", "uv": [ 14.0, 3.0, 16.0, 4.0 ], "autoUv": false },
						"west": { "texture": "#empresstree", "uv": [ 12.0, 4.0, 14.0, 5.0 ], "autoUv": false },
						"up": { "texture": "#empresstree", "uv": [ 13.0, 3.0, 15.0, 5.0 ], "autoUv": false },
						"down": { "texture": "#empresstree", "uv": [ 0.0, 0.0, 1.0, 1.0 ], "enabled": false }
					}
				},
				{
					"name": "Cube15",
					"from": [ 0.75, 3.0, 0.75 ], 
					"to": [ 1.25, 6.0, 1.25 ], 
					"rotationOrigin": [ 0.75, 3.0, 0.75 ],
					"rotationX": 10.0,
					"rotationY": 4.0,
					"rotationZ": -9.0,
					"faces": {
						"north": { "texture": "#empresstree", "uv": [ 1.0, 3.0, 2.0, 9.0 ], "autoUv": false },
						"east": { "texture": "#empresstree", "uv": [ 0.0, 0.0, 1.0, 6.0 ], "autoUv": false },
						"south": { "texture": "#empresstree", "uv": [ 1.0, 5.0, 2.0, 11.0 ], "autoUv": false },
						"west": { "texture": "#empresstree", "uv": [ 1.0, 2.0, 2.0, 8.0 ], "autoUv": false },
						"up": { "texture": "#empresstree", "uv": [ 0.0, 0.0, 1.0, 1.0 ] },
						"down": { "texture": "#empresstree", "uv": [ 0.0, 0.0, 1.0, 1.0 ], "enabled": false }
					}
				}
			]
		},
		{
			"name": "Cube8",
			"from": [ 11.0, 0.5, 8.0 ], 
			"to": [ 13.0, 3.0, 10.0 ], 
			"rotationOrigin": [ 11.0, 0.0, 8.0 ],
			"rotationY": -67.5,
			"rotationZ": 22.5,
			"faces": {
				"north": { "texture": "#empresstree", "uv": [ 12.0, 7.0, 16.0, 12.0 ], "autoUv": false },
				"east": { "texture": "#empresstree", "uv": [ 11.0, 7.0, 15.0, 12.0 ], "autoUv": false },
				"south": { "texture": "#empresstree", "uv": [ 12.0, 8.0, 16.0, 13.0 ], "autoUv": false },
				"west": { "texture": "#empresstree", "uv": [ 11.0, 8.0, 15.0, 13.0 ], "autoUv": false },
				"up": { "texture": "#empresstree", "uv": [ 12.0, 7.0, 16.0, 11.0 ], "autoUv": false },
				"down": { "texture": "#empresstree", "uv": [ 12.0, 9.0, 16.0, 13.0 ], "autoUv": false }
			},
			"children": [
				{
					"name": "Cube9",
					"from": [ 0.25, -0.5, 0.25 ], 
					"to": [ 1.75, 0.0, 1.75 ], 
					"rotationOrigin": [ 0.0, -1.0, 0.0 ],
					"faces": {
						"north": { "texture": "#empresstree", "uv": [ 13.0, 11.0, 16.0, 12.0 ], "autoUv": false },
						"east": { "texture": "#empresstree", "uv": [ 12.0, 8.0, 15.0, 9.0 ], "autoUv": false },
						"south": { "texture": "#empresstree", "uv": [ 11.0, 7.0, 14.0, 8.0 ], "autoUv": false },
						"west": { "texture": "#empresstree", "uv": [ 12.0, 11.0, 15.0, 12.0 ], "autoUv": false },
						"up": { "texture": "#empresstree", "uv": [ 0.0, 0.0, 1.0, 1.0 ], "enabled": false },
						"down": { "texture": "#empresstree", "uv": [ 12.0, 9.0, 15.0, 12.0 ], "autoUv": false }
					}
				},
				{
					"name": "Cube10",
					"from": [ -1.1, 2.5, 0.5 ], 
					"to": [ 0.9, 3.0, 1.5 ], 
					"rotationOrigin": [ 0.9, 3.0, 0.5 ],
					"rotationZ": 22.5,
					"faces": {
						"north": { "texture": "#empresstree", "uv": [ 11.0, 4.0, 15.0, 5.0 ], "autoUv": false },
						"east": { "texture": "#empresstree", "uv": [ 0.0, 0.0, 1.0, 1.0 ], "enabled": false },
						"south": { "texture": "#empresstree", "uv": [ 11.0, 2.0, 15.0, 3.0 ], "autoUv": false },
						"west": { "texture": "#empresstree", "uv": [ 12.0, 3.0, 14.0, 4.0 ], "autoUv": false },
						"up": { "texture": "#empresstree", "uv": [ 11.0, 0.0, 15.0, 2.0 ], "autoUv": false },
						"down": { "texture": "#empresstree", "uv": [ 11.0, 3.0, 15.0, 5.0 ], "autoUv": false }
					}
				},
				{
					"name": "Cube11",
					"from": [ 1.1, 2.5, 0.5 ], 
					"to": [ 3.1, 3.0, 1.5 ], 
					"rotationOrigin": [ 1.1, 3.0, 0.5 ],
					"rotationZ": -22.5,
					"faces": {
						"north": { "texture": "#empresstree", "uv": [ 12.0, 3.0, 16.0, 4.0 ], "autoUv": false },
						"east": { "texture": "#empresstree", "uv": [ 12.0, 3.0, 14.0, 4.0 ], "autoUv": false },
						"south": { "texture": "#empresstree", "uv": [ 12.0, 1.0, 16.0, 2.0 ], "autoUv": false },
						"west": { "texture": "#empresstree", "uv": [ 12.0, 3.0, 14.0, 4.0 ], "enabled": false, "autoUv": false },
						"up": { "texture": "#empresstree", "uv": [ 12.0, 3.0, 16.0, 5.0 ], "autoUv": false },
						"down": { "texture": "#empresstree", "uv": [ 11.0, 2.0, 15.0, 4.0 ], "autoUv": false }
					}
				},
				{
					"name": "Cube12",
					"from": [ 0.5, 2.5, 1.1 ], 
					"to": [ 1.5, 3.0, 3.1 ], 
					"rotationOrigin": [ 0.5, 3.0, 1.1 ],
					"rotationX": 22.5,
					"faces": {
						"north": { "texture": "#empresstree", "uv": [ 0.0, 0.0, 1.0, 1.0 ], "enabled": false },
						"east": { "texture": "#empresstree", "uv": [ 11.0, 1.0, 15.0, 2.0 ], "autoUv": false },
						"south": { "texture": "#empresstree", "uv": [ 13.0, 2.0, 15.0, 3.0 ], "autoUv": false },
						"west": { "texture": "#empresstree", "uv": [ 11.0, 2.0, 15.0, 3.0 ], "autoUv": false },
						"up": { "texture": "#empresstree", "uv": [ 12.0, 0.0, 14.0, 4.0 ], "autoUv": false },
						"down": { "texture": "#empresstree", "uv": [ 14.0, 2.0, 16.0, 6.0 ], "autoUv": false }
					}
				},
				{
					"name": "Cube13",
					"from": [ 0.5, 2.5, -1.1 ], 
					"to": [ 1.5, 3.0, 0.9 ], 
					"rotationOrigin": [ 0.5, 3.0, 0.9 ],
					"rotationX": -22.5,
					"faces": {
						"north": { "texture": "#empresstree", "uv": [ 13.0, 5.0, 15.0, 6.0 ], "autoUv": false },
						"east": { "texture": "#empresstree", "uv": [ 12.0, 4.0, 16.0, 5.0 ], "autoUv": false },
						"south": { "texture": "#empresstree", "uv": [ 0.0, 0.0, 1.0, 1.0 ], "enabled": false },
						"west": { "texture": "#empresstree", "uv": [ 11.0, 0.0, 15.0, 1.0 ], "autoUv": false },
						"up": { "texture": "#empresstree", "uv": [ 12.0, 0.0, 14.0, 4.0 ], "autoUv": false },
						"down": { "texture": "#empresstree", "uv": [ 13.0, 2.0, 15.0, 6.0 ], "autoUv": false }
					}
				},
				{
					"name": "Cube14",
					"from": [ 0.45, 2.5, 0.45 ], 
					"to": [ 1.55, 3.05, 1.55 ], 
					"rotationOrigin": [ 0.0, 2.0, 0.0 ],
					"faces": {
						"north": { "texture": "#empresstree", "uv": [ 12.0, 2.0, 14.0, 3.0 ], "autoUv": false },
						"east": { "texture": "#empresstree", "uv": [ 12.0, 2.0, 14.0, 3.0 ], "autoUv": false },
						"south": { "texture": "#empresstree", "uv": [ 12.0, 4.0, 14.0, 5.0 ], "autoUv": false },
						"west": { "texture": "#empresstree", "uv": [ 12.0, 5.0, 14.0, 6.0 ], "autoUv": false },
						"up": { "texture": "#empresstree", "uv": [ 13.0, 4.0, 15.0, 6.0 ], "autoUv": false },
						"down": { "texture": "#empresstree", "uv": [ 0.0, 0.0, 1.0, 1.0 ], "enabled": false }
					}
				},
				{
					"name": "Cube16",
					"from": [ 0.75, 3.0, 0.75 ], 
					"to": [ 1.25, 5.0, 1.25 ], 
					"rotationOrigin": [ 1.25, 3.0, 0.75 ],
					"rotationX": 24.0,
					"rotationY": -4.0,
					"rotationZ": 15.0,
					"faces": {
						"north": { "texture": "#empresstree", "uv": [ 1.0, 6.0, 2.0, 10.0 ], "autoUv": false },
						"east": { "texture": "#empresstree", "uv": [ 1.0, 4.0, 2.0, 8.0 ], "autoUv": false },
						"south": { "texture": "#empresstree", "uv": [ 0.0, 0.0, 1.0, 4.0 ], "autoUv": false },
						"west": { "texture": "#empresstree", "uv": [ 1.0, 3.0, 2.0, 7.0 ], "autoUv": false },
						"up": { "texture": "#empresstree", "uv": [ 1.0, 3.0, 2.0, 4.0 ] },
						"down": { "texture": "#empresstree", "uv": [ 0.0, 0.0, 1.0, 1.0 ], "enabled": false }
					}
				}
			]
		}
	]}