{
	"editor": {
		"allAngles": false,
		"entityTextureMode": false
	},
	"textureWidth": 16,
	"textureHeight": 16,
	"textureSizes": {
	},
	"textures": {
		"ghostgum": "item/resource/seeds/ghostgum"
	},
	"elements": [
		{
			"name": "Origin",
			"from": [ 0.0, 10.0, 4.5 ], 
			"to": [ 0.0, 10.0, 4.5 ], 
			"rotationOrigin": [ 0.0, 10.0, 4.0 ],
			"rotationX": 67.5,
			"faces": {
				"north": { "texture": "#ghostgum", "uv": [ 0.0, 0.0, 1.0, 1.0 ] },
				"east": { "texture": "#ghostgum", "uv": [ 0.0, 0.0, 1.0, 1.0 ] },
				"south": { "texture": "#ghostgum", "uv": [ 0.0, 0.0, 1.0, 1.0 ] },
				"west": { "texture": "#ghostgum", "uv": [ 0.0, 0.0, 1.0, 1.0 ] },
				"up": { "texture": "#ghostgum", "uv": [ 0.0, 0.0, 1.0, 1.0 ] },
				"down": { "texture": "#ghostgum", "uv": [ 0.0, 0.0, 1.0, 1.0 ] }
			},
			"children": [
				{
					"name": "Cube1",
					"from": [ 6.3, -0.2, 7.7 ], 
					"to": [ 8.3, 1.8, 9.7 ], 
					"rotationOrigin": [ 6.0, 0.0, 8.0 ],
					"rotationY": -22.5,
					"rotationZ": 10.0,
					"faces": {
						"north": { "texture": "#ghostgum", "uv": [ 11.0, 0.0, 15.0, 4.0 ], "autoUv": false },
						"east": { "texture": "#ghostgum", "uv": [ 11.0, 0.0, 15.0, 4.0 ], "autoUv": false },
						"south": { "texture": "#ghostgum", "uv": [ 11.0, 5.0, 15.0, 9.0 ], "autoUv": false },
						"west": { "texture": "#ghostgum", "uv": [ 11.0, 0.0, 15.0, 4.0 ], "autoUv": false },
						"up": { "texture": "#ghostgum", "uv": [ 11.0, 0.0, 15.0, 4.0 ], "autoUv": false },
						"down": { "texture": "#ghostgum", "uv": [ 11.0, 0.0, 15.0, 4.0 ], "autoUv": false }
					},
					"children": [
						{
							"name": "Cube2",
							"from": [ 1.5, 0.0, 2.0 ], 
							"to": [ 2.0, 2.0, 2.5 ], 
							"rotationOrigin": [ 1.0, 0.0, 2.0 ],
							"faces": {
								"north": { "texture": "#ghostgum", "uv": [ 0.0, 0.0, 1.0, 2.0 ], "enabled": false },
								"east": { "texture": "#ghostgum", "uv": [ 11.0, 4.0, 15.0, 5.0 ], "rotation": 90, "autoUv": false },
								"south": { "texture": "#ghostgum", "uv": [ 11.0, 2.0, 15.0, 3.0 ], "rotation": 90, "autoUv": false },
								"west": { "texture": "#ghostgum", "uv": [ 11.0, 4.0, 15.0, 5.0 ], "rotation": 90, "autoUv": false },
								"up": { "texture": "#ghostgum", "uv": [ 14.0, 4.0, 15.0, 5.0 ] },
								"down": { "texture": "#ghostgum", "uv": [ 14.0, 4.0, 15.0, 5.0 ] }
							}
						},
						{
							"name": "Cube3",
							"from": [ 0.5, 1.5, 2.0 ], 
							"to": [ 1.5, 2.0, 2.5 ], 
							"rotationOrigin": [ 0.0, 1.0, 2.0 ],
							"faces": {
								"north": { "texture": "#ghostgum", "uv": [ 0.0, 0.0, 1.0, 1.0 ], "enabled": false },
								"east": { "texture": "#ghostgum", "uv": [ 11.0, 1.0, 15.0, 2.0 ], "enabled": false, "autoUv": false },
								"south": { "texture": "#ghostgum", "uv": [ 12.0, 3.0, 14.0, 4.0 ], "autoUv": false },
								"west": { "texture": "#ghostgum", "uv": [ 8.0, 1.0, 9.0, 2.0 ], "enabled": false },
								"up": { "texture": "#ghostgum", "uv": [ 12.0, 4.0, 14.0, 5.0 ], "autoUv": false },
								"down": { "texture": "#ghostgum", "uv": [ 12.0, 4.0, 14.0, 5.0 ], "autoUv": false }
							}
						},
						{
							"name": "Cube13",
							"from": [ 0.0, 0.0, 2.0 ], 
							"to": [ 0.5, 2.0, 2.5 ], 
							"rotationOrigin": [ 0.0, 0.0, 2.0 ],
							"faces": {
								"north": { "texture": "#ghostgum", "uv": [ 0.0, 0.0, 1.0, 2.0 ], "enabled": false },
								"east": { "texture": "#ghostgum", "uv": [ 11.0, 4.0, 15.0, 5.0 ], "rotation": 90, "autoUv": false },
								"south": { "texture": "#ghostgum", "uv": [ 11.0, 3.0, 15.0, 4.0 ], "rotation": 90, "autoUv": false },
								"west": { "texture": "#ghostgum", "uv": [ 11.0, 4.0, 15.0, 5.0 ], "rotation": 90, "autoUv": false },
								"up": { "texture": "#ghostgum", "uv": [ 14.0, 4.0, 15.0, 5.0 ] },
								"down": { "texture": "#ghostgum", "uv": [ 14.0, 4.0, 15.0, 5.0 ] }
							}
						},
						{
							"name": "Cube14",
							"from": [ 0.5, 0.0, 2.0 ], 
							"to": [ 1.5, 0.5, 2.5 ], 
							"rotationOrigin": [ 0.0, 1.0, 2.0 ],
							"faces": {
								"north": { "texture": "#ghostgum", "uv": [ 0.0, 0.0, 1.0, 1.0 ], "enabled": false },
								"east": { "texture": "#ghostgum", "uv": [ 11.0, 1.0, 15.0, 2.0 ], "enabled": false, "autoUv": false },
								"south": { "texture": "#ghostgum", "uv": [ 12.0, 3.0, 14.0, 4.0 ], "autoUv": false },
								"west": { "texture": "#ghostgum", "uv": [ 8.0, 1.0, 9.0, 2.0 ], "enabled": false },
								"up": { "texture": "#ghostgum", "uv": [ 12.0, 4.0, 14.0, 5.0 ], "autoUv": false },
								"down": { "texture": "#ghostgum", "uv": [ 12.0, 4.0, 14.0, 5.0 ], "autoUv": false }
							}
						},
						{
							"name": "Cube18",
							"from": [ 0.6, 0.6, -3.0 ], 
							"to": [ 1.2, 1.2, 0.0 ], 
							"rotationOrigin": [ 0.5, 1.0, 0.0 ],
							"rotationY": -12.0,
							"faces": {
								"north": { "texture": "#ghostgum", "uv": [ 0.0, 1.0, 1.0, 2.0 ] },
								"east": { "texture": "#ghostgum", "uv": [ 0.0, 0.0, 1.0, 6.0 ], "rotation": 90, "autoUv": false },
								"south": { "texture": "#ghostgum", "uv": [ 0.0, 1.0, 1.0, 2.0 ] },
								"west": { "texture": "#ghostgum", "uv": [ 2.0, 1.0, 3.0, 7.0 ], "rotation": 90, "autoUv": false },
								"up": { "texture": "#ghostgum", "uv": [ 2.0, 3.0, 3.0, 9.0 ], "autoUv": false },
								"down": { "texture": "#ghostgum", "uv": [ 1.0, 3.0, 2.0, 9.0 ], "autoUv": false }
							},
							"children": [
								{
									"name": "Cube20",
									"from": [ 0.0, 0.0, -2.0 ], 
									"to": [ 0.6, 0.6, 0.0 ], 
									"rotationOrigin": [ 0.6, 0.0, 0.0 ],
									"rotationX": 11.0,
									"rotationY": 22.5,
									"rotationZ": -2.0,
									"faces": {
										"north": { "texture": "#ghostgum", "uv": [ 1.0, 1.0, 2.0, 2.0 ] },
										"east": { "texture": "#ghostgum", "uv": [ 0.0, 0.0, 4.0, 1.0 ], "autoUv": false },
										"south": { "texture": "#ghostgum", "uv": [ 1.0, 2.0, 2.0, 3.0 ] },
										"west": { "texture": "#ghostgum", "uv": [ 0.0, 3.0, 4.0, 4.0 ], "autoUv": false },
										"up": { "texture": "#ghostgum", "uv": [ 1.0, 3.0, 2.0, 7.0 ], "autoUv": false },
										"down": { "texture": "#ghostgum", "uv": [ 2.0, 3.0, 3.0, 7.0 ], "autoUv": false }
									}
								}
							]
						}
					]
				},
				{
					"name": "Cube6",
					"from": [ 8.0, -0.2, 8.0 ], 
					"to": [ 10.0, 1.8, 10.0 ], 
					"rotationOrigin": [ 8.0, 0.0, 8.0 ],
					"rotationX": -17.0,
					"rotationY": 9.0,
					"faces": {
						"north": { "texture": "#ghostgum", "uv": [ 11.0, 1.0, 15.0, 5.0 ], "autoUv": false },
						"east": { "texture": "#ghostgum", "uv": [ 11.0, 1.0, 15.0, 5.0 ], "autoUv": false },
						"south": { "texture": "#ghostgum", "uv": [ 11.0, 5.0, 15.0, 9.0 ], "autoUv": false },
						"west": { "texture": "#ghostgum", "uv": [ 11.0, 1.0, 15.0, 5.0 ], "autoUv": false },
						"up": { "texture": "#ghostgum", "uv": [ 11.0, 1.0, 15.0, 5.0 ], "autoUv": false },
						"down": { "texture": "#ghostgum", "uv": [ 11.0, 1.0, 15.0, 5.0 ], "autoUv": false }
					},
					"children": [
						{
							"name": "Cube7",
							"from": [ 1.5, 0.0, 2.0 ], 
							"to": [ 2.0, 2.0, 2.5 ], 
							"rotationOrigin": [ 1.0, 0.0, 2.0 ],
							"faces": {
								"north": { "texture": "#ghostgum", "uv": [ 0.0, 0.0, 1.0, 2.0 ], "enabled": false },
								"east": { "texture": "#ghostgum", "uv": [ 11.0, 0.0, 15.0, 1.0 ], "rotation": 90, "autoUv": false },
								"south": { "texture": "#ghostgum", "uv": [ 11.0, 4.0, 15.0, 5.0 ], "rotation": 90, "autoUv": false },
								"west": { "texture": "#ghostgum", "uv": [ 11.0, 3.0, 15.0, 4.0 ], "rotation": 90, "autoUv": false },
								"up": { "texture": "#ghostgum", "uv": [ 13.0, 2.0, 14.0, 3.0 ] },
								"down": { "texture": "#ghostgum", "uv": [ 13.0, 3.0, 14.0, 4.0 ] }
							}
						},
						{
							"name": "Cube9",
							"from": [ 0.5, 1.5, 2.0 ], 
							"to": [ 1.5, 2.0, 2.5 ], 
							"rotationOrigin": [ 1.0, 1.0, 2.0 ],
							"faces": {
								"north": { "texture": "#ghostgum", "uv": [ 0.0, 0.0, 1.0, 1.0 ], "enabled": false },
								"east": { "texture": "#ghostgum", "uv": [ 0.0, 0.0, 1.0, 1.0 ], "enabled": false },
								"south": { "texture": "#ghostgum", "uv": [ 12.0, 2.0, 14.0, 3.0 ], "autoUv": false },
								"west": { "texture": "#ghostgum", "uv": [ 0.0, 0.0, 1.0, 1.0 ], "enabled": false },
								"up": { "texture": "#ghostgum", "uv": [ 11.0, 3.0, 13.0, 4.0 ], "autoUv": false },
								"down": { "texture": "#ghostgum", "uv": [ 13.0, 4.0, 15.0, 5.0 ], "autoUv": false }
							}
						},
						{
							"name": "Cube15",
							"from": [ 0.0, 0.0, 2.0 ], 
							"to": [ 0.5, 2.0, 2.5 ], 
							"rotationOrigin": [ 1.0, 0.0, 2.0 ],
							"faces": {
								"north": { "texture": "#ghostgum", "uv": [ 0.0, 0.0, 1.0, 2.0 ], "enabled": false },
								"east": { "texture": "#ghostgum", "uv": [ 11.0, 0.0, 15.0, 1.0 ], "rotation": 90, "autoUv": false },
								"south": { "texture": "#ghostgum", "uv": [ 11.0, 3.0, 15.0, 4.0 ], "rotation": 90, "autoUv": false },
								"west": { "texture": "#ghostgum", "uv": [ 11.0, 3.0, 15.0, 4.0 ], "rotation": 90, "autoUv": false },
								"up": { "texture": "#ghostgum", "uv": [ 13.0, 2.0, 14.0, 3.0 ] },
								"down": { "texture": "#ghostgum", "uv": [ 13.0, 3.0, 14.0, 4.0 ] }
							}
						},
						{
							"name": "Cube16",
							"from": [ 0.5, 0.0, 2.0 ], 
							"to": [ 1.5, 0.5, 2.5 ], 
							"rotationOrigin": [ 1.0, 1.0, 2.0 ],
							"faces": {
								"north": { "texture": "#ghostgum", "uv": [ 0.0, 0.0, 1.0, 1.0 ], "enabled": false },
								"east": { "texture": "#ghostgum", "uv": [ 0.0, 0.0, 1.0, 1.0 ], "enabled": false },
								"south": { "texture": "#ghostgum", "uv": [ 13.0, 2.0, 15.0, 3.0 ], "autoUv": false },
								"west": { "texture": "#ghostgum", "uv": [ 0.0, 0.0, 1.0, 1.0 ], "enabled": false },
								"up": { "texture": "#ghostgum", "uv": [ 12.0, 3.0, 14.0, 4.0 ], "autoUv": false },
								"down": { "texture": "#ghostgum", "uv": [ 13.0, 4.0, 15.0, 5.0 ], "autoUv": false }
							}
						},
						{
							"name": "Cube19",
							"from": [ 0.6, 0.7, -2.0 ], 
							"to": [ 1.2, 1.3, 0.0 ], 
							"rotationOrigin": [ 0.6, 0.6, 0.0 ],
							"rotationX": 23.0,
							"rotationY": -3.0,
							"rotationZ": 3.0,
							"faces": {
								"north": { "texture": "#ghostgum", "uv": [ 0.0, 2.0, 1.0, 3.0 ] },
								"east": { "texture": "#ghostgum", "uv": [ 0.0, 3.0, 4.0, 4.0 ], "autoUv": false },
								"south": { "texture": "#ghostgum", "uv": [ 0.0, 0.0, 1.0, 1.0 ] },
								"west": { "texture": "#ghostgum", "uv": [ 0.0, 5.0, 4.0, 6.0 ], "autoUv": false },
								"up": { "texture": "#ghostgum", "uv": [ 1.0, 3.0, 2.0, 7.0 ], "autoUv": false },
								"down": { "texture": "#ghostgum", "uv": [ 1.0, 4.0, 2.0, 8.0 ], "autoUv": false }
							}
						}
					]
				},
				{
					"name": "Cube12",
					"from": [ 6.0, 0.0, 4.7 ], 
					"to": [ 8.0, 2.0, 6.7 ], 
					"rotationOrigin": [ 7.0, 2.0, 5.0 ],
					"rotationY": -45.0,
					"rotationZ": 39.0,
					"faces": {
						"north": { "texture": "#ghostgum", "uv": [ 11.0, 0.0, 15.0, 4.0 ], "autoUv": false },
						"east": { "texture": "#ghostgum", "uv": [ 11.0, 0.0, 15.0, 4.0 ], "autoUv": false },
						"south": { "texture": "#ghostgum", "uv": [ 11.0, 5.0, 15.0, 9.0 ], "autoUv": false },
						"west": { "texture": "#ghostgum", "uv": [ 11.0, 0.0, 15.0, 4.0 ], "autoUv": false },
						"up": { "texture": "#ghostgum", "uv": [ 11.0, 0.0, 15.0, 4.0 ], "autoUv": false },
						"down": { "texture": "#ghostgum", "uv": [ 11.0, 0.0, 15.0, 4.0 ], "autoUv": false }
					},
					"children": [
						{
							"name": "Cube17",
							"from": [ 1.5, 0.0, 2.0 ], 
							"to": [ 2.0, 2.0, 2.5 ], 
							"rotationOrigin": [ 1.0, 0.0, 2.0 ],
							"faces": {
								"north": { "texture": "#ghostgum", "uv": [ 0.0, 0.0, 0.5, 2.0 ], "enabled": false },
								"east": { "texture": "#ghostgum", "uv": [ 11.0, 4.0, 15.0, 5.0 ], "rotation": 90, "autoUv": false },
								"south": { "texture": "#ghostgum", "uv": [ 11.0, 2.0, 15.0, 3.0 ], "rotation": 90, "autoUv": false },
								"west": { "texture": "#ghostgum", "uv": [ 11.0, 4.0, 15.0, 5.0 ], "rotation": 90, "autoUv": false },
								"up": { "texture": "#ghostgum", "uv": [ 14.0, 4.0, 14.5, 4.5 ] },
								"down": { "texture": "#ghostgum", "uv": [ 14.0, 4.0, 14.5, 4.5 ] }
							}
						},
						{
							"name": "Cube17",
							"from": [ 0.5, 1.5, 2.0 ], 
							"to": [ 1.5, 2.0, 2.5 ], 
							"rotationOrigin": [ 0.0, 1.0, 2.0 ],
							"faces": {
								"north": { "texture": "#ghostgum", "uv": [ 0.0, 0.0, 1.0, 0.5 ], "enabled": false },
								"east": { "texture": "#ghostgum", "uv": [ 11.0, 1.0, 15.0, 2.0 ], "enabled": false, "autoUv": false },
								"south": { "texture": "#ghostgum", "uv": [ 12.0, 3.0, 14.0, 4.0 ], "autoUv": false },
								"west": { "texture": "#ghostgum", "uv": [ 8.0, 1.0, 8.5, 1.5 ], "enabled": false },
								"up": { "texture": "#ghostgum", "uv": [ 12.0, 4.0, 14.0, 5.0 ], "autoUv": false },
								"down": { "texture": "#ghostgum", "uv": [ 12.0, 4.0, 14.0, 5.0 ], "autoUv": false }
							}
						},
						{
							"name": "Cube17",
							"from": [ 0.0, 0.0, 2.0 ], 
							"to": [ 0.5, 2.0, 2.5 ], 
							"rotationOrigin": [ 0.0, 0.0, 2.0 ],
							"faces": {
								"north": { "texture": "#ghostgum", "uv": [ 0.0, 0.0, 0.5, 2.0 ], "enabled": false },
								"east": { "texture": "#ghostgum", "uv": [ 11.0, 4.0, 15.0, 5.0 ], "rotation": 90, "autoUv": false },
								"south": { "texture": "#ghostgum", "uv": [ 11.0, 3.0, 15.0, 4.0 ], "rotation": 90, "autoUv": false },
								"west": { "texture": "#ghostgum", "uv": [ 11.0, 4.0, 15.0, 5.0 ], "rotation": 90, "autoUv": false },
								"up": { "texture": "#ghostgum", "uv": [ 14.0, 4.0, 14.5, 4.5 ] },
								"down": { "texture": "#ghostgum", "uv": [ 14.0, 4.0, 14.5, 4.5 ] }
							}
						},
						{
							"name": "Cube17",
							"from": [ 0.5, 0.0, 2.0 ], 
							"to": [ 1.5, 0.5, 2.5 ], 
							"rotationOrigin": [ 0.0, 1.0, 2.0 ],
							"faces": {
								"north": { "texture": "#ghostgum", "uv": [ 0.0, 0.0, 1.0, 0.5 ], "enabled": false },
								"east": { "texture": "#ghostgum", "uv": [ 11.0, 1.0, 15.0, 2.0 ], "enabled": false, "autoUv": false },
								"south": { "texture": "#ghostgum", "uv": [ 12.0, 3.0, 14.0, 4.0 ], "autoUv": false },
								"west": { "texture": "#ghostgum", "uv": [ 8.0, 1.0, 8.5, 1.5 ], "enabled": false },
								"up": { "texture": "#ghostgum", "uv": [ 12.0, 4.0, 14.0, 5.0 ], "autoUv": false },
								"down": { "texture": "#ghostgum", "uv": [ 12.0, 4.0, 14.0, 5.0 ], "autoUv": false }
							}
						},
						{
							"name": "Cube21",
							"from": [ 0.4, 0.7, -1.5 ], 
							"to": [ 1.0, 1.3, 0.0 ], 
							"rotationOrigin": [ 0.6, 0.6, 0.0 ],
							"rotationX": -4.0,
							"rotationY": -13.0,
							"rotationZ": -33.0,
							"faces": {
								"north": { "texture": "#ghostgum", "uv": [ 0.0, 0.0, 1.0, 1.0 ] },
								"east": { "texture": "#ghostgum", "uv": [ 0.0, 0.0, 1.0, 3.0 ], "rotation": 90, "autoUv": false },
								"south": { "texture": "#ghostgum", "uv": [ 0.0, 0.0, 1.0, 1.0 ] },
								"west": { "texture": "#ghostgum", "uv": [ 1.0, 3.0, 2.0, 6.0 ], "rotation": 90, "autoUv": false },
								"up": { "texture": "#ghostgum", "uv": [ 1.0, 1.0, 2.0, 4.0 ], "autoUv": false },
								"down": { "texture": "#ghostgum", "uv": [ 2.0, 5.0, 3.0, 8.0 ], "autoUv": false }
							}
						}
					]
				}
			]
		}
	]}