{
	"editor": {
		"allAngles": false,
		"entityTextureMode": false
	},
	"textureWidth": 16,
	"textureHeight": 16,
	"textureSizes": {
	},
	"textures": {
		"ginkgo": "item/resource/seeds/ginkgo"
	},
	"elements": [
		{
			"name": "Cube1",
			"from": [ 6.0, 1.0, 9.0 ], 
			"to": [ 10.0, 1.4, 9.4 ], 
			"rotationOrigin": [ 6.0, 1.0, 9.0 ],
			"rotationX": 22.5,
			"rotationY": 28.0,
			"faces": {
				"north": { "texture": "#ginkgo", "uv": [ 15.0, 5.0, 16.0, 13.0 ], "rotation": 90, "autoUv": false },
				"east": { "texture": "#ginkgo", "uv": [ 15.0, 9.0, 16.0, 10.0 ] },
				"south": { "texture": "#ginkgo", "uv": [ 14.0, 5.0, 15.0, 13.0 ], "rotation": 90, "autoUv": false },
				"west": { "texture": "#ginkgo", "uv": [ 14.0, 8.0, 15.0, 9.0 ] },
				"up": { "texture": "#ginkgo", "uv": [ 15.0, 5.0, 16.0, 13.0 ], "rotation": 90, "autoUv": false },
				"down": { "texture": "#ginkgo", "uv": [ 14.0, 5.0, 15.0, 13.0 ], "rotation": 90, "autoUv": false }
			},
			"children": [
				{
					"name": "Cube2",
					"from": [ 2.0, -1.7, 1.1 ], 
					"to": [ 3.0, -0.2, 2.1 ], 
					"rotationOrigin": [ 2.0, -1.0, 1.0 ],
					"rotationX": -45.0,
					"rotationY": 22.5,
					"faces": {
						"north": { "texture": "#ginkgo", "uv": [ 12.0, 0.0, 14.0, 3.0 ], "autoUv": false },
						"east": { "texture": "#ginkgo", "uv": [ 13.0, 1.0, 15.0, 4.0 ], "autoUv": false },
						"south": { "texture": "#ginkgo", "uv": [ 12.0, 1.0, 14.0, 4.0 ], "autoUv": false },
						"west": { "texture": "#ginkgo", "uv": [ 14.0, 1.0, 16.0, 4.0 ], "autoUv": false },
						"up": { "texture": "#ginkgo", "uv": [ 13.0, 1.0, 15.0, 3.0 ], "autoUv": false },
						"down": { "texture": "#ginkgo", "uv": [ 12.0, 1.0, 14.0, 3.0 ], "autoUv": false }
					},
					"children": [
						{
							"name": "Cube3",
							"from": [ 0.25, 1.5, 0.25 ], 
							"to": [ 0.75, 2.0, 0.75 ], 
							"rotationOrigin": [ 0.0, 1.0, 0.0 ],
							"faces": {
								"north": { "texture": "#ginkgo", "uv": [ 15.0, 6.0, 16.0, 7.0 ] },
								"east": { "texture": "#ginkgo", "uv": [ 15.0, 7.0, 16.0, 8.0 ] },
								"south": { "texture": "#ginkgo", "uv": [ 14.0, 8.0, 15.0, 9.0 ] },
								"west": { "texture": "#ginkgo", "uv": [ 15.0, 7.0, 16.0, 8.0 ] },
								"up": { "texture": "#ginkgo", "uv": [ 15.0, 8.0, 16.0, 9.0 ] },
								"down": { "texture": "#ginkgo", "uv": [ 14.0, 7.0, 15.0, 8.0 ] }
							}
						}
					]
				},
				{
					"name": "Cube4",
					"from": [ 0.2, -1.6, 0.8 ], 
					"to": [ 1.2, -0.1, 1.8 ], 
					"rotationOrigin": [ 0.7, -1.0, 1.0 ],
					"rotationX": -45.0,
					"rotationZ": -22.5,
					"faces": {
						"north": { "texture": "#ginkgo", "uv": [ 12.0, 0.0, 14.0, 3.0 ], "autoUv": false },
						"east": { "texture": "#ginkgo", "uv": [ 13.0, 1.0, 15.0, 4.0 ], "autoUv": false },
						"south": { "texture": "#ginkgo", "uv": [ 14.0, 1.0, 16.0, 4.0 ], "autoUv": false },
						"west": { "texture": "#ginkgo", "uv": [ 14.0, 0.0, 16.0, 3.0 ], "autoUv": false },
						"up": { "texture": "#ginkgo", "uv": [ 13.0, 0.0, 15.0, 2.0 ], "autoUv": false },
						"down": { "texture": "#ginkgo", "uv": [ 13.0, 2.0, 15.0, 4.0 ], "autoUv": false }
					},
					"children": [
						{
							"name": "Cube5",
							"from": [ 0.25, 1.5, 0.25 ], 
							"to": [ 0.75, 2.0, 0.75 ], 
							"rotationOrigin": [ 0.0, 1.0, 0.0 ],
							"faces": {
								"north": { "texture": "#ginkgo", "uv": [ 15.0, 6.0, 16.0, 7.0 ] },
								"east": { "texture": "#ginkgo", "uv": [ 14.0, 6.0, 15.0, 7.0 ] },
								"south": { "texture": "#ginkgo", "uv": [ 14.0, 8.0, 15.0, 9.0 ] },
								"west": { "texture": "#ginkgo", "uv": [ 15.0, 9.0, 16.0, 10.0 ] },
								"up": { "texture": "#ginkgo", "uv": [ 14.0, 7.0, 15.0, 8.0 ] },
								"down": { "texture": "#ginkgo", "uv": [ 14.0, 10.0, 15.0, 11.0 ] }
							}
						}
					]
				},
				{
					"name": "Cube6",
					"from": [ 0.7, -1.3, -0.4 ], 
					"to": [ 1.7, 0.2, 0.6 ], 
					"rotationOrigin": [ 1.0, -1.0, -1.0 ],
					"rotationX": 22.5,
					"rotationY": 22.5,
					"rotationZ": -22.5,
					"faces": {
						"north": { "texture": "#ginkgo", "uv": [ 14.0, 0.0, 16.0, 3.0 ], "autoUv": false },
						"east": { "texture": "#ginkgo", "uv": [ 12.0, 1.0, 14.0, 4.0 ], "autoUv": false },
						"south": { "texture": "#ginkgo", "uv": [ 13.0, 1.0, 15.0, 4.0 ], "autoUv": false },
						"west": { "texture": "#ginkgo", "uv": [ 12.0, 0.0, 14.0, 3.0 ], "autoUv": false },
						"up": { "texture": "#ginkgo", "uv": [ 13.0, 2.0, 15.0, 4.0 ], "autoUv": false },
						"down": { "texture": "#ginkgo", "uv": [ 14.0, 2.0, 16.0, 4.0 ], "autoUv": false }
					},
					"children": [
						{
							"name": "Cube7",
							"from": [ 0.25, 1.5, 0.25 ], 
							"to": [ 0.75, 2.0, 0.75 ], 
							"rotationOrigin": [ 0.0, 1.0, 0.0 ],
							"faces": {
								"north": { "texture": "#ginkgo", "uv": [ 15.0, 7.0, 16.0, 8.0 ] },
								"east": { "texture": "#ginkgo", "uv": [ 14.0, 9.0, 15.0, 10.0 ] },
								"south": { "texture": "#ginkgo", "uv": [ 14.0, 7.0, 15.0, 8.0 ] },
								"west": { "texture": "#ginkgo", "uv": [ 14.0, 6.0, 15.0, 7.0 ] },
								"up": { "texture": "#ginkgo", "uv": [ 15.0, 9.0, 16.0, 10.0 ] },
								"down": { "texture": "#ginkgo", "uv": [ 14.0, 7.0, 15.0, 8.0 ] }
							}
						}
					]
				},
				{
					"name": "Cube8",
					"from": [ 1.0, 0.0, 0.3 ], 
					"to": [ 4.5, 3.0, 0.3 ], 
					"rotationOrigin": [ 2.5, 0.0, 0.0 ],
					"rotationX": -67.5,
					"rotationY": -22.5,
					"rotationZ": -22.5,
					"faces": {
						"north": { "texture": "#ginkgo", "uv": [ 1.0, 0.0, 4.0, 3.0 ], "enabled": false },
						"east": { "texture": "#ginkgo", "uv": [ 0.0, 0.0, 1.0, 3.0 ], "enabled": false },
						"south": { "texture": "#ginkgo", "uv": [ 0.0, 0.0, 7.0, 6.0 ], "rotation": 180, "autoUv": false },
						"west": { "texture": "#ginkgo", "uv": [ 0.0, 0.0, 1.0, 3.0 ], "enabled": false },
						"up": { "texture": "#ginkgo", "uv": [ 0.0, 0.0, 3.0, 1.0 ], "enabled": false },
						"down": { "texture": "#ginkgo", "uv": [ 0.0, 0.0, 3.0, 1.0 ], "enabled": false }
					}
				}
			]
		}
	]}