{
	"editor": {
		"allAngles": false,
		"entityTextureMode": false
	},
	"textureWidth": 16,
	"textureHeight": 16,
	"textureSizes": {
	},
	"textures": {
		"honeylocust": "item/resource/seeds/honeylocust"
	},
	"elements": [
		{
			"name": "LocustBeanPod1",
			"from": [ 7.0, 0.0, 7.0 ], 
			"to": [ 8.5, 0.5, 9.0 ], 
			"rotationOrigin": [ 7.0, 0.0, 7.0 ],
			"rotationY": -18.0,
			"faces": {
				"north": { "texture": "#honeylocust", "uv": [ 1.0, 1.0, 4.0, 2.0 ], "autoUv": false },
				"east": { "texture": "#honeylocust", "uv": [ 6.0, 0.0, 10.0, 7.0 ], "enabled": false, "autoUv": false },
				"south": { "texture": "#honeylocust", "uv": [ 1.0, 4.0, 4.0, 3.0 ], "autoUv": false },
				"west": { "texture": "#honeylocust", "uv": [ 2.0, 0.0, 6.0, 6.0 ], "enabled": false, "autoUv": false },
				"up": { "texture": "#honeylocust", "uv": [ 6.0, 0.0, 10.0, 3.0 ], "rotation": 90, "autoUv": false },
				"down": { "texture": "#honeylocust", "uv": [ 2.0, 5.0, 5.0, 9.0 ], "autoUv": false }
			},
			"children": [
				{
					"name": "Cube1",
					"from": [ -2.0, 0.0, 0.02 ], 
					"to": [ 0.0, 0.5, 2.02 ], 
					"rotationOrigin": [ 0.0, 0.0, 0.0 ],
					"rotationZ": -18.0,
					"faces": {
						"north": { "texture": "#honeylocust", "uv": [ 2.0, 5.0, 6.0, 6.0 ], "autoUv": false },
						"east": { "texture": "#honeylocust", "uv": [ 0.0, 0.0, 2.0, 1.0 ], "enabled": false },
						"south": { "texture": "#honeylocust", "uv": [ 0.0, 6.0, 4.0, 7.0 ], "autoUv": false },
						"west": { "texture": "#honeylocust", "uv": [ 0.0, 2.0, 4.0, 3.0 ], "autoUv": false },
						"up": { "texture": "#honeylocust", "uv": [ 6.0, 9.0, 10.0, 13.0 ], "rotation": 90, "autoUv": false },
						"down": { "texture": "#honeylocust", "uv": [ 0.0, 0.0, 4.0, 4.0 ], "autoUv": false }
					},
					"children": [
						{
							"name": "Cube3",
							"from": [ -1.5, 0.0, 0.15 ], 
							"to": [ 0.0, 0.5, 1.65 ], 
							"rotationOrigin": [ 0.0, 0.0, 0.0 ],
							"rotationZ": -27.0,
							"faces": {
								"north": { "texture": "#honeylocust", "uv": [ 2.0, 8.0, 5.0, 9.0 ], "autoUv": false },
								"east": { "texture": "#honeylocust", "uv": [ 0.0, 0.0, 1.0, 1.0 ], "enabled": false },
								"south": { "texture": "#honeylocust", "uv": [ 1.0, 2.0, 4.0, 3.0 ], "autoUv": false },
								"west": { "texture": "#honeylocust", "uv": [ 0.0, 3.0, 3.0, 4.0 ], "autoUv": false },
								"up": { "texture": "#honeylocust", "uv": [ 1.0, 13.0, 4.0, 16.0 ], "autoUv": false },
								"down": { "texture": "#honeylocust", "uv": [ 0.0, 0.0, 3.0, 3.0 ], "autoUv": false }
							},
							"children": [
								{
									"name": "Cube4",
									"from": [ -1.0, 0.0, 0.2 ], 
									"to": [ 0.0, 0.5, 1.2 ], 
									"rotationOrigin": [ 0.0, 0.0, 0.0 ],
									"rotationZ": -42.0,
									"faces": {
										"north": { "texture": "#honeylocust", "uv": [ 2.0, 3.0, 4.0, 4.0 ], "autoUv": false },
										"east": { "texture": "#honeylocust", "uv": [ 0.0, 0.0, 1.0, 1.0 ], "enabled": false },
										"south": { "texture": "#honeylocust", "uv": [ 1.0, 2.0, 3.0, 3.0 ], "autoUv": false },
										"west": { "texture": "#honeylocust", "uv": [ 1.0, 3.0, 3.0, 4.0 ], "autoUv": false },
										"up": { "texture": "#honeylocust", "uv": [ 2.0, 2.0, 4.0, 4.0 ], "autoUv": false },
										"down": { "texture": "#honeylocust", "uv": [ 3.0, 3.0, 5.0, 5.0 ], "autoUv": false }
									},
									"children": [
										{
											"name": "Cube5",
											"from": [ -1.0, -0.1, -0.1 ], 
											"to": [ 0.0, 0.4, 0.4 ], 
											"rotationOrigin": [ 0.0, 0.0, 0.5 ],
											"rotationX": 22.5,
											"rotationY": -22.5,
											"faces": {
												"north": { "texture": "#honeylocust", "uv": [ 14.0, 1.0, 16.0, 2.0 ], "autoUv": false },
												"east": { "texture": "#honeylocust", "uv": [ 3.0, 5.0, 4.0, 6.0 ] },
												"south": { "texture": "#honeylocust", "uv": [ 14.0, 3.0, 16.0, 4.0 ], "autoUv": false },
												"west": { "texture": "#honeylocust", "uv": [ 3.0, 5.0, 4.0, 6.0 ], "autoUv": false },
												"up": { "texture": "#honeylocust", "uv": [ 13.0, 7.0, 15.0, 8.0 ], "autoUv": false },
												"down": { "texture": "#honeylocust", "uv": [ 13.0, 5.0, 15.0, 6.0 ], "autoUv": false }
											}
										}
									]
								}
							]
						}
					]
				},
				{
					"name": "Cube6",
					"from": [ 1.5, 0.0, 0.02 ], 
					"to": [ 3.5, 0.5, 2.02 ], 
					"rotationOrigin": [ 1.5, 0.0, 0.0 ],
					"rotationZ": 29.0,
					"faces": {
						"north": { "texture": "#honeylocust", "uv": [ 0.0, 0.0, 4.0, 1.0 ], "autoUv": false },
						"east": { "texture": "#honeylocust", "uv": [ 0.0, 0.0, 2.0, 1.0 ], "enabled": false },
						"south": { "texture": "#honeylocust", "uv": [ 0.0, 0.0, 4.0, 1.0 ], "autoUv": false },
						"west": { "texture": "#honeylocust", "uv": [ 0.0, 0.0, 4.0, 1.0 ], "enabled": false, "autoUv": false },
						"up": { "texture": "#honeylocust", "uv": [ 6.0, 2.0, 10.0, 6.0 ], "rotation": 90, "autoUv": false },
						"down": { "texture": "#honeylocust", "uv": [ 0.0, 0.0, 4.0, 4.0 ], "autoUv": false }
					},
					"children": [
						{
							"name": "Cube7",
							"from": [ 2.0, 0.0, -0.02 ], 
							"to": [ 3.5, 0.5, 1.98 ], 
							"rotationOrigin": [ 2.0, 0.5, 0.0 ],
							"rotationZ": -31.0,
							"faces": {
								"north": { "texture": "#honeylocust", "uv": [ 1.0, 11.0, 4.0, 12.0 ], "autoUv": false },
								"east": { "texture": "#honeylocust", "uv": [ 2.0, 7.0, 5.0, 8.0 ], "autoUv": false },
								"south": { "texture": "#honeylocust", "uv": [ 3.0, 8.0, 6.0, 9.0 ], "autoUv": false },
								"west": { "texture": "#honeylocust", "uv": [ 2.0, 0.0, 4.0, 1.0 ], "enabled": false },
								"up": { "texture": "#honeylocust", "uv": [ 6.0, 8.0, 10.0, 11.0 ], "rotation": 90, "autoUv": false },
								"down": { "texture": "#honeylocust", "uv": [ 0.0, 0.0, 3.0, 4.0 ], "autoUv": false }
							},
							"children": [
								{
									"name": "Cube8",
									"from": [ 1.5, 0.0, 0.35 ], 
									"to": [ 2.5, 0.5, 1.85 ], 
									"rotationOrigin": [ 1.5, 0.5, 0.0 ],
									"rotationZ": -22.5,
									"faces": {
										"north": { "texture": "#honeylocust", "uv": [ 2.0, 5.0, 4.0, 6.0 ], "autoUv": false },
										"east": { "texture": "#honeylocust", "uv": [ 1.0, 3.0, 4.0, 4.0 ], "autoUv": false },
										"south": { "texture": "#honeylocust", "uv": [ 1.0, 2.0, 3.0, 3.0 ], "autoUv": false },
										"west": { "texture": "#honeylocust", "uv": [ 1.0, 3.0, 3.0, 4.0 ], "enabled": false, "autoUv": false },
										"up": { "texture": "#honeylocust", "uv": [ 2.0, 13.0, 4.0, 16.0 ], "autoUv": false },
										"down": { "texture": "#honeylocust", "uv": [ 2.0, 2.0, 4.0, 5.0 ], "autoUv": false }
									},
									"children": [
										{
											"name": "Cube9",
											"from": [ 1.0, 0.0, 0.25 ], 
											"to": [ 2.0, 0.5, 1.25 ], 
											"rotationOrigin": [ 1.0, 0.5, 0.0 ],
											"rotationZ": -45.0,
											"faces": {
												"north": { "texture": "#honeylocust", "uv": [ 2.0, 3.0, 4.0, 4.0 ], "autoUv": false },
												"east": { "texture": "#honeylocust", "uv": [ 2.0, 7.0, 4.0, 8.0 ], "autoUv": false },
												"south": { "texture": "#honeylocust", "uv": [ 0.0, 0.0, 2.0, 1.0 ], "autoUv": false },
												"west": { "texture": "#honeylocust", "uv": [ 0.0, 0.0, 1.0, 1.0 ], "enabled": false },
												"up": { "texture": "#honeylocust", "uv": [ 2.0, 10.0, 4.0, 12.0 ], "autoUv": false },
												"down": { "texture": "#honeylocust", "uv": [ 0.0, 0.0, 2.0, 2.0 ], "autoUv": false }
											}
										}
									]
								}
							]
						}
					]
				}
			]
		}
	]}