{
	"editor": {
		"allAngles": false,
		"entityTextureMode": false
	},
	"textureWidth": 16,
	"textureHeight": 16,
	"textureSizes": {
	},
	"textures": {
		"mousetrap": "item/resource/seeds/mousetrap"
	},
	"elements": [
		{
			"name": "Cube1",
			"from": [ 7.0, 0.0, 7.0 ], 
			"to": [ 9.0, 2.0, 9.5 ], 
			"rotationOrigin": [ 7.0, 0.0, 7.0 ],
			"rotationY": 17.5,
			"faces": {
				"north": { "texture": "#mousetrap", "uv": [ 0.0, 12.0, 4.0, 16.0 ], "autoUv": false },
				"east": { "texture": "#mousetrap", "uv": [ 0.0, 8.0, 4.0, 13.0 ], "rotation": 270, "autoUv": false },
				"south": { "texture": "#mousetrap", "uv": [ 0.0, 3.0, 4.0, 7.0 ], "rotation": 270, "autoUv": false },
				"west": { "texture": "#mousetrap", "uv": [ 0.0, 8.0, 4.0, 13.0 ], "rotation": 90, "autoUv": false },
				"up": { "texture": "#mousetrap", "uv": [ 0.0, 9.0, 4.0, 14.0 ], "rotation": 180, "autoUv": false },
				"down": { "texture": "#mousetrap", "uv": [ 0.0, 8.0, 4.0, 13.0 ], "rotation": 180, "autoUv": false }
			},
			"children": [
				{
					"name": "Cube2",
					"from": [ 0.25, 0.25, 2.5 ], 
					"to": [ 1.75, 1.75, 3.0 ], 
					"rotationOrigin": [ 0.0, 0.0, 2.0 ],
					"faces": {
						"north": { "texture": "#mousetrap", "uv": [ 0.0, 0.0, 3.0, 1.0 ], "enabled": false, "autoUv": false },
						"east": { "texture": "#mousetrap", "uv": [ 1.0, 3.0, 4.0, 4.0 ], "rotation": 90, "autoUv": false },
						"south": { "texture": "#mousetrap", "uv": [ 0.0, 3.0, 3.0, 6.0 ], "autoUv": false },
						"west": { "texture": "#mousetrap", "uv": [ 0.0, 3.0, 3.0, 4.0 ], "rotation": 90, "autoUv": false },
						"up": { "texture": "#mousetrap", "uv": [ 0.0, 3.0, 3.0, 4.0 ], "autoUv": false },
						"down": { "texture": "#mousetrap", "uv": [ 1.0, 2.0, 4.0, 3.0 ], "autoUv": false }
					},
					"children": [
						{
							"name": "Cube3",
							"from": [ 0.25, 0.25, 0.5 ], 
							"to": [ 1.25, 1.25, 1.5 ], 
							"faces": {
								"north": { "texture": "#mousetrap", "uv": [ 1.0, 1.0, 3.0, 3.0 ], "autoUv": false },
								"east": { "texture": "#mousetrap", "uv": [ 0.0, 2.0, 2.0, 4.0 ], "autoUv": false },
								"south": { "texture": "#mousetrap", "uv": [ 2.0, 0.0, 4.0, 2.0 ], "autoUv": false },
								"west": { "texture": "#mousetrap", "uv": [ 0.0, 0.0, 2.0, 2.0 ], "autoUv": false },
								"up": { "texture": "#mousetrap", "uv": [ 1.0, 4.0, 3.0, 6.0 ], "autoUv": false },
								"down": { "texture": "#mousetrap", "uv": [ 2.0, 1.0, 4.0, 3.0 ], "autoUv": false }
							},
							"children": [
								{
									"name": "Cube8",
									"from": [ 0.25, 0.25, 1.0 ], 
									"to": [ 0.75, 0.75, 2.0 ], 
									"rotationOrigin": [ 0.0, 0.0, 1.0 ],
									"faces": {
										"north": { "texture": "#mousetrap", "uv": [ 0.0, 0.0, 1.0, 1.0 ], "enabled": false },
										"east": { "texture": "#mousetrap", "uv": [ 1.0, 1.0, 3.0, 2.0 ], "autoUv": false },
										"south": { "texture": "#mousetrap", "uv": [ 0.0, 1.0, 1.0, 2.0 ], "autoUv": false },
										"west": { "texture": "#mousetrap", "uv": [ 1.0, 1.0, 3.0, 2.0 ], "autoUv": false },
										"up": { "texture": "#mousetrap", "uv": [ 1.0, 0.0, 2.0, 2.0 ], "autoUv": false },
										"down": { "texture": "#mousetrap", "uv": [ 0.0, 1.0, 1.0, 3.0 ], "autoUv": false }
									}
								}
							]
						}
					]
				},
				{
					"name": "Cube4",
					"from": [ 0.75, 0.75, -1.0 ], 
					"to": [ 1.25, 1.25, 0.0 ], 
					"rotationOrigin": [ 1.25, 0.75, 0.0 ],
					"rotationX": 2.0,
					"rotationY": 9.0,
					"rotationZ": 3.0,
					"faces": {
						"north": { "texture": "#mousetrap", "uv": [ 2.0, 14.0, 3.0, 15.0 ] },
						"east": { "texture": "#mousetrap", "uv": [ 0.0, 13.0, 2.0, 14.0 ], "autoUv": false },
						"south": { "texture": "#mousetrap", "uv": [ 1.0, 11.0, 2.0, 13.0 ], "enabled": false, "autoUv": false },
						"west": { "texture": "#mousetrap", "uv": [ 2.0, 13.0, 4.0, 14.0 ], "autoUv": false },
						"up": { "texture": "#mousetrap", "uv": [ 1.0, 14.0, 2.0, 16.0 ], "autoUv": false },
						"down": { "texture": "#mousetrap", "uv": [ 2.0, 13.0, 3.0, 15.0 ], "autoUv": false }
					}
				},
				{
					"name": "Cube5",
					"from": [ -2.0, 1.0, -1.5 ], 
					"to": [ 4.0, 1.0, 4.5 ], 
					"rotationOrigin": [ -2.0, 1.0, -1.0 ],
					"faces": {
						"north": { "texture": "#mousetrap", "uv": [ 0.0, 0.0, 6.0, 1.0 ], "enabled": false },
						"east": { "texture": "#mousetrap", "uv": [ 0.0, 0.0, 6.0, 1.0 ], "enabled": false },
						"south": { "texture": "#mousetrap", "uv": [ 0.0, 0.0, 6.0, 1.0 ], "enabled": false },
						"west": { "texture": "#mousetrap", "uv": [ 0.0, 0.0, 6.0, 1.0 ], "enabled": false },
						"up": { "texture": "#mousetrap", "uv": [ 4.0, 1.0, 16.0, 13.0 ], "autoUv": false },
						"down": { "texture": "#mousetrap", "uv": [ 0.0, 0.0, 6.0, 6.0 ], "enabled": false }
					}
				},
				{
					"name": "Cube6",
					"from": [ 1.2, -2.0, -1.5 ], 
					"to": [ 1.2, 4.0, 4.5 ], 
					"rotationOrigin": [ 1.2, 1.0, 1.0 ],
					"rotationZ": 35.0,
					"faces": {
						"north": { "texture": "#mousetrap", "uv": [ 0.0, 0.0, 1.0, 6.0 ], "enabled": false },
						"east": { "texture": "#mousetrap", "uv": [ 4.0, 1.0, 16.0, 13.0 ], "rotation": 90, "autoUv": false },
						"south": { "texture": "#mousetrap", "uv": [ 0.0, 0.0, 1.0, 6.0 ], "enabled": false },
						"west": { "texture": "#mousetrap", "uv": [ 0.0, 0.0, 6.0, 6.0 ], "enabled": false },
						"up": { "texture": "#mousetrap", "uv": [ 0.0, 0.0, 1.0, 6.0 ], "enabled": false },
						"down": { "texture": "#mousetrap", "uv": [ 0.0, 0.0, 1.0, 6.0 ], "enabled": false }
					}
				},
				{
					"name": "Cube7",
					"from": [ 0.8, -2.0, -1.5 ], 
					"to": [ 0.8, 4.0, 4.5 ], 
					"rotationOrigin": [ 0.8, 1.0, 1.0 ],
					"rotationZ": -35.0,
					"faces": {
						"north": { "texture": "#mousetrap", "uv": [ 0.0, 0.0, 1.0, 6.0 ], "enabled": false },
						"east": { "texture": "#mousetrap", "uv": [ 4.0, 1.0, 16.0, 13.0 ], "rotation": 90, "enabled": false, "autoUv": false },
						"south": { "texture": "#mousetrap", "uv": [ 0.0, 0.0, 1.0, 6.0 ], "enabled": false },
						"west": { "texture": "#mousetrap", "uv": [ 4.0, 1.0, 16.0, 13.0 ], "rotation": 270, "autoUv": false, "windMode": [-1,-1,-1,-1] },
						"up": { "texture": "#mousetrap", "uv": [ 0.0, 0.0, 1.0, 6.0 ], "enabled": false },
						"down": { "texture": "#mousetrap", "uv": [ 0.0, 0.0, 1.0, 6.0 ], "enabled": false }
					}
				}
			]
		}
	]}