{
	"editor": {
		"allAngles": false,
		"entityTextureMode": false
	},
	"textureWidth": 16,
	"textureHeight": 16,
	"textureSizes": {
	},
	"textures": {
		"poplar": "item/resource/seeds/poplar"
	},
	"elements": [
		{
			"name": "Cube1",
			"from": [ 5.0, 0.0, 7.0 ], 
			"to": [ 8.0, 1.0, 8.0 ], 
			"rotationOrigin": [ 5.0, 0.0, 7.0 ],
			"rotationY": 18.0,
			"faces": {
				"north": { "texture": "#poplar", "uv": [ 13.0, 7.0, 15.0, 13.0 ], "rotation": 90, "autoUv": false },
				"east": { "texture": "#poplar", "uv": [ 14.0, 0.0, 16.0, 2.0 ], "autoUv": false },
				"south": { "texture": "#poplar", "uv": [ 13.0, 0.0, 15.0, 6.0 ], "rotation": 90, "autoUv": false },
				"west": { "texture": "#poplar", "uv": [ 14.0, 8.0, 16.0, 10.0 ], "autoUv": false },
				"up": { "texture": "#poplar", "uv": [ 14.0, 7.0, 16.0, 13.0 ], "rotation": 90, "autoUv": false },
				"down": { "texture": "#poplar", "uv": [ 13.0, 3.0, 15.0, 9.0 ], "rotation": 90, "autoUv": false }
			},
			"children": [
				{
					"name": "Cube2",
					"from": [ 3.0, 0.15, 0.12 ], 
					"to": [ 5.0, 0.85, 0.82 ], 
					"rotationOrigin": [ 3.0, 0.0, 0.0 ],
					"rotationY": -10.0,
					"faces": {
						"north": { "texture": "#poplar", "uv": [ 13.0, 3.0, 14.0, 7.0 ], "rotation": 90, "autoUv": false },
						"east": { "texture": "#poplar", "uv": [ 13.0, 5.0, 14.0, 4.0 ], "autoUv": false },
						"south": { "texture": "#poplar", "uv": [ 15.0, 7.0, 14.0, 11.0 ], "rotation": 90, "autoUv": false },
						"west": { "texture": "#poplar", "uv": [ 0.0, 0.0, 1.0, 1.0 ], "enabled": false },
						"up": { "texture": "#poplar", "uv": [ 14.0, 9.0, 15.0, 13.0 ], "rotation": 90, "autoUv": false },
						"down": { "texture": "#poplar", "uv": [ 14.0, 12.0, 15.0, 16.0 ], "rotation": 90, "autoUv": false }
					},
					"children": [
						{
							"name": "Cube3",
							"from": [ 0.6, 0.1, 0.5 ], 
							"to": [ 1.1, 0.6, 1.5 ], 
							"rotationOrigin": [ 1.1, 0.0, 0.5 ],
							"rotationY": 20.0,
							"faces": {
								"north": { "texture": "#poplar", "uv": [ 0.0, 0.0, 1.0, 1.0 ], "enabled": false },
								"east": { "texture": "#poplar", "uv": [ 14.0, 0.0, 16.0, 1.0 ], "autoUv": false },
								"south": { "texture": "#poplar", "uv": [ 0.0, 0.0, 1.0, 1.0 ], "enabled": false },
								"west": { "texture": "#poplar", "uv": [ 14.0, 8.0, 16.0, 9.0 ], "autoUv": false },
								"up": { "texture": "#poplar", "uv": [ 14.0, 6.0, 15.0, 8.0 ], "autoUv": false },
								"down": { "texture": "#poplar", "uv": [ 14.0, 2.0, 15.0, 4.0 ], "autoUv": false }
							},
							"children": [
								{
									"name": "Cube4",
									"from": [ -0.21, -0.25, 1.0 ], 
									"to": [ 0.79, 0.75, 4.0 ], 
									"rotationOrigin": [ 0.0, 0.0, 1.0 ],
									"rotationY": 3.0,
									"rotationZ": 10.0,
									"faces": {
										"north": { "texture": "#poplar", "uv": [ 2.0, 3.0, 4.0, 5.0 ], "autoUv": false },
										"east": { "texture": "#poplar", "uv": [ 1.0, 1.0, 3.0, 7.0 ], "rotation": 90, "autoUv": false },
										"south": { "texture": "#poplar", "uv": [ 2.0, 3.0, 4.0, 5.0 ], "autoUv": false },
										"west": { "texture": "#poplar", "uv": [ 2.0, 3.0, 4.0, 9.0 ], "rotation": 90, "autoUv": false },
										"up": { "texture": "#poplar", "uv": [ 0.0, 0.0, 2.0, 6.0 ], "autoUv": false },
										"down": { "texture": "#poplar", "uv": [ 3.0, 4.0, 5.0, 10.0 ], "autoUv": false }
									},
									"children": [
										{
											"name": "Cube7",
											"from": [ 1.0, 0.5, 0.0 ], 
											"to": [ 2.0, 0.5, 3.0 ], 
											"rotationOrigin": [ 1.0, 0.5, 0.0 ],
											"rotationZ": -20.0,
											"faces": {
												"north": { "texture": "#poplar", "uv": [ 0.0, 0.0, 1.0, 1.0 ], "enabled": false },
												"east": { "texture": "#poplar", "uv": [ 10.0, 10.0, 12.0, 16.0 ], "enabled": false, "autoUv": false },
												"south": { "texture": "#poplar", "uv": [ 0.0, 0.0, 1.0, 1.0 ], "enabled": false },
												"west": { "texture": "#poplar", "uv": [ 0.0, 0.0, 3.0, 1.0 ], "enabled": false },
												"up": { "texture": "#poplar", "uv": [ 10.0, 10.0, 12.0, 16.0 ], "autoUv": false },
												"down": { "texture": "#poplar", "uv": [ 0.0, 0.0, 1.0, 3.0 ], "enabled": false }
											}
										},
										{
											"name": "Cube8",
											"from": [ 0.3, 1.0, 0.35 ], 
											"to": [ 0.3, 2.0, 2.35 ], 
											"rotationOrigin": [ 0.3, 1.0, 0.0 ],
											"rotationZ": 45.0,
											"faces": {
												"north": { "texture": "#poplar", "uv": [ 0.0, 0.0, 1.0, 1.0 ], "enabled": false },
												"east": { "texture": "#poplar", "uv": [ 7.0, 10.0, 9.0, 14.0 ], "rotation": 90, "autoUv": false },
												"south": { "texture": "#poplar", "uv": [ 0.0, 0.0, 1.0, 1.0 ], "enabled": false },
												"west": { "texture": "#poplar", "uv": [ 0.0, 0.0, 2.0, 1.0 ], "enabled": false },
												"up": { "texture": "#poplar", "uv": [ 0.0, 0.0, 1.0, 2.0 ], "enabled": false },
												"down": { "texture": "#poplar", "uv": [ 0.0, 0.0, 1.0, 2.0 ], "enabled": false }
											}
										}
									]
								}
							]
						}
					]
				},
				{
					"name": "Cube5",
					"from": [ 2.0, 0.0, 1.0 ], 
					"to": [ 2.5, 0.5, 2.0 ], 
					"rotationOrigin": [ 2.5, 0.0, 1.0 ],
					"rotationY": -11.0,
					"faces": {
						"north": { "texture": "#poplar", "uv": [ 0.0, 0.0, 1.0, 1.0 ], "enabled": false },
						"east": { "texture": "#poplar", "uv": [ 14.0, 8.0, 16.0, 9.0 ], "autoUv": false },
						"south": { "texture": "#poplar", "uv": [ 0.0, 0.0, 1.0, 1.0 ], "enabled": false },
						"west": { "texture": "#poplar", "uv": [ 13.0, 8.0, 15.0, 9.0 ], "autoUv": false },
						"up": { "texture": "#poplar", "uv": [ 13.0, 7.0, 14.0, 9.0 ], "autoUv": false },
						"down": { "texture": "#poplar", "uv": [ 15.0, 6.0, 16.0, 8.0 ], "autoUv": false }
					},
					"children": [
						{
							"name": "Cube6",
							"from": [ -0.21, -0.25, 1.0 ], 
							"to": [ 0.79, 0.75, 4.5 ], 
							"rotationOrigin": [ 0.6, 0.0, 1.0 ],
							"rotationY": -7.0,
							"rotationZ": 7.0,
							"faces": {
								"north": { "texture": "#poplar", "uv": [ 1.0, 4.0, 3.0, 6.0 ], "autoUv": false },
								"east": { "texture": "#poplar", "uv": [ 2.0, 0.0, 4.0, 7.0 ], "rotation": 90, "autoUv": false },
								"south": { "texture": "#poplar", "uv": [ 3.0, 5.0, 5.0, 7.0 ], "autoUv": false },
								"west": { "texture": "#poplar", "uv": [ 2.0, 1.0, 4.0, 8.0 ], "rotation": 90, "autoUv": false },
								"up": { "texture": "#poplar", "uv": [ 0.0, 1.0, 2.0, 8.0 ], "autoUv": false },
								"down": { "texture": "#poplar", "uv": [ 3.0, 5.0, 5.0, 12.0 ], "autoUv": false }
							},
							"children": [
								{
									"name": "Cube9",
									"from": [ 0.7, 1.0, 0.75 ], 
									"to": [ 0.7, 2.0, 3.75 ], 
									"rotationOrigin": [ 0.7, 1.0, 0.0 ],
									"rotationZ": -38.0,
									"faces": {
										"north": { "texture": "#poplar", "uv": [ 0.0, 0.0, 1.0, 1.0 ], "enabled": false },
										"east": { "texture": "#poplar", "uv": [ 0.0, 0.0, 3.0, 1.0 ], "enabled": false },
										"south": { "texture": "#poplar", "uv": [ 0.0, 0.0, 1.0, 1.0 ], "enabled": false },
										"west": { "texture": "#poplar", "uv": [ 10.0, 10.0, 12.0, 16.0 ], "rotation": 270, "autoUv": false },
										"up": { "texture": "#poplar", "uv": [ 0.0, 0.0, 1.0, 3.0 ], "enabled": false },
										"down": { "texture": "#poplar", "uv": [ 0.0, 0.0, 1.0, 3.0 ], "enabled": false }
									}
								},
								{
									"name": "Cube10",
									"from": [ -1.0, 0.8, 0.2 ], 
									"to": [ 0.0, 0.8, 3.2 ], 
									"rotationOrigin": [ 0.0, 0.8, 0.0 ],
									"rotationZ": 22.5,
									"faces": {
										"north": { "texture": "#poplar", "uv": [ 0.0, 0.0, 1.0, 1.0 ], "enabled": false },
										"east": { "texture": "#poplar", "uv": [ 0.0, 0.0, 3.0, 1.0 ], "enabled": false },
										"south": { "texture": "#poplar", "uv": [ 0.0, 0.0, 1.0, 1.0 ], "enabled": false },
										"west": { "texture": "#poplar", "uv": [ 0.0, 0.0, 3.0, 1.0 ], "enabled": false },
										"up": { "texture": "#poplar", "uv": [ 6.0, 10.0, 12.0, 12.0 ], "rotation": 270, "autoUv": false },
										"down": { "texture": "#poplar", "uv": [ 0.0, 0.0, 1.0, 3.0 ], "enabled": false }
									}
								}
							]
						}
					]
				}
			]
		}
	]}