{
	"editor": {
		"allAngles": false,
		"entityTextureMode": false
	},
	"textureWidth": 16,
	"textureHeight": 16,
	"textureSizes": {
	},
	"textures": {
		"sal_seed": "item/resource/seeds/sal"
	},
	"elements": [
		{
			"name": "Cube1",
			"from": [ 7.5, 0.5, 6.5 ], 
			"to": [ 9.5, 3.0, 8.5 ], 
			"rotationOrigin": [ 7.0, 0.0, 7.0 ],
			"rotationY": -28.0,
			"faces": {
				"north": { "texture": "#sal_seed", "uv": [ 0.0, 0.0, 4.0, 5.0 ], "autoUv": false },
				"east": { "texture": "#sal_seed", "uv": [ 0.0, 0.0, 4.0, 5.0 ], "autoUv": false },
				"south": { "texture": "#sal_seed", "uv": [ 0.0, 0.0, 4.0, 5.0 ], "autoUv": false },
				"west": { "texture": "#sal_seed", "uv": [ 0.0, 0.0, 4.0, 5.0 ], "autoUv": false },
				"up": { "texture": "#sal_seed", "uv": [ 0.0, 6.0, 4.0, 10.0 ], "autoUv": false },
				"down": { "texture": "#sal_seed", "uv": [ 11.0, 3.0, 15.0, 7.0 ], "autoUv": false }
			},
			"children": [
				{
					"name": "Cube2",
					"from": [ 0.25, -0.5, 0.25 ], 
					"to": [ 1.75, 0.0, 1.75 ], 
					"rotationOrigin": [ 0.0, -1.0, 0.0 ],
					"faces": {
						"north": { "texture": "#sal_seed", "uv": [ 12.0, 2.0, 15.0, 3.0 ], "autoUv": false },
						"east": { "texture": "#sal_seed", "uv": [ 11.0, 3.0, 14.0, 4.0 ], "autoUv": false },
						"south": { "texture": "#sal_seed", "uv": [ 11.0, 5.0, 14.0, 6.0 ], "autoUv": false },
						"west": { "texture": "#sal_seed", "uv": [ 12.0, 3.0, 15.0, 4.0 ], "autoUv": false },
						"up": { "texture": "#sal_seed", "uv": [ 0.0, 0.0, 1.0, 1.0 ], "enabled": false },
						"down": { "texture": "#sal_seed", "uv": [ 12.0, 2.0, 15.0, 5.0 ], "autoUv": false }
					}
				},
				{
					"name": "Cube3",
					"from": [ 0.0, 0.48, 0.0 ], 
					"to": [ 2.0, 3.48, 0.0 ], 
					"rotationOrigin": [ 0.0, 0.48, 0.0 ],
					"rotationX": -22.5,
					"faces": {
						"north": { "texture": "#sal_seed", "uv": [ 11.0, 6.0, 15.0, 12.0 ], "enabled": false, "autoUv": false, "windMode": [-1,-1,-1,-1] },
						"east": { "texture": "#sal_seed", "uv": [ 0.0, 0.0, 0.5, 3.0 ], "enabled": false },
						"south": { "texture": "#sal_seed", "uv": [ 11.0, 6.0, 15.0, 12.0 ], "autoUv": false, "windMode": [-1,-1,-1,-1] },
						"west": { "texture": "#sal_seed", "uv": [ 0.0, 0.0, 0.5, 3.0 ], "enabled": false },
						"up": { "texture": "#sal_seed", "uv": [ 0.0, 0.0, 2.0, 0.5 ], "enabled": false },
						"down": { "texture": "#sal_seed", "uv": [ 0.0, 0.0, 2.0, 0.5 ], "enabled": false }
					},
					"children": [
						{
							"name": "Cube4",
							"from": [ 0.0, 3.0, 0.0 ], 
							"to": [ 2.0, 4.5, 0.0 ], 
							"rotationOrigin": [ 0.0, 3.0, 0.0 ],
							"rotationX": -25.0,
							"faces": {
								"north": { "texture": "#sal_seed", "uv": [ 0.0, 0.0, 2.0, 1.0 ], "enabled": false },
								"east": { "texture": "#sal_seed", "uv": [ 0.0, 0.0, 1.0, 1.0 ], "enabled": false },
								"south": { "texture": "#sal_seed", "uv": [ 11.0, 3.0, 15.0, 6.0 ], "autoUv": false },
								"west": { "texture": "#sal_seed", "uv": [ 0.0, 0.0, 1.0, 1.0 ], "enabled": false },
								"up": { "texture": "#sal_seed", "uv": [ 0.0, 0.0, 2.0, 1.0 ], "enabled": false },
								"down": { "texture": "#sal_seed", "uv": [ 0.0, 0.0, 2.0, 1.0 ], "enabled": false }
							},
							"children": [
								{
									"name": "Cube5",
									"from": [ 0.0, 1.5, 0.0 ], 
									"to": [ 2.0, 3.0, 0.0 ], 
									"rotationOrigin": [ 0.0, 1.5, 0.0 ],
									"rotationX": -25.0,
									"faces": {
										"north": { "texture": "#sal_seed", "uv": [ 11.0, 0.0, 15.0, 3.0 ], "enabled": false, "autoUv": false, "windMode": [-1,-1,-1,-1] },
										"east": { "texture": "#sal_seed", "uv": [ 0.0, 0.0, 0.5, 1.5 ], "enabled": false },
										"south": { "texture": "#sal_seed", "uv": [ 11.0, 0.0, 15.0, 3.0 ], "autoUv": false, "windMode": [-1,-1,-1,-1] },
										"west": { "texture": "#sal_seed", "uv": [ 0.0, 0.0, 0.5, 1.5 ], "enabled": false },
										"up": { "texture": "#sal_seed", "uv": [ 0.0, 0.0, 2.0, 0.5 ], "enabled": false },
										"down": { "texture": "#sal_seed", "uv": [ 0.0, 0.0, 2.0, 0.5 ], "enabled": false }
									}
								}
							]
						}
					]
				},
				{
					"name": "Cube6",
					"from": [ 0.0, 0.35, 0.0 ], 
					"to": [ 0.0, 2.35, 1.5 ], 
					"rotationOrigin": [ 0.0, 0.35, 1.0 ],
					"rotationY": -10.0,
					"rotationZ": 22.5,
					"faces": {
						"north": { "texture": "#sal_seed", "uv": [ 0.0, 0.0, 1.0, 2.0 ], "enabled": false },
						"east": { "texture": "#sal_seed", "uv": [ 7.0, 8.0, 10.0, 12.0 ], "autoUv": false },
						"south": { "texture": "#sal_seed", "uv": [ 0.0, 0.0, 1.0, 2.0 ], "enabled": false },
						"west": { "texture": "#sal_seed", "uv": [ 0.0, 0.0, 1.0, 2.0 ], "enabled": false },
						"up": { "texture": "#sal_seed", "uv": [ 0.0, 0.0, 1.0, 1.0 ], "enabled": false },
						"down": { "texture": "#sal_seed", "uv": [ 0.0, 0.0, 1.0, 1.0 ], "enabled": false }
					},
					"children": [
						{
							"name": "Cube7",
							"from": [ 0.0, 2.0, 0.0 ], 
							"to": [ 0.0, 3.0, 1.5 ], 
							"rotationOrigin": [ 0.0, 2.0, 0.0 ],
							"rotationZ": 25.0,
							"faces": {
								"north": { "texture": "#sal_seed", "uv": [ 0.0, 0.0, 1.0, 1.0 ], "enabled": false },
								"east": { "texture": "#sal_seed", "uv": [ 7.0, 6.0, 10.0, 8.0 ], "autoUv": false },
								"south": { "texture": "#sal_seed", "uv": [ 0.0, 0.0, 1.0, 1.0 ], "enabled": false },
								"west": { "texture": "#sal_seed", "uv": [ 0.0, 0.0, 1.0, 1.0 ], "enabled": false },
								"up": { "texture": "#sal_seed", "uv": [ 0.0, 0.0, 1.0, 1.0 ], "enabled": false },
								"down": { "texture": "#sal_seed", "uv": [ 0.0, 0.0, 1.0, 1.0 ], "enabled": false }
							},
							"children": [
								{
									"name": "Cube8",
									"from": [ 0.0, 1.0, 0.0 ], 
									"to": [ 0.0, 2.0, 1.5 ], 
									"rotationOrigin": [ 0.0, 1.0, 0.0 ],
									"rotationZ": 25.0,
									"faces": {
										"north": { "texture": "#sal_seed", "uv": [ 0.0, 0.0, 0.5, 1.0 ], "enabled": false },
										"east": { "texture": "#sal_seed", "uv": [ 7.0, 4.0, 10.0, 6.0 ], "autoUv": false, "windMode": [-1,-1,-1,-1] },
										"south": { "texture": "#sal_seed", "uv": [ 0.0, 0.0, 0.5, 1.0 ], "enabled": false },
										"west": { "texture": "#sal_seed", "uv": [ 7.0, 4.0, 10.0, 6.0 ], "enabled": false, "autoUv": false, "windMode": [-1,-1,-1,-1] },
										"up": { "texture": "#sal_seed", "uv": [ 0.0, 0.0, 0.5, 1.5 ], "enabled": false },
										"down": { "texture": "#sal_seed", "uv": [ 0.0, 0.0, 0.5, 1.5 ], "enabled": false }
									}
								}
							]
						}
					]
				},
				{
					"name": "Cube9",
					"from": [ 2.0, 0.35, 0.0 ], 
					"to": [ 2.0, 2.35, 1.5 ], 
					"rotationOrigin": [ 2.0, 0.35, 1.0 ],
					"rotationY": 10.0,
					"rotationZ": -22.5,
					"faces": {
						"north": { "texture": "#sal_seed", "uv": [ 0.0, 0.0, 1.0, 2.0 ], "enabled": false },
						"east": { "texture": "#sal_seed", "uv": [ 7.0, 8.0, 10.0, 12.0 ], "enabled": false, "autoUv": false, "windMode": [-1,-1,-1,-1] },
						"south": { "texture": "#sal_seed", "uv": [ 0.0, 0.0, 1.0, 2.0 ], "enabled": false },
						"west": { "texture": "#sal_seed", "uv": [ 7.0, 8.0, 10.0, 12.0 ], "autoUv": false, "windMode": [-1,-1,-1,-1] },
						"up": { "texture": "#sal_seed", "uv": [ 0.0, 0.0, 1.0, 1.0 ], "enabled": false },
						"down": { "texture": "#sal_seed", "uv": [ 0.0, 0.0, 1.0, 1.0 ], "enabled": false }
					},
					"children": [
						{
							"name": "Cube10",
							"from": [ 0.0, 2.0, 0.0 ], 
							"to": [ 0.0, 3.0, 1.5 ], 
							"rotationOrigin": [ 0.0, 2.0, 0.0 ],
							"rotationZ": -25.0,
							"faces": {
								"north": { "texture": "#sal_seed", "uv": [ 0.0, 0.0, 1.0, 1.0 ], "enabled": false },
								"east": { "texture": "#sal_seed", "uv": [ 7.0, 6.0, 10.0, 8.0 ], "enabled": false, "autoUv": false },
								"south": { "texture": "#sal_seed", "uv": [ 0.0, 0.0, 1.0, 1.0 ], "enabled": false },
								"west": { "texture": "#sal_seed", "uv": [ 7.0, 6.0, 10.0, 8.0 ], "autoUv": false, "windMode": [-1,-1,-1,-1] },
								"up": { "texture": "#sal_seed", "uv": [ 0.0, 0.0, 1.0, 1.0 ], "enabled": false },
								"down": { "texture": "#sal_seed", "uv": [ 0.0, 0.0, 1.0, 1.0 ], "enabled": false }
							},
							"children": [
								{
									"name": "Cube11",
									"from": [ 0.0, 1.0, 0.0 ], 
									"to": [ 0.0, 2.0, 1.5 ], 
									"rotationOrigin": [ 0.0, 1.0, 0.0 ],
									"rotationZ": -25.0,
									"faces": {
										"north": { "texture": "#sal_seed", "uv": [ 0.0, 0.0, 0.5, 1.0 ], "enabled": false },
										"east": { "texture": "#sal_seed", "uv": [ 7.0, 4.0, 10.0, 6.0 ], "enabled": false, "autoUv": false, "windMode": [-1,-1,-1,-1] },
										"south": { "texture": "#sal_seed", "uv": [ 0.0, 0.0, 0.5, 1.0 ], "enabled": false },
										"west": { "texture": "#sal_seed", "uv": [ 7.0, 4.0, 10.0, 6.0 ], "autoUv": false, "windMode": [-1,-1,-1,-1] },
										"up": { "texture": "#sal_seed", "uv": [ 0.0, 0.0, 0.5, 1.5 ], "enabled": false },
										"down": { "texture": "#sal_seed", "uv": [ 0.0, 0.0, 0.5, 1.5 ], "enabled": false }
									}
								}
							]
						}
					]
				},
				{
					"name": "Cube12",
					"from": [ -0.8, 0.45, 2.1 ], 
					"to": [ 1.2, 3.45, 2.1 ], 
					"rotationOrigin": [ 0.5, 0.45, 2.0 ],
					"rotationX": 30.0,
					"rotationY": -37.0,
					"rotationZ": 20.0,
					"faces": {
						"north": { "texture": "#sal_seed", "uv": [ 11.0, 6.0, 15.0, 12.0 ], "autoUv": false, "windMode": [-1,-1,-1,-1] },
						"east": { "texture": "#sal_seed", "uv": [ 0.0, 0.0, 1.0, 3.0 ], "enabled": false },
						"south": { "texture": "#sal_seed", "uv": [ 11.0, 6.0, 15.0, 12.0 ], "enabled": false, "autoUv": false },
						"west": { "texture": "#sal_seed", "uv": [ 0.0, 0.0, 1.0, 3.0 ], "enabled": false },
						"up": { "texture": "#sal_seed", "uv": [ 0.0, 0.0, 2.0, 1.0 ], "enabled": false },
						"down": { "texture": "#sal_seed", "uv": [ 0.0, 0.0, 2.0, 1.0 ], "enabled": false }
					},
					"children": [
						{
							"name": "Cube13",
							"from": [ 0.0, 3.0, 0.0 ], 
							"to": [ 2.0, 4.5, 0.0 ], 
							"rotationOrigin": [ 0.0, 3.0, 0.0 ],
							"rotationX": 25.0,
							"faces": {
								"north": { "texture": "#sal_seed", "uv": [ 11.0, 3.0, 15.0, 6.0 ], "autoUv": false, "windMode": [-1,-1,-1,-1] },
								"east": { "texture": "#sal_seed", "uv": [ 0.0, 0.0, 1.0, 1.0 ], "enabled": false },
								"south": { "texture": "#sal_seed", "uv": [ 11.0, 3.0, 15.0, 6.0 ], "enabled": false, "autoUv": false },
								"west": { "texture": "#sal_seed", "uv": [ 0.0, 0.0, 1.0, 1.0 ], "enabled": false },
								"up": { "texture": "#sal_seed", "uv": [ 0.0, 0.0, 2.0, 1.0 ], "enabled": false },
								"down": { "texture": "#sal_seed", "uv": [ 0.0, 0.0, 2.0, 1.0 ], "enabled": false }
							},
							"children": [
								{
									"name": "Cube14",
									"from": [ 0.0, 1.5, 0.0 ], 
									"to": [ 2.0, 3.0, 0.0 ], 
									"rotationOrigin": [ 0.0, 1.5, 0.0 ],
									"rotationX": 25.0,
									"faces": {
										"north": { "texture": "#sal_seed", "uv": [ 11.0, 0.0, 15.0, 3.0 ], "autoUv": false, "windMode": [-1,-1,-1,-1] },
										"east": { "texture": "#sal_seed", "uv": [ 0.0, 0.0, 0.5, 1.5 ], "enabled": false },
										"south": { "texture": "#sal_seed", "uv": [ 11.0, 0.0, 15.0, 3.0 ], "enabled": false, "autoUv": false, "windMode": [-1,-1,-1,-1] },
										"west": { "texture": "#sal_seed", "uv": [ 0.0, 0.0, 0.5, 1.5 ], "enabled": false },
										"up": { "texture": "#sal_seed", "uv": [ 0.0, 0.0, 2.0, 0.5 ], "enabled": false },
										"down": { "texture": "#sal_seed", "uv": [ 0.0, 0.0, 2.0, 0.5 ], "enabled": false }
									}
								}
							]
						}
					]
				},
				{
					"name": "Cube15",
					"from": [ 0.8, 0.45, 2.1 ], 
					"to": [ 2.8, 3.45, 2.1 ], 
					"rotationOrigin": [ 1.5, 0.45, 2.0 ],
					"rotationX": 30.0,
					"rotationY": 37.0,
					"rotationZ": -20.0,
					"faces": {
						"north": { "texture": "#sal_seed", "uv": [ 11.0, 6.0, 15.0, 12.0 ], "autoUv": false, "windMode": [-1,-1,-1,-1] },
						"east": { "texture": "#sal_seed", "uv": [ 0.0, 0.0, 1.0, 3.0 ], "enabled": false },
						"south": { "texture": "#sal_seed", "uv": [ 11.0, 6.0, 15.0, 12.0 ], "enabled": false, "autoUv": false },
						"west": { "texture": "#sal_seed", "uv": [ 0.0, 0.0, 1.0, 3.0 ], "enabled": false },
						"up": { "texture": "#sal_seed", "uv": [ 0.0, 0.0, 2.0, 1.0 ], "enabled": false },
						"down": { "texture": "#sal_seed", "uv": [ 0.0, 0.0, 2.0, 1.0 ], "enabled": false }
					},
					"children": [
						{
							"name": "Cube16",
							"from": [ 0.0, 3.0, 0.0 ], 
							"to": [ 2.0, 4.5, 0.0 ], 
							"rotationOrigin": [ 0.0, 3.0, 0.0 ],
							"rotationX": 25.0,
							"faces": {
								"north": { "texture": "#sal_seed", "uv": [ 11.0, 3.0, 15.0, 6.0 ], "autoUv": false, "windMode": [-1,-1,-1,-1] },
								"east": { "texture": "#sal_seed", "uv": [ 0.0, 0.0, 1.0, 1.0 ], "enabled": false },
								"south": { "texture": "#sal_seed", "uv": [ 11.0, 3.0, 15.0, 6.0 ], "enabled": false, "autoUv": false },
								"west": { "texture": "#sal_seed", "uv": [ 0.0, 0.0, 1.0, 1.0 ], "enabled": false },
								"up": { "texture": "#sal_seed", "uv": [ 0.0, 0.0, 2.0, 1.0 ], "enabled": false },
								"down": { "texture": "#sal_seed", "uv": [ 0.0, 0.0, 2.0, 1.0 ], "enabled": false }
							},
							"children": [
								{
									"name": "Cube17",
									"from": [ 0.0, 1.5, 0.0 ], 
									"to": [ 2.0, 3.0, 0.0 ], 
									"rotationOrigin": [ 0.0, 1.5, 0.0 ],
									"rotationX": 25.0,
									"faces": {
										"north": { "texture": "#sal_seed", "uv": [ 11.0, 0.0, 15.0, 3.0 ], "autoUv": false, "windMode": [-1,-1,-1,-1] },
										"east": { "texture": "#sal_seed", "uv": [ 0.0, 0.0, 0.5, 1.5 ], "enabled": false },
										"south": { "texture": "#sal_seed", "uv": [ 11.0, 0.0, 15.0, 3.0 ], "enabled": false, "autoUv": false, "windMode": [-1,-1,-1,-1] },
										"west": { "texture": "#sal_seed", "uv": [ 0.0, 0.0, 0.5, 1.5 ], "enabled": false },
										"up": { "texture": "#sal_seed", "uv": [ 0.0, 0.0, 2.0, 0.5 ], "enabled": false },
										"down": { "texture": "#sal_seed", "uv": [ 0.0, 0.0, 2.0, 0.5 ], "enabled": false }
									}
								}
							]
						}
					]
				}
			]
		}
	]}