{
	"editor": {
		"allAngles": false,
		"entityTextureMode": false
	},
	"textureWidth": 16,
	"textureHeight": 16,
	"textureSizes": {
	},
	"textures": {
		"sapele": "item/resource/seeds/sapele"
	},
	"elements": [
		{
			"name": "Cube1",
			"from": [ 7.0, 1.5, 6.0 ], 
			"to": [ 9.0, 2.0, 8.0 ], 
			"rotationOrigin": [ 7.0, 1.0, 6.0 ],
			"rotationX": 27.0,
			"rotationY": -10.0,
			"rotationZ": -19.0,
			"faces": {
				"north": { "texture": "#sapele", "uv": [ 0.0, 2.0, 4.0, 3.0 ], "autoUv": false },
				"east": { "texture": "#sapele", "uv": [ 0.0, 4.0, 4.0, 5.0 ], "autoUv": false },
				"south": { "texture": "#sapele", "uv": [ 0.0, 6.0, 4.0, 7.0 ], "autoUv": false },
				"west": { "texture": "#sapele", "uv": [ 0.0, 6.0, 4.0, 7.0 ], "autoUv": false },
				"up": { "texture": "#sapele", "uv": [ 0.0, 0.0, 4.0, 4.0 ], "enabled": false, "autoUv": false },
				"down": { "texture": "#sapele", "uv": [ 0.0, 0.0, 4.0, 4.0 ], "autoUv": false }
			},
			"children": [
				{
					"name": "Cube2",
					"from": [ 0.0, 0.5, 0.0 ], 
					"to": [ 2.0, 2.5, 0.4 ], 
					"rotationOrigin": [ 0.0, 0.5, 0.0 ],
					"rotationX": -26.0,
					"faces": {
						"north": { "texture": "#sapele", "uv": [ 0.0, 0.0, 4.0, 4.0 ], "autoUv": false },
						"east": { "texture": "#sapele", "uv": [ 6.0, 2.0, 7.0, 6.0 ], "autoUv": false },
						"south": { "texture": "#sapele", "uv": [ 5.0, 3.0, 9.0, 7.0 ], "autoUv": false },
						"west": { "texture": "#sapele", "uv": [ 8.0, 3.0, 9.0, 7.0 ], "autoUv": false },
						"up": { "texture": "#sapele", "uv": [ 5.0, 1.0, 9.0, 2.0 ], "autoUv": false },
						"down": { "texture": "#sapele", "uv": [ 0.0, 0.0, 2.0, 1.0 ], "enabled": false }
					},
					"children": [
						{
							"name": "Cube9",
							"from": [ 0.25, 2.0, 0.0 ], 
							"to": [ 1.75, 4.0, 0.4 ], 
							"rotationOrigin": [ 1.0, 2.0, 0.0 ],
							"rotationX": 16.0,
							"faces": {
								"north": { "texture": "#sapele", "uv": [ 0.0, 5.0, 3.0, 9.0 ], "autoUv": false },
								"east": { "texture": "#sapele", "uv": [ 7.0, 1.0, 8.0, 5.0 ], "autoUv": false },
								"south": { "texture": "#sapele", "uv": [ 5.0, 2.0, 8.0, 6.0 ], "autoUv": false },
								"west": { "texture": "#sapele", "uv": [ 5.0, 0.0, 6.0, 4.0 ], "autoUv": false },
								"up": { "texture": "#sapele", "uv": [ 1.0, 0.0, 4.0, 1.0 ], "autoUv": false },
								"down": { "texture": "#sapele", "uv": [ 0.0, 0.0, 1.0, 1.0 ] }
							}
						}
					]
				},
				{
					"name": "Cube3",
					"from": [ 0.25, -0.5, 0.25 ], 
					"to": [ 1.75, 0.0, 1.75 ], 
					"faces": {
						"north": { "texture": "#sapele", "uv": [ 0.0, 6.0, 3.0, 7.0 ], "autoUv": false },
						"east": { "texture": "#sapele", "uv": [ 1.0, 3.0, 4.0, 4.0 ], "autoUv": false },
						"south": { "texture": "#sapele", "uv": [ 0.0, 4.0, 3.0, 5.0 ], "autoUv": false },
						"west": { "texture": "#sapele", "uv": [ 0.0, 2.0, 3.0, 3.0 ], "autoUv": false },
						"up": { "texture": "#sapele", "uv": [ 0.0, 0.0, 1.0, 1.0 ], "enabled": false },
						"down": { "texture": "#sapele", "uv": [ 0.0, 0.0, 3.0, 3.0 ], "autoUv": false }
					}
				},
				{
					"name": "Cube4",
					"from": [ 0.0, 0.5, 1.6 ], 
					"to": [ 2.0, 2.5, 2.0 ], 
					"rotationOrigin": [ 0.0, 0.5, 2.0 ],
					"rotationX": 26.0,
					"faces": {
						"north": { "texture": "#sapele", "uv": [ 5.0, 4.0, 9.0, 8.0 ], "autoUv": false },
						"east": { "texture": "#sapele", "uv": [ 7.0, 3.0, 8.0, 7.0 ], "autoUv": false },
						"south": { "texture": "#sapele", "uv": [ 0.0, 1.0, 4.0, 5.0 ], "autoUv": false },
						"west": { "texture": "#sapele", "uv": [ 7.0, 2.0, 8.0, 6.0 ], "autoUv": false },
						"up": { "texture": "#sapele", "uv": [ 5.0, 6.0, 9.0, 7.0 ], "autoUv": false },
						"down": { "texture": "#sapele", "uv": [ 0.0, 0.0, 2.0, 1.0 ], "enabled": false }
					},
					"children": [
						{
							"name": "Cube10",
							"from": [ 0.25, 2.0, 0.0 ], 
							"to": [ 1.75, 4.0, 0.4 ], 
							"rotationOrigin": [ 0.0, 2.0, 0.4 ],
							"rotationX": -16.0,
							"faces": {
								"north": { "texture": "#sapele", "uv": [ 6.0, 6.0, 9.0, 10.0 ], "autoUv": false },
								"east": { "texture": "#sapele", "uv": [ 8.0, 3.0, 9.0, 7.0 ], "autoUv": false },
								"south": { "texture": "#sapele", "uv": [ 1.0, 4.0, 4.0, 8.0 ], "autoUv": false },
								"west": { "texture": "#sapele", "uv": [ 6.0, 1.0, 7.0, 5.0 ], "autoUv": false },
								"up": { "texture": "#sapele", "uv": [ 0.0, 0.0, 3.0, 1.0 ], "autoUv": false },
								"down": { "texture": "#sapele", "uv": [ 0.0, 0.0, 1.0, 1.0 ], "enabled": false }
							}
						}
					]
				},
				{
					"name": "Cube5",
					"from": [ 0.0, 0.5, 0.0 ], 
					"to": [ 0.4, 2.5, 2.0 ], 
					"rotationOrigin": [ 0.0, 0.5, 0.0 ],
					"rotationZ": 26.0,
					"faces": {
						"north": { "texture": "#sapele", "uv": [ 6.0, 4.0, 7.0, 9.0 ], "autoUv": false },
						"east": { "texture": "#sapele", "uv": [ 5.0, 6.0, 9.0, 10.0 ], "autoUv": false },
						"south": { "texture": "#sapele", "uv": [ 5.0, 2.0, 6.0, 6.0 ], "autoUv": false },
						"west": { "texture": "#sapele", "uv": [ 0.0, 6.0, 4.0, 10.0 ], "autoUv": false },
						"up": { "texture": "#sapele", "uv": [ 5.0, 2.0, 6.0, 6.0 ], "autoUv": false },
						"down": { "texture": "#sapele", "uv": [ 0.0, 0.0, 1.0, 2.0 ], "enabled": false }
					},
					"children": [
						{
							"name": "Cube11",
							"from": [ 0.0, 2.0, 0.25 ], 
							"to": [ 0.4, 4.0, 1.75 ], 
							"rotationOrigin": [ 0.0, 2.0, 0.0 ],
							"rotationZ": -16.0,
							"faces": {
								"north": { "texture": "#sapele", "uv": [ 5.0, 1.0, 6.0, 5.0 ], "autoUv": false },
								"east": { "texture": "#sapele", "uv": [ 6.0, 5.0, 9.0, 9.0 ], "autoUv": false },
								"south": { "texture": "#sapele", "uv": [ 6.0, 2.0, 7.0, 6.0 ], "autoUv": false },
								"west": { "texture": "#sapele", "uv": [ 1.0, 5.0, 4.0, 9.0 ], "autoUv": false },
								"up": { "texture": "#sapele", "uv": [ 0.0, 0.0, 1.0, 3.0 ], "autoUv": false },
								"down": { "texture": "#sapele", "uv": [ 0.0, 0.0, 1.0, 1.0 ], "enabled": false }
							}
						}
					]
				},
				{
					"name": "Cube6",
					"from": [ 1.6, 0.5, 0.0 ], 
					"to": [ 2.0, 2.5, 2.0 ], 
					"rotationOrigin": [ 2.0, 0.5, 0.0 ],
					"rotationZ": -26.0,
					"faces": {
						"north": { "texture": "#sapele", "uv": [ 7.0, 4.0, 8.0, 8.0 ], "autoUv": false },
						"east": { "texture": "#sapele", "uv": [ 0.0, 3.0, 4.0, 7.0 ], "autoUv": false },
						"south": { "texture": "#sapele", "uv": [ 7.0, 5.0, 8.0, 9.0 ], "autoUv": false },
						"west": { "texture": "#sapele", "uv": [ 5.0, 2.0, 9.0, 6.0 ], "autoUv": false },
						"up": { "texture": "#sapele", "uv": [ 7.0, 0.0, 8.0, 4.0 ], "autoUv": false },
						"down": { "texture": "#sapele", "uv": [ 0.0, 0.0, 1.0, 2.0 ], "enabled": false }
					},
					"children": [
						{
							"name": "Cube12",
							"from": [ 0.0, 2.0, 0.25 ], 
							"to": [ 0.4, 4.0, 1.75 ], 
							"rotationOrigin": [ 0.4, 2.0, 0.0 ],
							"rotationZ": 16.0,
							"faces": {
								"north": { "texture": "#sapele", "uv": [ 6.0, 1.0, 7.0, 5.0 ], "autoUv": false },
								"east": { "texture": "#sapele", "uv": [ 0.0, 0.0, 3.0, 4.0 ], "autoUv": false },
								"south": { "texture": "#sapele", "uv": [ 7.0, 5.0, 8.0, 9.0 ], "autoUv": false },
								"west": { "texture": "#sapele", "uv": [ 5.0, 2.0, 8.0, 6.0 ], "autoUv": false },
								"up": { "texture": "#sapele", "uv": [ 2.0, 3.0, 3.0, 6.0 ], "autoUv": false },
								"down": { "texture": "#sapele", "uv": [ 0.0, 0.0, 1.0, 1.0 ], "enabled": false }
							}
						}
					]
				},
				{
					"name": "Cube7",
					"from": [ 0.25, 1.0, 0.25 ], 
					"to": [ 1.75, 4.5, 1.75 ], 
					"rotationOrigin": [ 0.0, 1.0, 0.0 ],
					"faces": {
						"north": { "texture": "#sapele", "uv": [ 10.0, 0.0, 13.0, 7.0 ], "autoUv": false },
						"east": { "texture": "#sapele", "uv": [ 11.0, 1.0, 14.0, 8.0 ], "autoUv": false },
						"south": { "texture": "#sapele", "uv": [ 10.0, 1.0, 13.0, 8.0 ], "autoUv": false },
						"west": { "texture": "#sapele", "uv": [ 11.0, 0.0, 14.0, 7.0 ], "autoUv": false },
						"up": { "texture": "#sapele", "uv": [ 11.0, 1.0, 14.0, 4.0 ], "autoUv": false },
						"down": { "texture": "#sapele", "uv": [ 0.0, 0.0, 1.0, 1.0 ], "enabled": false }
					},
					"children": [
						{
							"name": "Cube8",
							"from": [ 0.25, 3.5, 0.25 ], 
							"to": [ 1.25, 4.0, 1.25 ], 
							"rotationOrigin": [ 0.0, 3.0, 0.0 ],
							"faces": {
								"north": { "texture": "#sapele", "uv": [ 11.0, 4.0, 13.0, 5.0 ], "autoUv": false },
								"east": { "texture": "#sapele", "uv": [ 11.0, 2.0, 13.0, 3.0 ], "autoUv": false },
								"south": { "texture": "#sapele", "uv": [ 12.0, 3.0, 14.0, 4.0 ], "autoUv": false },
								"west": { "texture": "#sapele", "uv": [ 11.0, 2.0, 13.0, 3.0 ], "autoUv": false },
								"up": { "texture": "#sapele", "uv": [ 11.0, 5.0, 13.0, 7.0 ], "autoUv": false },
								"down": { "texture": "#sapele", "uv": [ 0.0, 0.0, 1.0, 1.0 ], "enabled": false }
							}
						}
					]
				}
			]
		}
	]}