{
	"editor": {
		"allAngles": false,
		"entityTextureMode": false
	},
	"textureWidth": 16,
	"textureHeight": 16,
	"textureSizes": {
	},
	"textures": {
		"saxaul_seed": "item/resource/seeds/saxaul"
	},
	"elements": [
		{
			"name": "Cube1",
			"from": [ 4.0, 0.0, 7.0 ], 
			"to": [ 8.0, 0.5, 7.5 ], 
			"rotationOrigin": [ 4.0, 0.0, 7.0 ],
			"rotationY": -13.0,
			"faces": {
				"north": { "texture": "#saxaul_seed", "uv": [ 5.0, 5.0, 6.0, 13.0 ], "rotation": 90, "autoUv": false },
				"east": { "texture": "#saxaul_seed", "uv": [ 7.0, 3.0, 8.0, 4.0 ] },
				"south": { "texture": "#saxaul_seed", "uv": [ 5.0, 2.0, 6.0, 10.0 ], "rotation": 90, "autoUv": false },
				"west": { "texture": "#saxaul_seed", "uv": [ 6.0, 6.0, 7.0, 7.0 ] },
				"up": { "texture": "#saxaul_seed", "uv": [ 5.0, 1.0, 6.0, 9.0 ], "rotation": 90, "autoUv": false },
				"down": { "texture": "#saxaul_seed", "uv": [ 6.0, 2.0, 7.0, 10.0 ], "rotation": 90, "autoUv": false }
			},
			"children": [
				{
					"name": "Cube2",
					"from": [ 4.0, 0.02, 0.1 ], 
					"to": [ 6.0, 0.52, 0.6 ], 
					"rotationOrigin": [ 4.0, 0.0, 0.0 ],
					"rotationY": -29.0,
					"faces": {
						"north": { "texture": "#saxaul_seed", "uv": [ 5.0, 4.0, 6.0, 8.0 ], "rotation": 90, "autoUv": false },
						"east": { "texture": "#saxaul_seed", "uv": [ 5.0, 3.0, 6.0, 4.0 ] },
						"south": { "texture": "#saxaul_seed", "uv": [ 7.0, 1.0, 8.0, 5.0 ], "rotation": 90, "autoUv": false },
						"west": { "texture": "#saxaul_seed", "uv": [ 5.0, 6.0, 6.0, 7.0 ] },
						"up": { "texture": "#saxaul_seed", "uv": [ 7.0, 5.0, 6.0, 9.0 ], "rotation": 90, "autoUv": false },
						"down": { "texture": "#saxaul_seed", "uv": [ 5.0, 3.0, 6.0, 7.0 ], "rotation": 90, "autoUv": false }
					},
					"children": [
						{
							"name": "Cube3",
							"from": [ -1.3119, -0.02, 0.5 ], 
							"to": [ 1.1881, 0.48, 1.0 ], 
							"rotationOrigin": [ -1.3119, -0.02, 0.5272 ],
							"rotationY": 63.0,
							"rotationZ": 22.5,
							"faces": {
								"north": { "texture": "#saxaul_seed", "uv": [ 5.0, 3.0, 6.0, 8.0 ], "rotation": 90, "autoUv": false },
								"east": { "texture": "#saxaul_seed", "uv": [ 6.0, 3.0, 7.0, 4.0 ] },
								"south": { "texture": "#saxaul_seed", "uv": [ 7.0, 2.0, 8.0, 7.0 ], "rotation": 90, "autoUv": false },
								"west": { "texture": "#saxaul_seed", "uv": [ 5.0, 4.0, 6.0, 5.0 ] },
								"up": { "texture": "#saxaul_seed", "uv": [ 5.0, 2.0, 6.0, 7.0 ], "rotation": 90, "autoUv": false },
								"down": { "texture": "#saxaul_seed", "uv": [ 5.0, 2.0, 6.0, 7.0 ], "rotation": 90, "autoUv": false }
							}
						},
						{
							"name": "Cube6",
							"from": [ 2.0, 0.0, 0.0 ], 
							"to": [ 4.5, 0.5, 0.5 ], 
							"rotationOrigin": [ 2.0, 0.0, 0.0 ],
							"rotationX": -2.0,
							"rotationY": -22.5,
							"rotationZ": 9.0,
							"faces": {
								"north": { "texture": "#saxaul_seed", "uv": [ 6.0, 2.0, 7.0, 7.0 ], "rotation": 90, "autoUv": false },
								"east": { "texture": "#saxaul_seed", "uv": [ 7.0, 4.0, 8.0, 5.0 ] },
								"south": { "texture": "#saxaul_seed", "uv": [ 5.0, 3.0, 6.0, 8.0 ], "rotation": 90, "autoUv": false },
								"west": { "texture": "#saxaul_seed", "uv": [ 5.0, 2.0, 6.0, 3.0 ] },
								"up": { "texture": "#saxaul_seed", "uv": [ 5.0, 4.0, 6.0, 9.0 ], "rotation": 90, "autoUv": false },
								"down": { "texture": "#saxaul_seed", "uv": [ 5.0, 2.0, 6.0, 7.0 ], "rotation": 90, "autoUv": false }
							}
						},
						{
							"name": "Cube7",
							"from": [ 1.8, 0.0, 0.0 ], 
							"to": [ 3.3, 0.5, 0.5 ], 
							"rotationOrigin": [ 1.5, 0.0, 0.0 ],
							"rotationX": 22.5,
							"rotationY": 45.0,
							"rotationZ": 22.5,
							"faces": {
								"north": { "texture": "#saxaul_seed", "uv": [ 5.0, 2.0, 8.0, 3.0 ], "autoUv": false },
								"east": { "texture": "#saxaul_seed", "uv": [ 5.0, 2.0, 6.0, 3.0 ] },
								"south": { "texture": "#saxaul_seed", "uv": [ 5.0, 3.0, 8.0, 4.0 ], "autoUv": false },
								"west": { "texture": "#saxaul_seed", "uv": [ 6.0, 7.0, 7.0, 8.0 ] },
								"up": { "texture": "#saxaul_seed", "uv": [ 5.0, 2.0, 8.0, 3.0 ], "autoUv": false },
								"down": { "texture": "#saxaul_seed", "uv": [ 5.0, 0.0, 8.0, 1.0 ], "autoUv": false }
							}
						},
						{
							"name": "Cube9",
							"from": [ -0.5, 0.55, -3.0 ], 
							"to": [ 2.5, 0.55, 0.0 ], 
			"shade": false,
			"renderPass": 2,
							"rotationOrigin": [ 1.0, 0.0, 0.0 ],
							"rotationX": 45.0,
							"rotationY": -40.0,
							"rotationZ": 45.0,
							"faces": {
								"north": { "texture": "#saxaul_seed", "uv": [ 0.0, 0.0, 3.0, 1.0 ], "enabled": false },
								"east": { "texture": "#saxaul_seed", "uv": [ 0.0, 0.0, 3.0, 1.0 ], "enabled": false },
								"south": { "texture": "#saxaul_seed", "uv": [ 0.0, 0.0, 3.0, 1.0 ], "enabled": false },
								"west": { "texture": "#saxaul_seed", "uv": [ 0.0, 0.0, 3.0, 1.0 ], "enabled": false },
								"up": { "texture": "#saxaul_seed", "uv": [ 10.0, 0.0, 16.0, 6.0 ], "rotation": 90, "autoUv": false },
								"down": { "texture": "#saxaul_seed", "uv": [ 0.0, 0.0, 3.0, 3.0 ], "enabled": false }
							},
							"children": [
								{
									"name": "Cube10",
									"from": [ 0.55, -0.2, 0.25 ], 
									"to": [ 1.55, 0.2, 1.25 ], 
									"rotationOrigin": [ 2.0, 0.0, 0.5 ],
									"rotationY": 45.0,
									"faces": {
										"north": { "texture": "#saxaul_seed", "uv": [ 1.0, 3.0, 3.0, 4.0 ], "autoUv": false },
										"east": { "texture": "#saxaul_seed", "uv": [ 1.0, 4.0, 3.0, 5.0 ], "autoUv": false },
										"south": { "texture": "#saxaul_seed", "uv": [ 0.0, 0.0, 2.0, 1.0 ], "autoUv": false },
										"west": { "texture": "#saxaul_seed", "uv": [ 1.0, 3.0, 3.0, 4.0 ], "autoUv": false },
										"up": { "texture": "#saxaul_seed", "uv": [ 0.0, 0.0, 2.0, 2.0 ], "autoUv": false },
										"down": { "texture": "#saxaul_seed", "uv": [ 1.0, 2.0, 3.0, 4.0 ], "autoUv": false }
									}
								}
							]
						},
						{
							"name": "Cube11",
							"from": [ -3.5, 0.5, -1.8 ], 
							"to": [ -0.5, 0.5, 1.2 ], 
			"shade": false,
			"renderPass": 2,
							"rotationOrigin": [ -2.0, 0.55, 1.0 ],
							"rotationX": 30.0,
							"rotationY": -29.0,
							"rotationZ": 40.0,
							"faces": {
								"north": { "texture": "#saxaul_seed", "uv": [ 0.0, 0.0, 3.0, 0.5 ], "enabled": false },
								"east": { "texture": "#saxaul_seed", "uv": [ 0.0, 0.0, 3.0, 0.5 ], "enabled": false },
								"south": { "texture": "#saxaul_seed", "uv": [ 0.0, 0.0, 3.0, 0.5 ], "enabled": false },
								"west": { "texture": "#saxaul_seed", "uv": [ 0.0, 0.0, 3.0, 0.5 ], "enabled": false },
								"up": { "texture": "#saxaul_seed", "uv": [ 10.0, 0.0, 16.0, 6.0 ], "rotation": 90, "autoUv": false },
								"down": { "texture": "#saxaul_seed", "uv": [ 0.0, 0.0, 3.0, 3.0 ], "enabled": false }
							},
							"children": [
								{
									"name": "Cube14",
									"from": [ 0.55, -0.2, 0.25 ], 
									"to": [ 1.55, 0.2, 1.25 ], 
									"rotationOrigin": [ 2.0, 0.0, 0.5 ],
									"rotationY": 45.0,
									"faces": {
										"north": { "texture": "#saxaul_seed", "uv": [ 1.0, 3.0, 3.0, 4.0 ], "autoUv": false },
										"east": { "texture": "#saxaul_seed", "uv": [ 1.0, 4.0, 3.0, 5.0 ], "autoUv": false },
										"south": { "texture": "#saxaul_seed", "uv": [ 0.0, 0.0, 2.0, 1.0 ], "autoUv": false },
										"west": { "texture": "#saxaul_seed", "uv": [ 1.0, 3.0, 3.0, 4.0 ], "autoUv": false },
										"up": { "texture": "#saxaul_seed", "uv": [ 0.0, 0.0, 2.0, 2.0 ], "autoUv": false },
										"down": { "texture": "#saxaul_seed", "uv": [ 1.0, 2.0, 3.0, 4.0 ], "autoUv": false }
									}
								}
							]
						},
						{
							"name": "Cube12",
							"from": [ -1.7, 0.3, -1.5 ], 
							"to": [ 1.3, 0.3, 1.5 ], 
			"shade": false,
			"renderPass": 2,
							"rotationOrigin": [ 0.0, 0.55, 1.0 ],
							"rotationX": 112.5,
							"rotationY": -67.5,
							"rotationZ": 67.5,
							"faces": {
								"north": { "texture": "#saxaul_seed", "uv": [ 0.0, 0.0, 3.0, 1.0 ], "enabled": false },
								"east": { "texture": "#saxaul_seed", "uv": [ 0.0, 0.0, 3.0, 1.0 ], "enabled": false },
								"south": { "texture": "#saxaul_seed", "uv": [ 0.0, 0.0, 3.0, 1.0 ], "enabled": false },
								"west": { "texture": "#saxaul_seed", "uv": [ 0.0, 0.0, 3.0, 1.0 ], "enabled": false },
								"up": { "texture": "#saxaul_seed", "uv": [ 10.0, 7.0, 16.0, 13.0 ], "rotation": 90, "autoUv": false },
								"down": { "texture": "#saxaul_seed", "uv": [ 0.0, 0.0, 3.0, 3.0 ], "enabled": false }
							}
						}
					]
				}
			]
		}
	]}