{
	"editor": {
		"allAngles": false,
		"entityTextureMode": false
	},
	"textureWidth": 16,
	"textureHeight": 16,
	"textureSizes": {
	},
	"textures": {
		"tamanu": "item/resource/seeds/tamanu"
	},
	"elements": [
		{
			"name": "Cube1",
			"from": [ 4.5, 0.3, 6.5 ], 
			"to": [ 7.0, 2.8, 9.0 ], 
			"rotationOrigin": [ 4.0, 0.0, 6.0 ],
			"rotationY": 9.0,
			"rotationZ": -9.0,
			"faces": {
				"north": { "texture": "#tamanu", "uv": [ 0.0, 0.0, 5.0, 5.0 ], "autoUv": false },
				"east": { "texture": "#tamanu", "uv": [ 0.0, 0.0, 5.0, 5.0 ], "autoUv": false },
				"south": { "texture": "#tamanu", "uv": [ 0.0, 0.0, 5.0, 5.0 ], "autoUv": false },
				"west": { "texture": "#tamanu", "uv": [ 0.0, 0.0, 5.0, 5.0 ], "autoUv": false },
				"up": { "texture": "#tamanu", "uv": [ 0.0, 0.0, 5.0, 5.0 ], "autoUv": false },
				"down": { "texture": "#tamanu", "uv": [ 0.0, 0.0, 5.0, 5.0 ], "autoUv": false }
			},
			"children": [
				{
					"name": "Cube4",
					"from": [ 1.0, 2.5, 1.0 ], 
					"to": [ 1.5, 6.0, 1.5 ], 
					"rotationOrigin": [ 1.0, 2.5, 1.0 ],
					"rotationX": 3.0,
					"rotationY": 3.0,
					"rotationZ": -11.0,
					"faces": {
						"north": { "texture": "#tamanu", "uv": [ 11.0, 0.0, 12.0, 7.0 ], "autoUv": false },
						"east": { "texture": "#tamanu", "uv": [ 12.0, 0.0, 13.0, 7.0 ], "autoUv": false },
						"south": { "texture": "#tamanu", "uv": [ 11.0, 0.0, 12.0, 7.0 ], "autoUv": false },
						"west": { "texture": "#tamanu", "uv": [ 12.0, 0.0, 13.0, 7.0 ], "autoUv": false },
						"up": { "texture": "#tamanu", "uv": [ 12.0, 0.0, 13.0, 1.0 ] },
						"down": { "texture": "#tamanu", "uv": [ 0.0, 0.0, 1.0, 1.0 ], "enabled": false }
					},
					"children": [
						{
							"name": "Cube8",
							"from": [ 0.1, 3.3, 0.0 ], 
							"to": [ 0.6, 4.3, 0.5 ], 
							"rotationOrigin": [ 0.0, 3.4, 0.0 ],
							"rotationX": 1.0,
							"rotationY": -6.0,
							"rotationZ": 23.0,
							"faces": {
								"north": { "texture": "#tamanu", "uv": [ 11.0, 0.0, 12.0, 2.0 ], "autoUv": false },
								"east": { "texture": "#tamanu", "uv": [ 12.0, 0.0, 13.0, 2.0 ], "autoUv": false },
								"south": { "texture": "#tamanu", "uv": [ 11.0, 0.0, 12.0, 2.0 ], "autoUv": false },
								"west": { "texture": "#tamanu", "uv": [ 12.0, 0.0, 13.0, 2.0 ], "autoUv": false },
								"up": { "texture": "#tamanu", "uv": [ 11.0, 0.0, 12.0, 1.0 ] },
								"down": { "texture": "#tamanu", "uv": [ 0.0, 0.0, 1.0, 1.0 ], "enabled": false }
							}
						}
					]
				}
			]
		},
		{
			"name": "Cube2",
			"from": [ 9.0, 2.0, 7.5 ], 
			"to": [ 11.0, 4.0, 9.5 ], 
			"rotationOrigin": [ 9.0, 2.0, 7.5 ],
			"rotationX": -9.0,
			"rotationY": -36.0,
			"rotationZ": 16.0,
			"faces": {
				"north": { "texture": "#tamanu", "uv": [ 6.0, 0.0, 10.0, 4.0 ], "autoUv": false },
				"east": { "texture": "#tamanu", "uv": [ 6.0, 0.0, 10.0, 4.0 ], "autoUv": false },
				"south": { "texture": "#tamanu", "uv": [ 6.0, 0.0, 10.0, 4.0 ], "autoUv": false },
				"west": { "texture": "#tamanu", "uv": [ 6.0, 0.0, 10.0, 4.0 ], "autoUv": false },
				"up": { "texture": "#tamanu", "uv": [ 6.0, 0.0, 10.0, 4.0 ], "autoUv": false },
				"down": { "texture": "#tamanu", "uv": [ 6.0, 0.0, 10.0, 4.0 ], "autoUv": false }
			},
			"children": [
				{
					"name": "Cube5",
					"from": [ 0.75, 2.0, 0.75 ], 
					"to": [ 1.25, 4.0, 1.25 ], 
					"rotationOrigin": [ 1.25, 2.0, 0.75 ],
					"rotationX": 4.0,
					"rotationY": 2.0,
					"rotationZ": 25.0,
					"faces": {
						"north": { "texture": "#tamanu", "uv": [ 11.0, 2.0, 12.0, 6.0 ], "autoUv": false },
						"east": { "texture": "#tamanu", "uv": [ 12.0, 1.0, 13.0, 5.0 ], "autoUv": false },
						"south": { "texture": "#tamanu", "uv": [ 11.0, 1.0, 12.0, 5.0 ], "autoUv": false },
						"west": { "texture": "#tamanu", "uv": [ 12.0, 2.0, 13.0, 6.0 ], "autoUv": false },
						"up": { "texture": "#tamanu", "uv": [ 11.0, 1.0, 12.0, 2.0 ] },
						"down": { "texture": "#tamanu", "uv": [ 0.0, 0.0, 1.0, 1.0 ], "enabled": false }
					}
				}
			]
		},
		{
			"name": "Cube3",
			"from": [ 7.7, 1.0, 5.0 ], 
			"to": [ 9.7, 3.0, 7.0 ], 
			"rotationOrigin": [ 7.7, 1.0, 5.0 ],
			"rotationX": 12.0,
			"rotationY": 23.0,
			"rotationZ": 11.0,
			"faces": {
				"north": { "texture": "#tamanu", "uv": [ 6.0, 0.0, 10.0, 4.0 ], "autoUv": false },
				"east": { "texture": "#tamanu", "uv": [ 6.0, 0.0, 10.0, 4.0 ], "autoUv": false },
				"south": { "texture": "#tamanu", "uv": [ 6.0, 0.0, 10.0, 4.0 ], "autoUv": false },
				"west": { "texture": "#tamanu", "uv": [ 6.0, 0.0, 10.0, 4.0 ], "autoUv": false },
				"up": { "texture": "#tamanu", "uv": [ 6.0, 0.0, 10.0, 4.0 ], "autoUv": false },
				"down": { "texture": "#tamanu", "uv": [ 6.0, 0.0, 10.0, 4.0 ], "autoUv": false }
			},
			"children": [
				{
					"name": "Cube6",
					"from": [ 0.75, 2.0, 0.75 ], 
					"to": [ 1.25, 5.0, 1.25 ], 
					"rotationOrigin": [ 1.25, 2.0, 0.75 ],
					"rotationX": 4.0,
					"rotationZ": 10.0,
					"faces": {
						"north": { "texture": "#tamanu", "uv": [ 11.0, 1.0, 12.0, 7.0 ], "autoUv": false },
						"east": { "texture": "#tamanu", "uv": [ 12.0, 0.0, 13.0, 6.0 ], "autoUv": false },
						"south": { "texture": "#tamanu", "uv": [ 11.0, 0.0, 12.0, 6.0 ], "autoUv": false },
						"west": { "texture": "#tamanu", "uv": [ 12.0, 1.0, 13.0, 7.0 ], "autoUv": false },
						"up": { "texture": "#tamanu", "uv": [ 11.0, 3.0, 12.0, 4.0 ] },
						"down": { "texture": "#tamanu", "uv": [ 0.0, 0.0, 1.0, 1.0 ], "enabled": false }
					},
					"children": [
						{
							"name": "Cube7",
							"from": [ 0.5, -1.0, -1.0 ], 
							"to": [ 0.5, 3.0, 1.5 ], 
							"rotationOrigin": [ 0.5, 3.0, 0.5 ],
							"rotationX": 26.0,
							"rotationY": 5.0,
							"rotationZ": 23.0,
							"faces": {
								"north": { "texture": "#tamanu", "uv": [ 0.0, 0.0, 1.0, 4.0 ], "enabled": false },
								"east": { "texture": "#tamanu", "uv": [ 0.0, 6.0, 5.0, 14.0 ], "autoUv": false },
								"south": { "texture": "#tamanu", "uv": [ 0.0, 7.0, 1.0, 11.0 ], "enabled": false },
								"west": { "texture": "#tamanu", "uv": [ 0.0, 6.0, 2.0, 10.0 ], "enabled": false },
								"up": { "texture": "#tamanu", "uv": [ 0.0, 0.0, 1.0, 2.0 ], "enabled": false },
								"down": { "texture": "#tamanu", "uv": [ 0.0, 0.0, 1.0, 2.0 ], "enabled": false }
							}
						}
					]
				}
			]
		}
	]}