{
	"editor": {
		"allAngles": true,
		"entityTextureMode": false
	},
	"textureWidth": 8,
	"textureHeight": 8,
	"textureSizes": {
	},
	"textures": {
		"umnini": "item/resource/seeds/umnini"
	},
	"elements": [
		{
			"name": "origin",
			"from": [ 9.0, 0.0, 7.0 ], 
			"to": [ 9.0, 0.0, 7.0 ], 
			"rotationOrigin": [ 9.0, 0.0, 7.0 ],
			"rotationY": -53.0,
			"faces": {
				"north": { "texture": "#umnini", "uv": [ 0.0, 0.0, 0.5, 0.5 ], "enabled": false },
				"east": { "texture": "#umnini", "uv": [ 0.0, 0.0, 0.5, 0.5 ], "enabled": false },
				"south": { "texture": "#umnini", "uv": [ 0.0, 0.0, 0.5, 0.5 ], "enabled": false },
				"west": { "texture": "#umnini", "uv": [ 0.0, 0.0, 0.5, 0.5 ], "enabled": false },
				"up": { "texture": "#umnini", "uv": [ 0.0, 0.0, 0.5, 0.5 ], "enabled": false },
				"down": { "texture": "#umnini", "uv": [ 0.0, 0.0, 0.5, 0.5 ], "enabled": false }
			},
			"children": [
				{
					"name": "seed1",
					"from": [ -1.0, 0.0, -1.1 ], 
					"to": [ 1.0, 2.0, 0.9 ], 
					"rotationOrigin": [ 0.0, 0.0, -0.1 ],
					"rotationY": 45.0,
					"faces": {
						"north": { "texture": "#umnini", "uv": [ 5.5, 2.5, 7.5, 4.5 ] },
						"east": { "texture": "#umnini", "uv": [ 6.0, 2.5, 8.0, 4.5 ] },
						"south": { "texture": "#umnini", "uv": [ 6.0, 3.0, 8.0, 5.0 ] },
						"west": { "texture": "#umnini", "uv": [ 5.5, 2.5, 7.5, 4.5 ] },
						"up": { "texture": "#umnini", "uv": [ 5.5, 3.0, 7.5, 5.0 ] },
						"down": { "texture": "#umnini", "uv": [ 6.0, 2.5, 8.0, 4.5 ] }
					}
				},
				{
					"name": "seed2",
					"from": [ -1.1, 0.0, 2.0 ], 
					"to": [ 0.9, 2.0, 4.0 ], 
					"rotationOrigin": [ 0.2, 0.0, 3.0 ],
					"rotationY": 33.0,
					"faces": {
						"north": { "texture": "#umnini", "uv": [ 5.5, 0.5, 7.5, 2.5 ] },
						"east": { "texture": "#umnini", "uv": [ 6.0, 0.5, 8.0, 2.5 ] },
						"south": { "texture": "#umnini", "uv": [ 6.0, 0.5, 8.0, 2.5 ] },
						"west": { "texture": "#umnini", "uv": [ 6.0, 0.0, 8.0, 2.0 ] },
						"up": { "texture": "#umnini", "uv": [ 5.5, 0.0, 7.5, 2.0 ] },
						"down": { "texture": "#umnini", "uv": [ 5.5, 0.5, 7.5, 2.5 ] }
					},
					"children": [
						{
							"name": "Cube1",
							"from": [ 0.7, 2.0, 0.4 ], 
							"to": [ 1.1, 2.5, 0.8 ], 
							"rotationOrigin": [ 0.0, 2.0, 1.0 ],
							"rotationY": -25.0,
							"faces": {
								"north": { "texture": "#umnini", "uv": [ 0.5, 1.5, 1.0, 2.0 ] },
								"east": { "texture": "#umnini", "uv": [ 0.5, 3.5, 1.0, 4.0 ] },
								"south": { "texture": "#umnini", "uv": [ 0.0, 1.5, 0.5, 2.0 ] },
								"west": { "texture": "#umnini", "uv": [ 0.5, 1.0, 1.0, 1.5 ] },
								"up": { "texture": "#umnini", "uv": [ 0.0, 0.0, 0.5, 0.5 ] },
								"down": { "texture": "#umnini", "uv": [ 0.0, 0.0, 0.5, 0.5 ] }
							}
						},
						{
							"name": "Cube8",
							"from": [ 2.6, 2.0, -2.3 ], 
							"to": [ 3.0, 2.5, -1.9 ], 
							"rotationOrigin": [ 2.0, 2.0, -2.0 ],
							"rotationY": -25.0,
							"faces": {
								"north": { "texture": "#umnini", "uv": [ 0.5, 1.5, 1.0, 2.0 ] },
								"east": { "texture": "#umnini", "uv": [ 0.5, 3.5, 1.0, 4.0 ] },
								"south": { "texture": "#umnini", "uv": [ 0.0, 1.5, 0.5, 2.0 ] },
								"west": { "texture": "#umnini", "uv": [ 0.5, 1.0, 1.0, 1.5 ] },
								"up": { "texture": "#umnini", "uv": [ 0.0, 0.0, 0.5, 0.5 ] },
								"down": { "texture": "#umnini", "uv": [ 0.0, 0.0, 0.5, 0.5 ] }
							}
						}
					]
				},
				{
					"name": "branch",
					"from": [ -0.3, 2.2, -2.0 ], 
					"to": [ 0.2, 2.7, 4.5 ], 
					"rotationOrigin": [ 0.0, 2.2, 0.0 ],
					"faces": {
						"north": { "texture": "#umnini", "uv": [ 0.0, 0.0, 0.5, 0.5 ] },
						"east": { "texture": "#umnini", "uv": [ 0.5, 1.5, 1.0, 8.0 ], "rotation": 90 },
						"south": { "texture": "#umnini", "uv": [ 0.0, 0.0, 0.5, 0.5 ] },
						"west": { "texture": "#umnini", "uv": [ 1.0, 1.0, 1.5, 7.5 ], "rotation": 90 },
						"up": { "texture": "#umnini", "uv": [ 1.0, 1.0, 1.5, 7.5 ] },
						"down": { "texture": "#umnini", "uv": [ 1.0, 0.5, 1.5, 7.0 ] }
					},
					"children": [
						{
							"name": "leaf",
							"from": [ -2.6, 0.2, 2.2 ], 
							"to": [ 1.4, 0.2, 4.7 ], 
							"rotationOrigin": [ 1.5, 0.2, 3.3 ],
							"rotationX": 22.0,
							"rotationY": 161.0,
							"rotationZ": 6.0,
							"faces": {
								"north": { "texture": "#umnini", "uv": [ 0.0, 0.0, 4.0, 0.5 ], "enabled": false },
								"east": { "texture": "#umnini", "uv": [ 0.0, 0.0, 2.5, 0.5 ], "enabled": false },
								"south": { "texture": "#umnini", "uv": [ 0.0, 0.0, 4.0, 0.5 ], "enabled": false },
								"west": { "texture": "#umnini", "uv": [ 0.0, 0.0, 2.5, 0.5 ], "enabled": false },
								"up": { "texture": "#umnini", "uv": [ 4.0, 5.5, 8.0, 8.0 ] },
								"down": { "texture": "#umnini", "uv": [ 0.0, 0.0, 4.0, 2.5 ], "enabled": false }
							}
						},
						{
							"name": "branch-side ",
							"from": [ 0.3, 0.0, 2.0 ], 
							"to": [ 2.3, 0.4, 2.4 ], 
							"rotationOrigin": [ 0.3, 0.2, 2.2 ],
							"rotationY": -36.0,
							"faces": {
								"north": { "texture": "#umnini", "uv": [ 1.0, 5.0, 1.5, 7.0 ], "rotation": 90 },
								"east": { "texture": "#umnini", "uv": [ 0.0, 0.0, 0.5, 0.5 ] },
								"south": { "texture": "#umnini", "uv": [ 0.0, 3.0, 0.5, 5.0 ], "rotation": 90 },
								"west": { "texture": "#umnini", "uv": [ 0.0, 0.0, 0.5, 0.5 ], "enabled": false },
								"up": { "texture": "#umnini", "uv": [ 1.5, 2.5, 2.0, 4.5 ], "rotation": 90 },
								"down": { "texture": "#umnini", "uv": [ 1.0, 3.5, 1.5, 5.5 ], "rotation": 90 }
							}
						}
					]
				}
			]
		}
	]}