{
	"treeWorldPropertyCode": "thicktamanu",
        "isTropical": true,
	"sizeMultiplier": 1.7,
	"trunks": [{
		"widthloss": 0.1,
		"dx": 0.5,
		"dz": 0.5,
		"segment": 4,
		"dieAt": { "avg": 0.001 },
		"branchStart": { "avg": 0.5, "var": 0.05 },
		"branchSpacing": { "avg": 0, "var": 0 },
		"branchVerticalAngle":  { "avg": 1.32, "var": 0 },
		"branchHorizontalAngle": { "avg": 0, "var": 3.1415 },
		"branchWidthMultiplier": { "avg": 0.1, "var": 0 },
		"branchWidthMultiplierEvolve": { "transform": "linear", "factor": 1.4 },
		"branchQuantity": { "avg": 2, "var": 0 },
		"branchQuantityEvolve": { "transform": "linear", "factor": 2 }
	}, {
		"inherit": { "from": 0, "skip": ["dx", "dz", "dieAt", "segment"] },
		"dieAt": { "avg": 0.2, "var": 0.1 },
		"dx": 1.5,
		"dz": 0.5,
		"segment": 1
	}, {
		"inherit": { "from": 0, "skip": ["dx", "dz", "dieAt", "segment"] },
		"dieAt": { "avg": 0.2, "var": 0.1 },
		"dx": 0.5,
		"dz": 1.5,
		"segment": 3,
	}, {
		"inherit": { "from": 0, "skip": ["dx", "dz", "dieAt", "segment"] },
		"dieAt": { "avg": 0.2, "var": 0.1 },
		"dx": 1.5,
		"dz": 1.5,
		"segment": 2
	}],
	"branches": [{
		"widthLoss": 0.07,
		"gravityDrag": 0,

		"branchStart":  { "avg": 0, "var": 0.1 },
		"branchSpacing": { "avg": 0.01, "var": 0 },
		"branchVerticalAngle": { "avg": 1.1, "var": 0.2 },
		"branchHorizontalAngle": { "avg": 0, "var": 3.1415 },

		"branchQuantity": { "avg": 0.9, "var": 0 },
		"branchWidthMultiplier": { "avg": 0.35, "var": 0 }
	}, {
		"branchStart": { "avg": 2 }
	}],
	"treeBlocks": {
		"logBlockCode": "wildcrafttree:log-grown-tamanu-ud",
		"leavesBlockCode": "wildcrafttree:leaves-placed-tamanu",
		"leavesBranchyBlockCode": "wildcrafttree:leavesbranchy-placed-tamanu",
		"vinesBlockCode": "game:wildvine-tropical-section-north",
		"vinesEndBlockCode": "game:wildvine-tropical-end-north",
		"trunkSegmentBase": "wildcrafttree:logsection-grown-tamanu-",
		"trunkSegmentVariants": [ "ne", "se", "sw", "nw" ],
		"mossDecorCode": "game:attachingplant-spottymoss"
	}
}
