[

    {
        "ingredientPattern": "___,_P_,_P_",
        "width": 3,
        "height": 3,
        "ingredients": {
			"P": { "type": "item", "code": "wildcrafttree:plank-*", "name":"material", "quantity": 1 }
        },      
        "output": { "type": "block", "code": "ecwildcrafttree:beam-plank-{material}-free", "quantity": 1 }
    },
    
    {
        "ingredientPattern": "S__,B__,___",
        "width": 3,
        "height": 3,
        "ingredients": {
			"B": { "type": "block", "code": "ecwildcrafttree:shingleblock-*", "name":"material", "quantity": 1 },
			"S": { "type": "item", "code": "game:saw-*", "name":"metal", "isTool": true }
        },  
        "output": { "type": "block", "code": "wildcrafttree:beam-ridge-{material}-free", "quantity": 6 }       
    },
    
    {
        "ingredientPattern": "S__,BB_,___",
        "width": 3,
        "height": 3,
        "ingredients": {
			"B": { "type": "block", "code": "ecwildcrafttree:shingleblock-*", "name":"material", "quantity": 1 },
			"S": { "type": "item", "code": "game:saw-*", "name":"metal", "isTool": true }
        },     
        "output": { "type": "block", "code": "wildcrafttree:beam-plane-{material}-free", "quantity": 6 }       
    },

   

   {
        "ingredientPattern": "P_P,___,P_P",
        "width": 3,
        "height": 3,
        "ingredients": {
			"P": { "type": "item", "code": "wildcrafttree:plank-*", "name":"material", "quantity": 2 }
			
        },     
        "output": { "type": "block", "code": "ecwildcrafttree:shingleblock-{material}", "quantity": 1 }       
    }



]