[
	
    {
        "ingredientPattern": "_B_,_B_,___",
        "width": 3,
        "height": 3,
        "ingredients": {
            "B": { "type": "block", "code": "wildcrafttree:supportbeam-*", "name": "wood","quantity": 1 }
        },
        
        "output": { "type": "block", "code": "ecwildcrafttree:bigfencebeams-{wood}-east-free", "quantity": 1  }
    },
    
    {
		"ingredientPattern": "H",
		"ingredients": {
			"H": { "type": "block", "code": "ecwildcrafttree:bigfencebeams-*-east-free", "name": "wood" }
		},
		"width": 1,
		"height": 1,
		"shapeless": true,
		"output": { "type": "block", "code": "ecwildcrafttree:bigfence45beams-{wood}-east-free" }
	},
    
    {
		"ingredientPattern": "H",
		"ingredients": {
			"H": { "type": "block", "code": "ecwildcrafttree:bigfence45beams-*-east-free", "name": "wood" }
		},
		"width": 1,
		"height": 1,
		"shapeless": true,
		"output": { "type": "block", "code": "ecwildcrafttree:bigfencebeams-{wood}-east-free" }
	},

	{
        "ingredientPattern": "H_S,DBP,DBP",
        "width": 3,
        "height": 3,
        "ingredients": {
			"M": { "type": "item", "code": "game:metalnailsandstrips-*","quantity": 1 },
			"H": { "type": "item", "code": "game:hammer-*", "isTool": true  },
			"S": { "type": "item", "code": "game:saw-*", "isTool": true  },
			"P": { "type": "item", "code": "game:stick" ,"quantity":1 },
			"D": { "type": "item", "code": "wildcrafttree:plank-*", "name": "wood", "quantity":1 },
            "B": { "type": "block", "code": "wildcrafttree:supportbeam-*", "name": "wood","quantity": 1 }   
        },
        
        "output": { "type": "block", "code": "ecwildcrafttree:bigfencemiddle-{wood}-east-free", "quantity": 1 }
    },
    
    {
		"ingredientPattern": "H",
		"ingredients": {
			"H": { "type": "block", "code": "ecwildcrafttree:bigfencemiddle-*-east-free", "name": "wood", "quantity": 1 }
		},
		"width": 1,
		"height": 1,
		"shapeless": true,
		"output": { "type": "block", "code": "ecwildcrafttree:bigfence45middle-{wood}-east-free", "quantity": 1  }
	},
    
    {
		"ingredientPattern": "H",
		"ingredients": {
			"H": { "type": "block", "code": "ecwildcrafttree:bigfence45middle-*-east-free", "name": "wood", "quantity": 1 }
		},
		"width": 1,
		"height": 1,
		"shapeless": true,
		"output": { "type": "block", "code": "ecwildcrafttree:bigfencemiddle-{wood}-east-free", "quantity": 1  }
	},
    
	{
        "ingredientPattern": "H_S,BPD,DPB",
        "width": 3,
        "height": 3,
        "ingredients": {
			"M": { "type": "item", "code": "game:metalnailsandstrips-*","quantity": 1 },
			"H": { "type": "item", "code": "game:hammer-*", "isTool": true  },
			"S": { "type": "item", "code": "game:saw-*", "isTool": true  },
			"P": { "type": "item", "code": "game:stick" ,"quantity": 1},
			"D": { "type": "item", "code": "wildcrafttree:plank-*", "name": "wood", "quantity": 1 },
            "B": { "type": "block", "code": "wildcrafttree:supportbeam-*", "name": "wood","quantity": 2 }   
        },
        
        "output": { "type": "block", "code": "ecwildcrafttree:bigfencecross-{wood}-east-free", "quantity": 1  }
    },
    
    {
		"ingredientPattern": "H",
		"ingredients": {
			"H": { "type": "block", "code": "ecwildcrafttree:bigfencecross-*-east-free", "name": "wood" }
		},
		"width": 1,
		"height": 1,
		"shapeless": true,
		"output": { "type": "block", "code": "ecwildcrafttree:bigfence45cross-{wood}-east-free", "quantity": 1   }
	},
    
    {
		"ingredientPattern": "H",
		"ingredients": {
			"H": { "type": "block", "code": "ecwildcrafttree:bigfence45cross-*-east-free", "name": "wood"}
		},
		"width": 1,
		"height": 1,
		"shapeless": true,
		"output": { "type": "block", "code": "ecwildcrafttree:bigfencecross-{wood}-east-free", "quantity": 1  }
	},
    
	{
        "ingredientPattern": "H_S,DPB,BPD",
        "width": 3,
        "height": 3,
        "ingredients": {
			"M": { "type": "item", "code": "game:metalnailsandstrips-*","quantity": 1 },
			"H": { "type": "item", "code": "game:hammer-*", "isTool": true  },
			"S": { "type": "item", "code": "game:saw-*", "isTool": true  },
			"P": { "type": "item", "code": "game:stick" ,"quantity": 1},
			"D": { "type": "item", "code": "wildcrafttree:plank-*", "name": "wood", "quantity": 1 },
            "B": { "type": "block", "code": "wildcrafttree:supportbeam-*", "name": "wood","quantity": 2 }
            
        },
        
        "output": { "type": "block", "code": "ecwildcrafttree:bigfence45cross45-{wood}-east-free", "quantity": 1  }
    },
    
    {
		"ingredientPattern": "H",
		"ingredients": {
			"H": { "type": "block", "code": "ecwildcrafttree:bigfence45cross45-*-east-free", "name": "wood" }
		},
		"width": 1,
		"height": 1,
		"shapeless": true,
		"output": { "type": "block", "code": "ecwildcrafttree:bigfence45cross135-{wood}-east-free", "quantity": 1  }
	},
    
    {
		"ingredientPattern": "H",
		"ingredients": {
			"H": { "type": "block", "code": "ecwildcrafttree:bigfence45cross135-*-east-free", "name": "wood" }
		},
		"width": 1,
		"height": 1,
		"shapeless": true,
		"output": { "type": "block", "code": "ecwildcrafttree:bigfence45cross45-{wood}-east-free", "quantity": 1  }
	},

	 
	{
        "ingredientPattern": "H_S,DBP,___",
        "width": 3,
        "height": 3,
        "ingredients": {
			"M": { "type": "item", "code": "game:metalnailsandstrips-*","quantity": 1 },
			"H": { "type": "item", "code": "game:hammer-*", "isTool": true  },
			"S": { "type": "item", "code": "game:saw-*", "isTool": true  },
			"P": { "type": "item", "code": "game:stick" ,"quantity":2 },
			"D": { "type": "item", "code": "wildcrafttree:plank-*", "name": "wood", "quantity":2 },
            "B": { "type": "block", "code": "wildcrafttree:supportbeam-*", "name": "wood","quantity": 2 }
            
        },
        
        "output": { "type": "block", "code": "ecwildcrafttree:bigfencepost-{wood}-east-free", "quantity": 1 }
    },
    
    {
		"ingredientPattern": "H",
		"ingredients": {
			"H": { "type": "block", "code": "ecwildcrafttree:bigfencepost-*-east-free", "name": "wood", "quantity": 1 }
		},
		"width": 1,
		"height": 1,
		"shapeless": true,
		"output": { "type": "block", "code": "ecwildcrafttree:bigfence45post-{wood}-east-free", "quantity": 1  }
	},
    
    {
		"ingredientPattern": "H",
		"ingredients": {
			"H": { "type": "block", "code": "ecwildcrafttree:bigfence45post-*-east-free", "name": "wood", "quantity": 1 }
		},
		"width": 1,
		"height": 1,
		"shapeless": true,
		"output": { "type": "block", "code": "ecwildcrafttree:bigfencepost-{wood}-east-free", "quantity": 1  }
	},


	{
        "ingredientPattern": "HMS,DPD,DBD",
        "width": 3,
        "height": 3,
        "ingredients": {
			"M": { "type": "item", "code": "game:metalnailsandstrips-*" ,"quantity": 1},
			"H": { "type": "item", "code": "game:hammer-*", "isTool": true  },
			"S": { "type": "item", "code": "game:saw-*", "isTool": true  },
			"P": { "type": "item", "code": "game:stick" ,"quantity": 2},
			"D": { "type": "item", "code": "wildcrafttree:plank-*", "name": "wood", "quantity": 4 },
            "B": { "type": "block", "code": "wildcrafttree:supportbeam-*", "name": "wood","quantity": 2 }
            
        },
        
        "output": { "type": "block", "code": "ecwildcrafttree:bigfencegate-{wood}-n-closed-left-free", "quantity": 2  }
    },
    
    {
		"ingredientPattern": "H",
		"ingredients": {
			"H": { "type": "block", "code": "ecwildcrafttree:bigfencegate-*-n-closed-left-free", "name": "wood"}
		},
		"width": 1,
		"height": 1,
		"shapeless": true,
		"output": { "type": "block", "code": "ecwildcrafttree:gate45_right-{wood}-n-closed-left-free", "quantity": 1  }
	},
    
	{
		"ingredientPattern": "H",
		"ingredients": {
			"H": { "type": "block", "code": "ecwildcrafttree:gate45_right-*-n-closed-left-free", "name": "wood"}
		},
		"width": 1,
		"height": 1,
		"shapeless": true,
		"output": { "type": "block", "code": "ecwildcrafttree:gate45_left-{wood}-n-closed-left-free", "quantity": 1  }
	},


    {
		"ingredientPattern": "H",
		"ingredients": {
			"H": { "type": "block", "code": "ecwildcrafttree:gate45_left-*-n-closed-left-free", "name": "wood"}
		},
		"width": 1,
		"height": 1,
		"shapeless": true,
		"output": { "type": "block", "code": "ecwildcrafttree:bigfencegate-{wood}-n-closed-left-free", "quantity": 1 }
	}

    ]