[
	
	{
		"ingredientPattern": "___,___,H__",
		"ingredients": {
			"H": { "type": "block", "code": "wildcrafttree:slantedroofing-*-east-free", "name": "wood", "quantity": 1,
			 }
		},
		
		"width": 3,
		"height": 3,
		
		"output": { "type": "block", "code": "ecwildcrafttree:flathalfdown-{wood}-east-free", "quantity": 1  }
	},
	{
		"ingredientPattern": "___,___,H__",
		"ingredients": {
			"H": { "type": "block", "code": "ecwildcrafttree:flathalfdown-*-east-free", "name": "wood", "quantity": 1 }
		},
		"width": 3,
		"height": 3,
		
		"output": { "type": "block", "code": "ecwildcrafttree:flathalfup-{wood}-east-free", "quantity": 1,
		  }
	},
	{
		"ingredientPattern": "___,___,H__",
		"ingredients": {
			"H": { "type": "block", "code": "ecwildcrafttree:flathalfup-*-east-free", "name": "wood", "quantity": 1,
			  }
		},
		"width": 3,
		"height": 3,
		
		"output": { "type": "block", "code": "wildcrafttree:slantedroofing-{wood}-east-free", "quantity": 1  }
	},

	
	{
		"ingredientPattern": "___,___,H__",
		"ingredients": {
			"H": { "type": "block", "code": "wildcrafttree:slantedroofingcornerouter-*-east-free", "name": "wood", "quantity": 1,
			 }
		},
		
		"width": 3,
		"height": 3,
		
		"output": { "type": "block", "code": "ecwildcrafttree:flathalfdownouter-{wood}-east-free", "quantity": 1  }
	},
	{
		"ingredientPattern": "___,___,H__",
		"ingredients": {
			"H": { "type": "block", "code": "ecwildcrafttree:flathalfdownouter-*-east-free", "name": "wood", "quantity": 1 }
		},
		"width": 3,
		"height": 3,
		
		"output": { "type": "block", "code": "ecwildcrafttree:flathalfupouter-{wood}-east-free", "quantity": 1  }
	},
	{
		"ingredientPattern": "___,___,H__",
		"ingredients": {
			"H": { "type": "block", "code": "ecwildcrafttree:flathalfupouter-*-east-free", "name": "wood", "quantity": 1,
			  }
		},
		"width": 3,
		"height": 3,
		
		"output": { "type": "block", "code": "wildcrafttree:slantedroofingcornerouter-{wood}-east-free", "quantity": 1  }
	},

	
	{
		"ingredientPattern": "___,___,H__",
		"ingredients": {
			"H": { "type": "block", "code": "wildcrafttree:slantedroofingcornerinner-*-east-free", "name": "wood", "quantity": 1,
			 }
		},
		
		"width": 3,
		"height": 3,
		
		"output": { "type": "block", "code": "ecwildcrafttree:flathalfdowninner-{wood}-east-free", "quantity": 1  }
	},
	{
		"ingredientPattern": "___,___,H__",
		"ingredients": {
			"H": { "type": "block", "code": "ecwildcrafttree:flathalfdowninner-*-east-free", "name": "wood", "quantity": 1 }
		},
		"width": 3,
		"height": 3,
		
		"output": { "type": "block", "code": "ecwildcrafttree:flathalfupinner-{wood}-east-free", "quantity": 1  }
	},
	{
		"ingredientPattern": "___,___,H__",
		"ingredients": {
			"H": { "type": "block", "code": "ecwildcrafttree:flathalfupinner-*-east-free", "name": "wood", "quantity": 1,
				  }
		},
		"width": 3,
		"height": 3,
		
		"output": { "type": "block", "code": "wildcrafttree:slantedroofingcornerinner-{wood}-east-free", "quantity": 1  }
	},

	
	
	{
		"ingredientPattern": "___,___,H__",
		"ingredients": {
			"H": { "type": "block", "code": "wildcrafttree:slantedroofingridge-*-ns-free", "name": "wood", "quantity": 1,
			 }
		},
		
		"width": 3,
		"height": 3,
		
		"output": { "type": "block", "code": "ecwildcrafttree:flathalfdownridge-{wood}-east-free", "quantity": 1  }
	},
	{
		"ingredientPattern": "___,___,H__",
		"ingredients": {
			"H": { "type": "block", "code": "ecwildcrafttree:flathalfdownridge-*-east-free", "name": "wood", "quantity": 1 }
		},
		"width": 3,
		"height": 3,
		
		"output": { "type": "block", "code": "ecwildcrafttree:flathalfupridge-{wood}-east-free", "quantity": 1  }
	},
	{
		"ingredientPattern": "___,___,H__",
		"ingredients": {
			"H": { "type": "block", "code": "ecwildcrafttree:flathalfupridge-*-east-free", "name": "wood", "quantity": 1,
			  }
		},
		"width": 3,
		"height": 3,
		
		"output": { "type": "block", "code": "wildcrafttree:slantedroofingridge-{wood}-ns-free", "quantity": 1  }
	},

	
	{
	"ingredientPattern": "___,___,H__",
	"ingredients": {
		"H": { "type": "block", "code": "wildcrafttree:slantedroofingtip-*-free", "name": "wood", "quantity": 1,
		 }
	},
		
		"width": 3,
		"height": 3,
		
		"output": { "type": "block", "code": "ecwildcrafttree:flathalfdowntip-{wood}-east-free", "quantity": 1  }
	},
	{
		"ingredientPattern": "___,___,H__",
		"ingredients": {
			"H": { "type": "block", "code": "ecwildcrafttree:flathalfdowntip-*-east-free", "name": "wood", "quantity": 1 }
		},
		"width": 3,
		"height": 3,
		
		"output": { "type": "block", "code": "ecwildcrafttree:flathalfuptip-{wood}-east-free", "quantity": 1  }
	},
	{
		"ingredientPattern": "___,___,H__",
		"ingredients": {
			"H": { "type": "block", "code": "ecwildcrafttree:flathalfuptip-*-east-free", "name": "wood", "quantity": 1,
			  }
		},
		"width": 3,
		"height": 3,
		
		"output": { "type": "block", "code": "wildcrafttree:slantedroofingtip-{wood}-free", "quantity": 1  }
	}

]	