[
	{
		"ingredientPattern": "H__,___,___",
		"ingredients": {
			"H": { "type": "block", "code": "wildcrafttree:slantedroofing-*-east-free", "name": "material", "quantity": 1 }
		},
		
		"width": 3,
		"height": 3,
		
		"output": { "type": "block", "code": "ecwildcrafttree:steephalfdown-{material}-east-free", "quantity": 1  }
	},
	{
		"ingredientPattern": "H__,___,___",
		"ingredients": {
			"H": { "type": "block", "code": "ecwildcrafttree:steephalfdown-*-east-free", "name": "material", "quantity": 1 }
		},
		"width": 3,
		"height": 3,
		"shapeless": true,
		"output": { "type": "block", "code": "ecwildcrafttree:steephalfup-{material}-east-free", "quantity": 1  }
	},
	{
		"ingredientPattern": "H__,___,___",
		"ingredients": {
			"H": { "type": "block", "code": "ecwildcrafttree:steephalfup-*-east-free", "name": "material", "quantity": 1 }
		},
		"width": 3,
		"height": 3,
		"shapeless": true,
		"output": { "type": "block", "code": "wildcrafttree:slantedroofing-{material}-east-free", "quantity": 1  }
	},

	
	{
		"ingredientPattern": "H__,___,___",
		"ingredients": {
			"H": { "type": "block", "code": "wildcrafttree:slantedroofingcornerouter-*-east-free", "name": "material", "quantity": 1 }
		},
		
		"width": 3,
		"height": 3,
		
		"output": { "type": "block", "code": "ecwildcrafttree:steephalfdownouter-{material}-east-free", "quantity": 1  }
	},
	{
		"ingredientPattern": "H__,___,___",
		"ingredients": {
			"H": { "type": "block", "code": "ecwildcrafttree:steephalfdownouter-*-east-free", "name": "material", "quantity": 1 }
		},
		"width": 3,
		"height": 3,
		"shapeless": true,
		"output": { "type": "block", "code": "ecwildcrafttree:steephalfupouter-{material}-east-free", "quantity": 1  }
	},
	{
		"ingredientPattern": "H__,___,___",
		"ingredients": {
			"H": { "type": "block", "code": "ecwildcrafttree:steephalfupouter-*-east-free", "name": "material", "quantity": 1 }
		},
		"width": 3,
		"height": 3,
		"shapeless": true,
		"output": { "type": "block", "code": "wildcrafttree:slantedroofingcornerouter-{material}-east-free", "quantity": 1  }
	},



	{
		"ingredientPattern": "H__,___,___",
		"ingredients": {
			"H": { "type": "block", "code": "wildcrafttree:slantedroofingcornerinner-*-east-free", "name": "material", "quantity": 1 }
		},
		
		"width": 3,
		"height": 3,
		
		"output": { "type": "block", "code": "ecwildcrafttree:steephalfdowninner-{material}-east-free", "quantity": 1  }
	},
	{
		"ingredientPattern": "H__,___,___",
		"ingredients": {
			"H": { "type": "block", "code": "ecwildcrafttree:steephalfdowninner-*-east-free", "name": "material", "quantity": 1 }
		},
		"width": 3,
		"height": 3,
		"shapeless": true,
		"output": { "type": "block", "code": "ecwildcrafttree:steephalfupinner-{material}-east-free", "quantity": 1  }
	},
	{
		"ingredientPattern": "H__,___,___",
		"ingredients": {
			"H": { "type": "block", "code": "ecwildcrafttree:steephalfupinner-*-east-free", "name": "material", "quantity": 1  }
		},
		"width": 3,
		"height": 3,
		"shapeless": true,
		"output": { "type": "block", "code": "wildcrafttree:slantedroofingcornerinner-{material}-east-free", "quantity": 1  }
	},

	

	{
		"ingredientPattern": "H__,___,___",
		"ingredients": {
			"H": { "type": "block", "code": "wildcrafttree:slantedroofingridge-*-ns-free", "name": "material", "quantity": 1 }
		},
		
		"width": 3,
		"height": 3,
		
		"output": { "type": "block", "code": "ecwildcrafttree:steephalfdownridge-{material}-east-free", "quantity": 1  }
	},
	
	{
		"ingredientPattern": "H__,___,___",
		"ingredients": {
			"H": { "type": "block", "code": "ecwildcrafttree:steephalfdownridge-*-east-free", "name": "material", "quantity": 1  }
		},
		"width": 3,
		"height": 3,
		"shapeless": true,
		"output": { "type": "block", "code": "wildcrafttree:slantedroofingridge-{material}-ns-free", "quantity": 1  }
	},


		{
		"ingredientPattern": "H__,___,___",
		"ingredients": {
			"H": { "type": "block", "code": "wildcrafttree:slantedroofingtip-*-free", "name": "material", "quantity": 1 }
		},
		
		"width": 3,
		"height": 3,
		
		"output": { "type": "block", "code": "ecwildcrafttree:steephalfdowntip-{material}-east-free", "quantity": 1  }
	},
	
	{
		"ingredientPattern": "H__,___,___",
		"ingredients": {
			"H": { "type": "block", "code": "ecwildcrafttree:steephalfdowntip-*-east-free", "name": "material", "quantity": 1  }
		},
		"width": 3,
		"height": 3,
		"shapeless": true,
		"output": { "type": "block", "code": "wildcrafttree:slantedroofingtip-{material}-free", "quantity": 1  }
	}


]	