{
    "code": "wattle",
    "class": "BlockWattleFence",
    "behaviors": [{ "name": "CanAttach", "properties": { "sides": ["up", "down"] } }, { name: "RopeTieable" }],
    "attributes": {
        "isFence": true,
        "handbook": {
            "groupBy": ["wattle-*"]
        },
	"daubUpgradeAmount": 6
    },
    "variantgroups": [
        { "code": "wood", "states": ["larch", "tuja", "honeylocust", "birch", "brideinwhite", "alder", "bearnut", "willow", "redwillow", "poplar", "aspen", "eucalyptus", "kapok", "sapele"] },
        { "code": "type", "states": ["empty", "n", "e", "s", "w", "ne", "ns", "nw", "es", "ew", "sw", "nes", "new", "nsw", "esw", "nesw"] },
        { "code": "cover", "states": ["free"] }
    ],
    "creativeinventory": { "general": ["*-ew-free"], "decorative": ["*-ew-free"], "wildcrafttree": ["*-ew-free"] },
	shapebytype: {
		"*-empty-free": { base: "wildcrafttree:block/wattle/empty" },
		"*-n-free": { base: "wildcrafttree:block/wattle/w*", rotateY: 270 },
		"*-e-free": { base: "wildcrafttree:block/wattle/w*", rotateY: 180 },
		"*-s-free": { base: "wildcrafttree:block/wattle/w*", rotateY: 90 },
		"*-w-free": { base: "wildcrafttree:block/wattle/w*", rotateY: 0 },

		"*-ns-free": { base: "wildcrafttree:block/wattle/ew*", rotateY: 90 },
		"*-ew-free": { base: "wildcrafttree:block/wattle/ew*", rotateY: 0 },

		"*-ne-free": { base: "wildcrafttree:block/wattle/sw*", rotateY: 180 },
		"*-nw-free": { base: "wildcrafttree:block/wattle/sw*", rotateY: 270 },
		"*-es-free": { base: "wildcrafttree:block/wattle/sw*", rotateY: 90 },
		"*-sw-free": { base: "wildcrafttree:block/wattle/sw*", rotateY: 0 },

		"*-nes-free": { base: "wildcrafttree:block/wattle/nsw*", rotateY: 180 },
		"*-new-free": { base: "wildcrafttree:block/wattle/nsw*", rotateY: 270 },
		"*-nsw-free": { base: "wildcrafttree:block/wattle/nsw*", rotateY: 0 },
		"*-esw-free": { base: "wildcrafttree:block/wattle/nsw*", rotateY: 90 },

		"*-nesw-free": { base: "wildcrafttree:block/wattle/nesw*", rotateY: 0 }
	},
	lod2shapeByType: {
		"*-n-free": { base: "game:block/wood/fence/wattle/lod2-w1", rotateY: 270 },
		"*-e-free": { base: "game:block/wood/fence/wattle/lod2-w1", rotateY: 180 },
		"*-s-free": { base: "game:block/wood/fence/wattle/lod2-w1", rotateY: 90 },
		"*-w-free": { base: "game:block/wood/fence/wattle/lod2-w1", rotateY: 0 },

		"*-ns-free": { base: "game:block/wood/fence/wattle/lod2-ew1", rotateY: 90 },
		"*-ew-free": { base: "game:block/wood/fence/wattle/lod2-ew1", rotateY: 0 },

		"*-ne-free": { base: "game:block/wood/fence/wattle/lod2-sw1", rotateY: 180 },
		"*-nw-free": { base: "game:block/wood/fence/wattle/lod2-sw1", rotateY: 270 },
		"*-es-free": { base: "game:block/wood/fence/wattle/lod2-sw1", rotateY: 90 },
		"*-sw-free": { base: "game:block/wood/fence/wattle/lod2-sw1", rotateY: 0 },

		"*-nes-free": { base: "game:block/wood/fence/wattle/lod2-nsw1", rotateY: 180 },
		"*-new-free": { base: "game:block/wood/fence/wattle/lod2-nsw1", rotateY: 270 },
		"*-nsw-free": { base: "game:block/wood/fence/wattle/lod2-nsw1", rotateY: 0 },
		"*-esw-free": { base: "game:block/wood/fence/wattle/lod2-nsw1", rotateY: 90 },

		"*-nesw-free": { base: "game:block/wood/fence/wattle/lod2-nesw1", rotateY: 0 }
	},
    "blockmaterial": "Wood",
    "drawtypeByType": {
        "*-free": "JSON",
    },
    "blockmaterial": "Wood",
    "texturesByType": {
        "*-willow-*": {
        "trunk": {
            "base": "wildcrafttree:block/wood/roughfence/willow-wattle",
        }
        },
        "*-redwillow-*": {
        "trunk": {
            "base": "wildcrafttree:block/wood/roughfence/redwillow-wattle",
        }
        },
        "*-alder-*": {
        "trunk": {
            "base": "wildcrafttree:block/wood/roughfence/alder-wattle",
        }
        },
        "*-bearnut-*": {
        "trunk": {
            "base": "wildcrafttree:block/wood/roughfence/bearnut-wattle",
        }
        },
        "*-birch-*": {
        "trunk": {
            "base": "wildcrafttree:block/wood/roughfence/birch-wattle",
        }
        },
        "*-honeylocust-*": {
        "trunk": {
            "base": "wildcrafttree:block/wood/roughfence/honeylocust-wattle",
        }
        },
        "*-larch-*": {
        "trunk": {
            "base": "wildcrafttree:block/wood/roughfence/larch-wattle",
        }
        },
        "*-kapok-*": {
        "trunk": {
            "base": "wildcrafttree:block/wood/roughfence/kapok-wattle",
        }
        },
        "*-tuja-*": {
        "trunk": {
            "base": "wildcrafttree:block/wood/roughfence/tuja-wattle",
        }
        },
        "*-poplar-*": {
        "trunk": {
            "base": "wildcrafttree:block/wood/roughfence/poplar-wattle",
        }
        },
        "*-eucalyptus-*": {
        "trunk": {
            "base": "wildcrafttree:block/wood/roughfence/eucalyptus-wattle",
        }
        },
        "*-brideinwhite-*": {
        "trunk": {
            "base": "wildcrafttree:block/wood/roughfence/brideinwhite-wattle",
        }
        },
        "*-sapele-*": {
        "trunk": {
            "base": "wildcrafttree:block/wood/roughfence/sapele-wattle",
        }
        },
        "*-aspen-*": {
        "trunk": {
            "base": "wildcrafttree:block/wood/roughfence/aspen-wattle",
        }
        },
    },
    "sidesolid": {
        "all": false
    },
    "sideopaque": { "all": false },
    "resistance": 3,
    "lightAbsorption": 0,
    "sounds": {
        "place": "game:block/planks",
        "hit": "game:block/stickhit",
        "break": "game:block/stickbreak",
        "walk": "game:walk/wood"
    },
	selectionboxbytype: {
		"*-empty-*": { x1: 0.375, y1: 0, z1: 0.375, x2: 0.625, y2: 1.0625, z2: 0.625 },
		"*-n-*": { x1: 0, y1: 0, z1: 0.375, x2: 0.625, y2: 1.0625, z2:  0.625, rotateY: 270},
		"*-e-*": { x1: 0, y1: 0, z1: 0.375, x2: 0.625, y2: 1.0625, z2:  0.625, rotateY: 180},
		"*-s-*": { x1: 0, y1: 0, z1: 0.375, x2: 0.625, y2: 1.0625, z2:  0.625, rotateY: 90},
		"*-w-*": { x1: 0, y1: 0, z1: 0.375, x2: 0.625, y2: 1.0625, z2:  0.625},

		"*-ns-*": { x1: 0, y1: 0, z1: 0.375, x2: 1, y2: 1.0625, z2:  0.625, rotateY: 90},
		"*-gns-*": { x1: 0, y1: 0, z1: 0.375, x2: 1, y2: 1.0625, z2:  0.625, rotateY: 90},
		"*-ngs-*": { x1: 0, y1: 0, z1: 0.375, x2: 1, y2: 1.0625, z2:  0.625, rotateY: 90},
		"*-ew-*": { x1: 0, y1: 0, z1: 0.375, x2: 1, y2: 1.0625, z2:  0.625},
		"*-egw-*": { x1: 0, y1: 0, z1: 0.375, x2: 1, y2: 1.0625, z2:  0.625},
		"*-gew-*": { x1: 0, y1: 0, z1: 0.375, x2: 1, y2: 1.0625, z2:  0.625}
	},
	selectionboxesbytype: {
		"*-sw-*": [ { x1: 0.375, y1: 0, z1: 0.375, x2: 0.625, y2: 1.0625, z2: 1 }, { x1: 0, y1: 0, z1: 0.375, x2: 0.375, y2: 1.0625, z2: 0.625, rotateY: 0 } ],
		"*-ne-*": [ { x1: 0.375, y1: 0, z1: 0.375, x2: 0.625, y2: 1.0625, z2: 1, rotateY: 180 }, { x1: 0, y1: 0, z1: 0.375, x2: 0.375, y2: 1.0625, z2: 0.625, rotateY: 180 } ] ,
		"*-nw-*": [ { x1: 0.375, y1: 0, z1: 0.375, x2: 0.625, y2: 1.0625, z2: 1, rotateY: 270 }, { x1: 0, y1: 0, z1: 0.375, x2: 0.375, y2: 1.0625, z2: 0.625, rotateY: 270 } ],
		"*-es-*": [ { x1: 0.375, y1: 0, z1: 0.375, x2: 0.625, y2: 1.0625, z2: 1, rotateY: 90 }, { x1: 0, y1: 0, z1: 0.375, x2: 0.375, y2: 1.0625, z2: 0.625, rotateY: 90 } ],

		"*-nes-*": [ { x1: 0.375, y1: 0, z1: 0, x2: 0.625, y2: 1.0625, z2: 1, rotateY: 180 }, { x1: 0, y1: 0, z1: 0.375, x2: 0.375, y2: 1.0625, z2: 0.625, rotateY: 180 } ],
		"*-new-*": [ { x1: 0.375, y1: 0, z1: 0, x2: 0.625, y2: 1.0625, z2: 1, rotateY: 270 }, { x1: 0, y1: 0, z1: 0.375, x2: 0.375, y2: 1.0625, z2: 0.625, rotateY: 270 } ],
		"*-nsw-*": [ { x1: 0.375, y1: 0, z1: 0, x2: 0.625, y2: 1.0625, z2: 1, rotateY: 0 }, { x1: 0, y1: 0, z1: 0.375, x2: 0.375, y2: 1.0625, z2: 0.625, rotateY: 0 } ],
		"*-esw-*": [ { x1: 0.375, y1: 0, z1: 0, x2: 0.625, y2: 1.0625, z2: 1, rotateY: 90 }, { x1: 0, y1: 0, z1: 0.375, x2: 0.375, y2: 1.0625, z2: 0.625, rotateY: 90 } ],

		"*-nesw-*": [ { x1: 0.375, y1: 0, z1: 0, x2: 0.625, y2: 1.0625, z2: 1 }, { x1: 0, y1: 0, z1: 0.375, x2: 1, y2: 1.0625, z2: 0.625 } ]
	},

	collisionboxbytype: {
		"*-empty-*": { x1: 0.375, y1: 0, z1: 0.375, x2: 0.625, y2: 1.3125, z2: 0.625 },
		"*-n-*": { x1: 0, y1: 0, z1: 0.375, x2: 0.625, y2: 1.3125, z2: 0.625, rotateY: 270},
		"*-e-*": { x1: 0, y1: 0, z1: 0.375, x2: 0.625, y2: 1.3125, z2: 0.625, rotateY: 180},
		"*-s-*": { x1: 0, y1: 0, z1: 0.375, x2: 0.625, y2: 1.3125, z2: 0.625, rotateY: 90},
		"*-w-*": { x1: 0, y1: 0, z1: 0.375, x2: 0.625, y2: 1.3125, z2: 0.625},

		"*-ns-*": { x1: 0, y1: 0, z1: 0.375, x2: 1, y2: 1.3125, z2: 0.625, rotateY: 90},
		"*-gns-*": { x1: 0, y1: 0, z1: 0.375, x2: 1, y2: 1.3125, z2: 0.625, rotateY: 90},
		"*-ngs-*": { x1: 0, y1: 0, z1: 0.375, x2: 1, y2: 1.3125, z2: 0.625, rotateY: 90},
		"*-ew-*": { x1: 0, y1: 0, z1: 0.375, x2: 1, y2: 1.3125, z2: 0.625},
		"*-egw-*": { x1: 0, y1: 0, z1: 0.375, x2: 1, y2: 1.3125, z2: 0.625},
		"*-gew-*": { x1: 0, y1: 0, z1: 0.375, x2: 1, y2: 1.3125, z2: 0.625}
	},
	collisionboxesbytype: {
		"*-sw-*": [ { x1: 0.375, y1: 0, z1: 0.375, x2: 0.625, y2: 1.3125, z2: 1 }, { x1: 0, y1: 0, z1: 0.375, x2: 0.375, y2: 1.3125, z2: 0.625, rotateY: 0 } ],
		"*-ne-*": [ { x1: 0.375, y1: 0, z1: 0.375, x2: 0.625, y2: 1.3125, z2: 1, rotateY: 180 }, { x1: 0, y1: 0, z1: 0.375, x2: 0.375, y2: 1.3125, z2: 0.625, rotateY: 180 } ] ,
		"*-nw-*": [ { x1: 0.375, y1: 0, z1: 0.375, x2: 0.625, y2: 1.3125, z2: 1, rotateY: 270 }, { x1: 0, y1: 0, z1: 0.375, x2: 0.375, y2: 1.3125, z2: 0.625, rotateY: 270 } ],
		"*-es-*": [ { x1: 0.375, y1: 0, z1: 0.375, x2: 0.625, y2: 1.3125, z2: 1, rotateY: 90 }, { x1: 0, y1: 0, z1: 0.375, x2: 0.375, y2: 1.3125, z2: 0.625, rotateY: 90 } ],

		"*-nes-*": [ { x1: 0.375, y1: 0, z1: 0, x2: 0.625, y2: 1.3125, z2: 1, rotateY: 180 }, { x1: 0, y1: 0, z1: 0.375, x2: 0.375, y2: 1.3125, z2: 0.625, rotateY: 180 } ],
		"*-new-*": [ { x1: 0.375, y1: 0, z1: 0, x2: 0.625, y2: 1.3125, z2: 1, rotateY: 270 }, { x1: 0, y1: 0, z1: 0.375, x2: 0.375, y2: 1.3125, z2: 0.625, rotateY: 270 } ],
		"*-nsw-*": [ { x1: 0.375, y1: 0, z1: 0, x2: 0.625, y2: 1.3125, z2: 1, rotateY: 0 }, { x1: 0, y1: 0, z1: 0.375, x2: 0.375, y2: 1.3125, z2: 0.625, rotateY: 0 } ],
		"*-esw-*": [ { x1: 0.375, y1: 0, z1: 0, x2: 0.625, y2: 1.3125, z2: 1, rotateY: 90 }, { x1: 0, y1: 0, z1: 0.375, x2: 0.375, y2: 1.3125, z2: 0.625, rotateY: 90 } ],

		"*-nesw-*": [ { x1: 0.375, y1: 0, z1: 0, x2: 0.625, y2: 1.3125, z2: 1 }, { x1: 0, y1: 0, z1: 0.375, x2: 1, y2: 1.3125, z2: 0.625 } ]
	},
	combustibleProps: {
		burnTemperature: 600,
		burnDuration: 10
	},
	materialDensity: 600,
	tpHandTransform: {
		translation: { x: -1.5, y: -1, z: -1.2 },
		rotation: { x: 5, y: -3, z: -96 },
		scale: 0.37
	},
	groundTransform: {
		translation: { x: 0, y: 0.05, z: 0 },
		rotation: { x: 90, y: -45, z: 0 },
		origin: { x: 0.5, y: 0, z: 0.5 },
		scale: 2.07
	}
}
