{
	code: "log",
	"__comment": "BlockLog contains only contains code for OnPickBlock",
	classByType: {
           "*-grown-petrified-*": "StoneBerryPlant",
           "*": "BlockLog",
        },
	behaviorsByType: {
		"*-grown-*": [{name: "PushEventOnBlockBroken",	properties: {eventName: "testForDecay"}}, { name: "MyceliumHost" }, { name: "RopeTieable" }],
		"*": [{name: "Pillar"}, { name: "MyceliumHost" }, { name: "WrenchOrientable", properties: { baseCode: "game:log-placed-{wood}" } }]
	},
	variantgroups: [
		{ code: "type", states: ["grown", "placed"] },
		{ code: "wood", loadFromProperties: "wildcrafttree:block/wood" },
		{ code: "rotation", states: ["ud", "ns", "we"] },
	],
	creativeinventory: { "general": ["log-placed-*-ud"], "flora": ["log-placed-*-ud"], "construction": ["log-placed-*-ud"], "wildcrafttree": ["log-placed-*-ud"] },
	shape: { base: "game:block/basic/cube" },
	drawtype: "cube",
	blockmaterial: "Wood",
	requiredMiningTier: 1,
	attributes: {
		handbook: {
			groupBy: ["log-*-{wood}-*"]
		},
		treeFellingGroupCodeByType: {
			"log-grown-*": "{wood}"
		},
		treeFellingGroupSpreadIndexByType: {
		"log-grown-willow-*": 3,
		"log-grown-douglasfir-*": 3,
		"log-grown-fir-*": 3,
		"log-grown-spruce-*": 3,
		"log-grown-sal-*": 3,
		"log-grown-empresstree-*": 3,
		"log-grown-mahogany-*": 3,
		"log-grown-spurgetree-*": 3,
		"log-grown-bluemahoe-*": 3,
		"log-grown-catalpa-*": 3,
		"log-grown-eucalyptus-*": 3,
		"log-grown-banyan-*": 3,
		"log-grown-mangrove-*": 3,
		"log-grown-satinash-*": 3,
		"log-grown-yew-*": 5,
		"log-grown-tuja-*": 5,
		"log-grown-elm-*": 5,
		"log-grown-tamanu-*": 5,
		"log-grown-guajacum-*": 5,
		"log-grown-dalbergia-*": 6,
		"log-grown-leadwood-*": 6,
		"log-grown-saxaul-*": 6,
		"log-grown-*": 4
		},
		preventsDecay: true,
	},
	texturesByType: {
		"*-ud": {
			"all": { base: "wildcrafttree:block/wood/bark/{wood}" },
			"inside-north": { base: "game:block/wood/debarked/{wood}", rotation: 90 },
			"inside-east": { base: "game:block/wood/debarked/{wood}", rotation: 90 },
			"inside-south": { base: "game:block/wood/debarked/{wood}", rotation: 90 },
			"inside-west": { base: "game:block/wood/debarked/{wood}", rotation: 90 },

			"up": { base: "wildcrafttree:block/wood/treetrunk/{wood}" },
			"down": { base: "wildcrafttree:block/wood/treetrunk/{wood}" }
		},
		"*-ns": {
			"all": { base: "wildcrafttree:block/wood/bark/{wood}-h" },
			"up": { base: "wildcrafttree:block/wood/bark/{wood}" },
			"down": { base: "wildcrafttree:block/wood/bark/{wood}" },


			"inside-up": { base: "game:block/wood/debarked/{wood}", rotation: 90 },
			"inside-down": { base: "game:block/wood/debarked/{wood}", rotation: 90 },
			"inside-west": { base: "game:block/wood/debarked/{wood}" },
			"inside-east": { base: "game:block/wood/debarked/{wood}" },


			"north": { base: "wildcrafttree:block/wood/treetrunk/{wood}" },
			"south": { base: "wildcrafttree:block/wood/treetrunk/{wood}" }
		},
		"*-we": {
			"all": { base: "wildcrafttree:block/wood/bark/{wood}-h" },
			"up": { base: "wildcrafttree:block/wood/bark/{wood}-h" },

			"inside-up": { base: "game:block/wood/debarked/{wood}" },
			"inside-down": { base: "game:block/wood/debarked/{wood}" },
			"inside-north": { base: "game:block/wood/debarked/{wood}" },
			"inside-south": { base: "game:block/wood/debarked/{wood}" },


			"west": { base: "wildcrafttree:block/wood/treetrunk/{wood}" },
			"east": { base: "wildcrafttree:block/wood/treetrunk/{wood}" }
		},
	},
	replaceable: 500,
	resistance: 4.5,
	sounds: {
		"place": "game:block/planks",
		"walk": "game:walk/wood",
		"hit": "game:block/planks",
		"break": "game:block/planks",
		byTool: {
			"Axe": { hit: "game:block/chop", break: "game:block/planks" }
		}
	},
	drops: [
		{ type: "block", code: "wildcrafttree:log-placed-{wood}-ud", quantity: { avg: 1 }  }
	],
	combustiblePropsByType: {
                "log-*-petrified-*": null,
		"log-*-bearnut-*": {
			burnTemperature: 800,
			burnDuration: 78,
		},
		"log-*-saxaul-*": {
			burnTemperature: 800,
			burnDuration: 98,
		},
		"log-*-elm-*": {
			burnTemperature: 800,
			burnDuration: 98,
		},
		"log-*-sapele-*": {
			burnTemperature: 800,
			burnDuration: 98,
		},
		"log-*-tigerwood-*": {
			burnTemperature: 800,
			burnDuration: 98,
		},
		"log-*-tamanu-*": {
			burnTemperature: 800,
			burnDuration: 98,
		},
		"log-*-dalbergia-*": {
			burnTemperature: 800,
			burnDuration: 110,
		},
		"log-*-umnini-*": {
			burnTemperature: 800,
			burnDuration: 110,
		},
		"log-*-leadwood-*": {
			burnTemperature: 800,
			burnDuration: 110,
		},
		"log-*-yew-*": {
			burnTemperature: 800,
			burnDuration: 110,
		},
		"log-*-tuja-*": {
			meltingPoint: 100,
			meltingDuration: 80,
			smeltedRatio: 1,
			smeltingType: "convert",
			smeltedStack: { type: "block", code: "wildcrafttree:log-placed-charred-ud" },
			requiresContainer: false,

			burnTemperature: 800,
			burnDuration: 110,
		},
		"log-*-redcedar-*": {
			meltingPoint: 100,
			meltingDuration: 80,
			smeltedRatio: 1,
			smeltingType: "convert",
			smeltedStack: { type: "block", code: "wildcrafttree:log-placed-charred-ud" },
			requiresContainer: false,

			burnTemperature: 800,
			burnDuration: 110,
		},
		"log-*-kauri-*": {
			burnTemperature: 800,
			burnDuration: 110,
		},
		"log-*-cedar-*": {
			meltingPoint: 100,
			meltingDuration: 80,
			smeltedRatio: 1,
			smeltingType: "convert",
			smeltedStack: { type: "block", code: "wildcrafttree:log-placed-charred-ud" },
			requiresContainer: false,

			burnTemperature: 800,
			burnDuration: 60,
		},
		"log-*-willow-*": {
			burnTemperature: 700,
			burnDuration: 70,
		},
		"log-*-mangrove-*": {
			burnTemperature: 700,
			burnDuration: 70,
		},
		"log-*-spurgetree-*": {
			burnTemperature: 700,
			burnDuration: 66,
		},
		"log-*-guajacum-*": {
			burnTemperature: 800,
			burnDuration: 79,
		},
		"log-*-eucalyptus-*": {
			burnTemperature: 800,
			burnDuration: 68,
		},
		"log-*-douglasfir-*": {
			burnTemperature: 800,
			burnDuration: 68,
		},
		"log-*-fir-*": {
			burnTemperature: 800,
			burnDuration: 68,
		},
		"log-*-beech-*": {
			burnTemperature: 800,
			burnDuration: 89,
		},
		"log-*-ash-*": {
			burnTemperature: 800,
			burnDuration: 89,
		},
		"log-*-catalpa-*": {
			burnTemperature: 800,
			burnDuration: 54,
		},
		"log-*-sal-*": {
			burnTemperature: 800,
			burnDuration: 54,
		},
		"log-*-satinash-*": {
			burnTemperature: 800,
			burnDuration: 54,
		},
		"log-*-banyan-*": {
			burnTemperature: 800,
			burnDuration: 58,
		},
		"log-*-poplar-*": {
			burnTemperature: 800,
			burnDuration: 79,
		},
		"log-*-empresstree-*": {
			burnTemperature: 700,
			burnDuration: 92,
		},
		"log-*-honeylocust-*": {
			burnTemperature: 700,
			burnDuration: 92,
		},
		"log-*-chlorociboria-*": {
			burnTemperature: 700,
			burnDuration: 40,
		},
		"*": {
			burnTemperature: 800,
			burnDuration: 72,
		}
	},
	maxStackSize: 16,
	materialDensity: 700,
	heldTpIdleAnimation: "holdbothhandslarge", heldRightReadyAnimation: "heldblockready", heldTpUseAnimation: "twohandplaceblock",
	tpHandTransform: {
		translation: { x: -1.23, y: -0.91, z: -0.8 },
		rotation: { x: -2, y: 25, z: -78 },
		scale: 0.4
	}
}
