{
	code: "plankstairs",
	class: "BlockStairs",
	attributes: {
		canChisel: true,
		chiselShapeFromCollisionBox: true,
		handbook: {
			groupBy: ["plankstairs-*"]
		},
		partialAttachable: true,
		liquidBarrierOnSidesByType: {
		   "*-up-north-*": [ 1.0, 0.5, 0.5, 0.5 ],
		   "*-up-south-*": [ 0.5, 0.5, 1.0, 0.5 ],
		   "*-up-west-*": [ 0.5, 0.5, 0.5, 1.0 ],
		   "*-up-east-*": [ 0.5, 1.0, 0.5, 0.5 ]
		}
	},
	behaviors: [
		{ name: "WrenchOrientable", properties: { baseCode: "plankstairs-{wood}-*-{cover}" } }
	],
	variantgroups: [
		{ code: "wood", loadFromProperties: "wildcrafttree:block/wood" },
		{ loadFromProperties: "abstract/verticalorientation" },
		{ loadFromProperties: "abstract/horizontalorientation" },
		{ code: "cover", states: ["free", "snow"] }
	],
	skipVariants: ["*-down-north-snow", "*-down-east-snow", "*-down-south-snow", "*-down-west-snow"],
	creativeinventory: { "general": ["*-up-north-free"], "construction": ["*-up-north-free"], "wildcrafttree": ["*-up-north-free"] },
	sideSolidOpaqueAoByType: {
		"*-up-north-*": { all:false, down:true, north: true },
		"*-up-west-*": { all:false, down:true, west: true },
		"*-up-south-*": { all:false, down:true, south: true },
		"*-up-east-*": { all:false, down:true, east: true },
		"*-down-north-*": { all:false, up:true, north: true },
		"*-down-south-*": { all:false, up:true, south: true },
		"*-down-west-*": { all:false, up:true, west: true },
		"*-down-east-*": { all:false, up:true, east: true },
	},
	shapeByType: { 
		"*-north-*": { base: "game:block/basic/stairs/planks-{cover}-{verticalorientation}", rotateY: 0 },
		"*-west-*": { base: "game:block/basic/stairs/planks-{cover}-{verticalorientation}", rotateY: 90 },
		"*-south-*": { base: "game:block/basic/stairs/planks-{cover}-{verticalorientation}", rotateY: 180 },
		"*-east-*": { base: "game:block/basic/stairs/planks-{cover}-{verticalorientation}", rotateY: 270 }
	},
	faceCullModeByType: {
		"*-snow": "NeverCull",
		"*-free": "Stairs"
	},
	blockmaterial: "Wood",
	textures: {
		sides: { base: "wildcrafttree:block/wood/planks/{wood}1" },
	},
	lightAbsorption: 99,
	resistance: 3,
	sounds: {
		"hit": "game:block/planks",
		"break": "game:block/planks",
		"place": "game:block/planks",
		"walk": "game:walk/wood"
	},
	combustiblePropsByType: {
                "*-petrified-*": null,
		"*": {
			burnTemperature: 600,
			burnDuration: 10,
		}
	},
	materialDensity: 600,
	collisionSelectionBoxesByType: {
		"*-down-*": [
			{ x1: 0, y1: 0.5, z1: 0, x2: 1, y2: 1, z2: 1 },
			{ 
				x1: 0, y1: 0, z1: 0.5, x2: 1, y2: 0.5, z2: 1, 
				rotateYByType: {
					"*-north-*": 180,
					"*-east-*": 90,
					"*-south-*": 0,
					"*-west-*": 270,
				}
			}			
		],
		"*-up-*": [
			{ x1: 0, y1: 0, z1: 0, x2: 1, y2: 0.5, z2: 1 },
			{ 
				x1: 0, y1: 0.5, z1: 0.5, x2: 1, y2: 1, z2: 1, 
				rotateYByType: {
					"*-north-*": 180,
					"*-east-*": 90,
					"*-south-*": 0,
					"*-west-*": 270,
				}
			}
		],	
	},
	heldTpIdleAnimation: "holdbothhandslarge", heldRightReadyAnimation: "heldblockready", heldTpUseAnimation: "twohandplaceblock",
	tpHandTransform: {
		translation: { x: -1.23, y: -0.91, z: -0.8 },
		rotation: { x: -2, y: 25, z: -78 },
		scale: 0.4
	}
}