[
    
  
  { "file":"wildcrafttree:blocktypes/roofing/beam-ridge", "op": "remove",  "path": "/attributes/handbook"},
  { "file":"wildcrafttree:blocktypes/roofing/beam-ridge", "op": "add",     "path": "/attributes/handbook", "value": "include: true"},

  { "file":"wildcrafttree:blocktypes/roofing/beam-plane", "op": "remove",  "path": "/attributes/handbook"},
  { "file":"wildcrafttree:blocktypes/roofing/beam-plane", "op": "add",     "path": "/attributes/handbook", "value": "include: true"},

 

]