{
	"editor": {
		"allAngles": false,
		"entityTextureMode": false
	},
	"textureWidth": 16,
	"textureHeight": 16,
	"textureSizes": {
	},
	"textures": {
		"wattlefence": "block/wood/wattlefence/wattlefence",
		"normal1": "game:block/liquid/snow/normal1"
	},
	"elements": [
		{
			"name": "origin",
			"from": [ 0.0, 0.0, 0.0 ], 
			"to": [ 0.0, 0.0, 0.0 ], 
			"rotationOrigin": [ 8.0, 0.0, 8.0 ],
			"faces": {
				"north": { "texture": "#null", "uv": [ 0.0, 0.0, 0.5, 0.5 ], "enabled": false },
				"east": { "texture": "#null", "uv": [ 0.0, 0.0, 0.5, 0.5 ], "enabled": false },
				"south": { "texture": "#null", "uv": [ 0.0, 0.0, 0.5, 0.5 ], "enabled": false },
				"west": { "texture": "#null", "uv": [ 0.0, 0.0, 0.5, 0.5 ], "enabled": false },
				"up": { "texture": "#null", "uv": [ 0.0, 0.0, 0.5, 0.5 ], "enabled": false },
				"down": { "texture": "#null", "uv": [ 0.0, 0.0, 0.5, 0.5 ], "enabled": false }
			},
			"children": [
				{
					"name": "stickmid1",
					"from": [ 0.0, 0.1, 7.5 ], 
					"to": [ 8.0, 2.1, 8.5 ], 
					"rotationOrigin": [ 8.0, 0.1, 8.0 ],
					"faces": {
						"north": { "texture": "#wattlefence", "uv": [ 6.0, 11.5, 14.0, 13.5 ] },
						"east": { "texture": "#wattlefence", "uv": [ 0.0, 0.0, 1.0, 2.0 ], "enabled": false },
						"south": { "texture": "#wattlefence", "uv": [ 0.0, 12.0, 8.0, 14.0 ] },
						"west": { "texture": "#wattlefence", "uv": [ 13.5, 0.0, 14.5, 2.0 ] },
						"up": { "texture": "#wattlefence", "uv": [ 0.0, 1.0, 8.0, 2.0 ] },
						"down": { "texture": "#wattlefence", "uv": [ 0.0, 0.0, 8.0, 1.0 ] }
					},
					"children": [
						{
							"name": "stickmid2",
							"from": [ 0.0, 2.5, 0.5 ], 
							"to": [ 8.0, 4.0, 1.5 ], 
							"rotationOrigin": [ 8.0, 2.5, 1.0 ],
							"rotationX": -1.0,
							"rotationY": 2.0,
							"faces": {
								"north": { "texture": "#wattlefence", "uv": [ 6.0, 11.5, 14.0, 13.0 ] },
								"east": { "texture": "#wattlefence", "uv": [ 0.0, 0.0, 1.0, 1.5 ], "enabled": false },
								"south": { "texture": "#wattlefence", "uv": [ 0.0, 12.0, 8.0, 13.5 ] },
								"west": { "texture": "#wattlefence", "uv": [ 0.0, 0.0, 1.0, 1.5 ] },
								"up": { "texture": "#wattlefence", "uv": [ 0.0, 0.0, 8.0, 1.0 ], "enabled": false },
								"down": { "texture": "#wattlefence", "uv": [ 0.0, 0.0, 8.0, 1.0 ] }
							},
							"children": [
								{
									"name": "Cube48",
									"from": [ 0.0, 1.5, 0.0 ], 
									"to": [ 8.0, 2.5, 1.0 ], 
									"rotationOrigin": [ 0.0, 1.5, 0.0 ],
									"faces": {
										"north": { "texture": "#normal1", "uv": [ 2.0, 7.0, 10.0, 8.0 ] },
										"east": { "texture": "#normal1", "uv": [ 0.0, 0.0, 1.0, 1.0 ], "enabled": false },
										"south": { "texture": "#normal1", "uv": [ 1.5, 2.5, 9.5, 3.5 ] },
										"west": { "texture": "#normal1", "uv": [ 2.0, 5.5, 3.0, 6.5 ] },
										"up": { "texture": "#normal1", "uv": [ 1.5, 4.0, 9.5, 5.0 ] },
										"down": { "texture": "#normal1", "uv": [ 0.0, 0.0, 8.0, 1.0 ], "enabled": false }
									}
								}
							]
						},
						{
							"name": "stickmid3",
							"from": [ 0.0, 4.2, 0.0 ], 
							"to": [ 8.0, 6.2, 1.0 ], 
							"rotationOrigin": [ 8.0, 4.2, 0.5 ],
							"rotationX": 3.0,
							"rotationY": 1.0,
							"faces": {
								"north": { "texture": "#wattlefence", "uv": [ 6.0, 11.0, 14.0, 13.0 ] },
								"east": { "texture": "#wattlefence", "uv": [ 0.0, 0.0, 1.0, 2.0 ], "enabled": false },
								"south": { "texture": "#wattlefence", "uv": [ 0.0, 11.0, 8.0, 13.0 ] },
								"west": { "texture": "#wattlefence", "uv": [ 0.0, 0.0, 1.0, 2.0 ] },
								"up": { "texture": "#wattlefence", "uv": [ 0.0, 0.5, 8.0, 1.5 ] },
								"down": { "texture": "#wattlefence", "uv": [ 0.0, 0.0, 8.0, 1.0 ] }
							}
						},
						{
							"name": "stickmid5",
							"from": [ 0.0, 8.0, 0.0 ], 
							"to": [ 8.0, 10.0, 1.0 ], 
							"rotationOrigin": [ 8.0, 8.0, 0.5 ],
							"rotationX": -2.0,
							"rotationY": 3.0,
							"rotationZ": 1.0,
							"faces": {
								"north": { "texture": "#wattlefence", "uv": [ 6.0, 11.0, 14.0, 13.0 ] },
								"east": { "texture": "#wattlefence", "uv": [ 0.0, 0.0, 1.0, 2.0 ] },
								"south": { "texture": "#wattlefence", "uv": [ 0.0, 11.0, 8.0, 13.0 ] },
								"west": { "texture": "#wattlefence", "uv": [ 0.0, 0.0, 1.0, 2.0 ] },
								"up": { "texture": "#wattlefence", "uv": [ 0.0, 0.5, 8.0, 1.5 ] },
								"down": { "texture": "#wattlefence", "uv": [ 0.0, 0.0, 8.0, 1.0 ] }
							}
						},
						{
							"name": "stickmid6",
							"from": [ 0.0, 10.5, 0.5 ], 
							"to": [ 8.0, 12.0, 1.5 ], 
							"rotationOrigin": [ 8.0, 10.5, 1.0 ],
							"rotationX": 5.0,
							"faces": {
								"north": { "texture": "#wattlefence", "uv": [ 6.0, 11.5, 14.0, 13.0 ] },
								"east": { "texture": "#wattlefence", "uv": [ 0.0, 0.0, 1.0, 1.5 ], "enabled": false },
								"south": { "texture": "#wattlefence", "uv": [ 0.0, 12.0, 8.0, 13.5 ] },
								"west": { "texture": "#wattlefence", "uv": [ 0.0, 0.0, 1.0, 1.5 ] },
								"up": { "texture": "#wattlefence", "uv": [ 0.0, 0.0, 8.0, 1.0 ], "enabled": false },
								"down": { "texture": "#wattlefence", "uv": [ 0.0, 0.0, 8.0, 1.0 ] }
							},
							"children": [
								{
									"name": "Cube43",
									"from": [ 0.0, 1.5, 0.0 ], 
									"to": [ 8.0, 2.5, 1.0 ], 
									"rotationOrigin": [ 0.0, 1.5, 0.0 ],
									"faces": {
										"north": { "texture": "#normal1", "uv": [ 0.0, 0.0, 8.0, 1.0 ] },
										"east": { "texture": "#normal1", "uv": [ 0.0, 0.0, 1.0, 1.0 ], "enabled": false },
										"south": { "texture": "#normal1", "uv": [ 0.0, 0.0, 8.0, 1.0 ] },
										"west": { "texture": "#normal1", "uv": [ 0.0, 0.0, 1.0, 1.0 ] },
										"up": { "texture": "#normal1", "uv": [ 0.0, 0.0, 8.0, 1.0 ] },
										"down": { "texture": "#normal1", "uv": [ 0.0, 0.0, 8.0, 1.0 ], "enabled": false }
									}
								}
							]
						},
						{
							"name": "stickmid7",
							"from": [ 0.0, 12.5, 0.0 ], 
							"to": [ 8.0, 14.5, 1.0 ], 
							"rotationOrigin": [ 8.0, 12.5, 0.5 ],
							"rotationX": 1.0,
							"rotationZ": 3.0,
							"faces": {
								"north": { "texture": "#wattlefence", "uv": [ 6.0, 11.0, 14.0, 13.0 ] },
								"east": { "texture": "#wattlefence", "uv": [ 0.0, 0.0, 1.0, 2.0 ], "enabled": false },
								"south": { "texture": "#wattlefence", "uv": [ 0.0, 11.0, 8.0, 13.0 ] },
								"west": { "texture": "#wattlefence", "uv": [ 0.0, 0.0, 1.0, 2.0 ] },
								"up": { "texture": "#wattlefence", "uv": [ 0.0, 0.5, 8.0, 1.5 ], "enabled": false },
								"down": { "texture": "#wattlefence", "uv": [ 0.0, 0.0, 8.0, 1.0 ] }
							},
							"children": [
								{
									"name": "snowcoverWup",
									"from": [ 0.0, 2.0, 0.0 ], 
									"to": [ 8.0, 4.0, 1.0 ], 
									"rotationOrigin": [ 0.0, 2.0, 0.0 ],
									"faces": {
										"north": { "texture": "#normal1", "uv": [ 0.0, 0.0, 8.0, 2.0 ] },
										"east": { "texture": "#normal1", "uv": [ 0.0, 0.0, 1.0, 2.0 ], "enabled": false },
										"south": { "texture": "#normal1", "uv": [ 0.0, 0.0, 8.0, 2.0 ] },
										"west": { "texture": "#normal1", "uv": [ 0.0, 0.0, 1.0, 2.0 ] },
										"up": { "texture": "#normal1", "uv": [ 0.0, 0.0, 8.0, 1.0 ] },
										"down": { "texture": "#normal1", "uv": [ 0.0, 0.0, 8.0, 1.0 ], "enabled": false }
									}
								}
							]
						},
						{
							"name": "stickmid19",
							"from": [ 8.0, 4.2, 0.0 ], 
							"to": [ 16.0, 6.2, 1.0 ], 
							"rotationOrigin": [ 8.0, 4.2, 0.5 ],
							"rotationX": -1.0,
							"rotationZ": 2.0,
							"faces": {
								"north": { "texture": "#wattlefence", "uv": [ 0.0, 11.0, 8.0, 13.0 ] },
								"east": { "texture": "#wattlefence", "uv": [ 0.0, 0.0, 1.0, 2.0 ] },
								"south": { "texture": "#wattlefence", "uv": [ 6.0, 11.0, 14.0, 13.0 ] },
								"west": { "texture": "#wattlefence", "uv": [ 0.0, 0.0, 1.0, 2.0 ] },
								"up": { "texture": "#wattlefence", "uv": [ 6.0, 0.5, 14.0, 1.5 ] },
								"down": { "texture": "#wattlefence", "uv": [ 6.0, 0.0, 14.0, 1.0 ] }
							}
						},
						{
							"name": "stickmid20",
							"from": [ 8.0, 6.5, -0.5 ], 
							"to": [ 16.0, 7.5, 0.5 ], 
							"rotationOrigin": [ 8.0, 6.5, 0.0 ],
							"rotationX": -3.0,
							"faces": {
								"north": { "texture": "#wattlefence", "uv": [ 0.0, 11.5, 8.0, 12.5 ] },
								"east": { "texture": "#wattlefence", "uv": [ 0.0, 0.0, 1.0, 1.0 ] },
								"south": { "texture": "#wattlefence", "uv": [ 6.0, 12.0, 14.0, 13.0 ] },
								"west": { "texture": "#wattlefence", "uv": [ 0.0, 0.0, 1.0, 1.0 ], "enabled": false },
								"up": { "texture": "#wattlefence", "uv": [ 6.0, 0.0, 14.0, 1.0 ], "enabled": false },
								"down": { "texture": "#wattlefence", "uv": [ 6.0, 0.0, 14.0, 1.0 ] }
							},
							"children": [
								{
									"name": "Cube44",
									"from": [ 0.0, 1.0, 0.0 ], 
									"to": [ 8.0, 2.0, 1.0 ], 
									"rotationOrigin": [ 0.0, 1.0, 0.0 ],
									"faces": {
										"north": { "texture": "#normal1", "uv": [ 2.0, 1.0, 10.0, 2.0 ] },
										"east": { "texture": "#normal1", "uv": [ 1.5, 4.5, 2.5, 5.5 ] },
										"south": { "texture": "#normal1", "uv": [ 3.0, 5.0, 11.0, 6.0 ] },
										"west": { "texture": "#normal1", "uv": [ 4.0, 6.0, 5.0, 7.0 ], "enabled": false },
										"up": { "texture": "#normal1", "uv": [ 0.5, 6.5, 8.5, 7.5 ] },
										"down": { "texture": "#normal1", "uv": [ 0.0, 0.0, 8.0, 1.0 ], "enabled": false }
									}
								}
							]
						},
						{
							"name": "stickmid21",
							"from": [ 0.0, 8.0, 0.0 ], 
							"to": [ 8.0, 10.0, 1.0 ], 
							"rotationOrigin": [ 0.0, 8.0, 0.5 ],
							"faces": {
								"north": { "texture": "#wattlefence", "uv": [ 0.0, 11.0, 8.0, 13.0 ] },
								"east": { "texture": "#wattlefence", "uv": [ 0.0, 0.0, 1.0, 2.0 ], "enabled": false },
								"south": { "texture": "#wattlefence", "uv": [ 0.0, 11.0, 8.0, 13.0 ] },
								"west": { "texture": "#wattlefence", "uv": [ 0.0, 0.0, 1.0, 2.0 ] },
								"up": { "texture": "#wattlefence", "uv": [ 0.0, 0.5, 8.0, 1.5 ] },
								"down": { "texture": "#wattlefence", "uv": [ 0.0, 0.0, 8.0, 1.0 ] }
							}
						},
						{
							"name": "stickmid22",
							"from": [ 8.0, 8.0, 0.0 ], 
							"to": [ 16.0, 10.0, 1.0 ], 
							"rotationOrigin": [ 8.0, 8.0, 0.5 ],
							"rotationX": 5.0,
							"rotationY": 2.0,
							"faces": {
								"north": { "texture": "#wattlefence", "uv": [ 0.0, 11.0, 8.0, 13.0 ] },
								"east": { "texture": "#wattlefence", "uv": [ 0.0, 0.0, 1.0, 2.0 ] },
								"south": { "texture": "#wattlefence", "uv": [ 6.0, 11.0, 14.0, 13.0 ] },
								"west": { "texture": "#wattlefence", "uv": [ 0.0, 0.0, 1.0, 2.0 ], "enabled": false },
								"up": { "texture": "#wattlefence", "uv": [ 6.0, 0.5, 14.0, 1.5 ] },
								"down": { "texture": "#wattlefence", "uv": [ 6.0, 0.0, 14.0, 1.0 ] }
							}
						},
						{
							"name": "stickmid23",
							"from": [ 8.0, 10.5, 0.5 ], 
							"to": [ 16.0, 12.0, 1.5 ], 
							"rotationOrigin": [ 8.0, 10.5, 1.0 ],
							"rotationX": 2.0,
							"rotationY": 2.0,
							"rotationZ": 1.0,
							"faces": {
								"north": { "texture": "#wattlefence", "uv": [ 0.0, 11.5, 8.0, 13.0 ] },
								"east": { "texture": "#wattlefence", "uv": [ 0.0, 0.0, 1.0, 1.5 ] },
								"south": { "texture": "#wattlefence", "uv": [ 6.0, 12.0, 14.0, 13.5 ] },
								"west": { "texture": "#wattlefence", "uv": [ 0.0, 0.0, 1.0, 1.5 ], "enabled": false },
								"up": { "texture": "#wattlefence", "uv": [ 6.0, 0.0, 14.0, 1.0 ], "enabled": false },
								"down": { "texture": "#wattlefence", "uv": [ 6.0, 0.0, 14.0, 1.0 ] }
							},
							"children": [
								{
									"name": "Cube41",
									"from": [ 0.0, 1.5, 0.0 ], 
									"to": [ 8.0, 2.5, 1.0 ], 
									"rotationOrigin": [ 0.0, 1.5, 0.0 ],
									"faces": {
										"north": { "texture": "#normal1", "uv": [ 0.0, 7.5, 8.0, 8.5 ] },
										"east": { "texture": "#normal1", "uv": [ 1.0, 4.0, 2.0, 5.0 ] },
										"south": { "texture": "#normal1", "uv": [ 0.5, 3.5, 8.5, 4.5 ] },
										"west": { "texture": "#normal1", "uv": [ 0.0, 0.0, 1.0, 1.0 ], "enabled": false },
										"up": { "texture": "#normal1", "uv": [ 2.0, 3.0, 10.0, 4.0 ] },
										"down": { "texture": "#normal1", "uv": [ 0.0, 0.0, 8.0, 1.0 ], "enabled": false }
									}
								}
							]
						},
						{
							"name": "stickmid24",
							"from": [ 8.0, 12.5, 0.0 ], 
							"to": [ 16.0, 14.5, 1.0 ], 
							"rotationOrigin": [ 8.0, 12.5, 0.5 ],
							"rotationX": -2.0,
							"rotationZ": 1.0,
							"faces": {
								"north": { "texture": "#wattlefence", "uv": [ 0.0, 11.0, 8.0, 13.0 ] },
								"east": { "texture": "#wattlefence", "uv": [ 0.0, 0.0, 1.0, 2.0 ] },
								"south": { "texture": "#wattlefence", "uv": [ 6.0, 11.5, 14.0, 13.5 ] },
								"west": { "texture": "#wattlefence", "uv": [ 0.0, 0.0, 1.0, 2.0 ], "enabled": false },
								"up": { "texture": "#wattlefence", "uv": [ 6.0, 0.5, 14.0, 1.5 ], "enabled": false },
								"down": { "texture": "#wattlefence", "uv": [ 6.0, 0.0, 14.0, 1.0 ] }
							},
							"children": [
								{
									"name": "snowcoverEup",
									"from": [ 0.0, 2.0, 0.0 ], 
									"to": [ 8.0, 4.0, 1.0 ], 
									"rotationOrigin": [ 0.0, 2.0, 0.0 ],
									"faces": {
										"north": { "texture": "#normal1", "uv": [ 2.0, 5.5, 10.0, 7.5 ] },
										"east": { "texture": "#normal1", "uv": [ 1.5, 4.0, 2.5, 6.0 ] },
										"south": { "texture": "#normal1", "uv": [ 2.5, 4.5, 10.5, 6.5 ] },
										"west": { "texture": "#normal1", "uv": [ 1.5, 5.5, 2.5, 7.5 ], "enabled": false },
										"up": { "texture": "#normal1", "uv": [ 2.0, 4.0, 10.0, 5.0 ] },
										"down": { "texture": "#normal1", "uv": [ 0.0, 2.5, 8.0, 3.5 ], "enabled": false }
									}
								}
							]
						},
						{
							"name": "stickmid31",
							"from": [ 8.0, 0.0, 0.0 ], 
							"to": [ 16.0, 2.0, 1.0 ], 
							"rotationOrigin": [ 8.0, 0.2, 0.5 ],
							"rotationX": 4.0,
							"faces": {
								"north": { "texture": "#wattlefence", "uv": [ 0.0, 11.0, 8.0, 13.0 ] },
								"east": { "texture": "#wattlefence", "uv": [ 0.0, 0.0, 1.0, 2.0 ] },
								"south": { "texture": "#wattlefence", "uv": [ 6.0, 11.0, 14.0, 13.0 ] },
								"west": { "texture": "#wattlefence", "uv": [ 0.0, 0.0, 1.0, 2.0 ] },
								"up": { "texture": "#wattlefence", "uv": [ 6.0, 0.5, 14.0, 1.5 ] },
								"down": { "texture": "#wattlefence", "uv": [ 6.0, 0.0, 14.0, 1.0 ] }
							}
						},
						{
							"name": "stickmid34",
							"from": [ 8.0, 2.5, 0.5 ], 
							"to": [ 16.0, 4.0, 1.5 ], 
							"rotationOrigin": [ 8.0, 2.5, 1.0 ],
							"rotationX": 1.0,
							"rotationZ": 1.0,
							"faces": {
								"north": { "texture": "#wattlefence", "uv": [ 0.0, 11.5, 8.0, 13.0 ] },
								"east": { "texture": "#wattlefence", "uv": [ 0.0, 0.0, 1.0, 1.5 ] },
								"south": { "texture": "#wattlefence", "uv": [ 6.0, 12.0, 14.0, 13.5 ] },
								"west": { "texture": "#wattlefence", "uv": [ 0.0, 0.0, 1.0, 1.5 ], "enabled": false },
								"up": { "texture": "#wattlefence", "uv": [ 6.0, 0.0, 14.0, 1.0 ], "enabled": false },
								"down": { "texture": "#wattlefence", "uv": [ 6.0, 0.0, 14.0, 1.0 ] }
							},
							"children": [
								{
									"name": "Cube45",
									"from": [ 0.0, 1.5, 0.0 ], 
									"to": [ 8.0, 2.5, 1.0 ], 
									"rotationOrigin": [ 0.0, 1.5, 0.0 ],
									"faces": {
										"north": { "texture": "#normal1", "uv": [ 0.0, 0.0, 8.0, 1.0 ] },
										"east": { "texture": "#normal1", "uv": [ 0.0, 0.0, 1.0, 1.0 ] },
										"south": { "texture": "#normal1", "uv": [ 0.0, 0.0, 8.0, 1.0 ] },
										"west": { "texture": "#normal1", "uv": [ 0.0, 0.0, 1.0, 1.0 ], "enabled": false },
										"up": { "texture": "#normal1", "uv": [ 0.0, 0.0, 8.0, 1.0 ] },
										"down": { "texture": "#normal1", "uv": [ 0.0, 0.0, 8.0, 1.0 ], "enabled": false }
									}
								}
							]
						},
						{
							"name": "stickmid35",
							"from": [ 0.0, 6.5, -0.5 ], 
							"to": [ 8.0, 7.5, 0.5 ], 
							"rotationOrigin": [ 8.0, 6.5, 0.0 ],
							"rotationX": 1.0,
							"rotationY": 1.0,
							"faces": {
								"north": { "texture": "#wattlefence", "uv": [ 0.0, 11.5, 8.0, 12.5 ] },
								"east": { "texture": "#wattlefence", "uv": [ 0.0, 0.0, 1.0, 1.0 ], "enabled": false },
								"south": { "texture": "#wattlefence", "uv": [ 6.0, 12.0, 14.0, 13.0 ] },
								"west": { "texture": "#wattlefence", "uv": [ 0.0, 0.0, 1.0, 1.0 ] },
								"up": { "texture": "#wattlefence", "uv": [ 6.0, 0.0, 14.0, 1.0 ], "enabled": false },
								"down": { "texture": "#wattlefence", "uv": [ 6.0, 0.0, 14.0, 1.0 ] }
							},
							"children": [
								{
									"name": "Cube49",
									"from": [ 0.0, 1.0, 0.0 ], 
									"to": [ 8.0, 2.0, 1.0 ], 
									"rotationOrigin": [ 0.0, 1.0, 0.0 ],
									"faces": {
										"north": { "texture": "#normal1", "uv": [ 1.0, 8.0, 9.0, 9.0 ] },
										"east": { "texture": "#normal1", "uv": [ 2.0, 5.0, 3.0, 6.0 ], "enabled": false },
										"south": { "texture": "#normal1", "uv": [ 2.0, 5.5, 10.0, 6.5 ] },
										"west": { "texture": "#normal1", "uv": [ 1.0, 4.5, 2.0, 5.5 ] },
										"up": { "texture": "#normal1", "uv": [ 0.0, 0.0, 8.0, 1.0 ] },
										"down": { "texture": "#normal1", "uv": [ 0.0, 0.0, 8.0, 1.0 ], "enabled": false }
									}
								}
							]
						}
					]
				},
				{
					"name": "pole1",
					"from": [ 7.0, 0.0, 7.0 ], 
					"to": [ 9.0, 14.0, 9.0 ], 
					"rotationOrigin": [ 8.0, 0.0, 8.0 ],
					"rotationY": -45.0,
					"faces": {
						"north": { "texture": "#wattlefence2", "uv": [ 14.0, 2.0, 16.0, 16.0 ] },
						"east": { "texture": "#wattlefence2", "uv": [ 14.0, 2.0, 16.0, 16.0 ] },
						"south": { "texture": "#wattlefence2", "uv": [ 14.0, 2.0, 16.0, 16.0 ] },
						"west": { "texture": "#wattlefence2", "uv": [ 14.0, 2.0, 16.0, 16.0 ] },
						"up": { "texture": "#wattlefence2", "uv": [ 14.0, 0.0, 16.0, 2.0 ], "enabled": false },
						"down": { "texture": "#wattlefence2", "uv": [ 14.0, 0.0, 16.0, 2.0 ] }
					},
					"children": [
						{
							"name": "pole1top",
							"from": [ 0.0, 14.0, 0.0 ], 
							"to": [ 2.0, 16.0, 2.0 ], 
							"rotationOrigin": [ 0.5, 14.0, 0.5 ],
							"faces": {
								"north": { "texture": "#wattlefence", "uv": [ 14.0, 4.5, 16.0, 6.5 ] },
								"east": { "texture": "#wattlefence", "uv": [ 14.0, 3.0, 16.0, 5.0 ] },
								"south": { "texture": "#wattlefence", "uv": [ 14.0, 4.5, 16.0, 6.5 ] },
								"west": { "texture": "#wattlefence", "uv": [ 14.0, 4.0, 16.0, 6.0 ] },
								"up": { "texture": "#wattlefence", "uv": [ 14.0, 0.0, 16.0, 2.0 ], "enabled": false },
								"down": { "texture": "#wattlefence", "uv": [ 0.0, 0.0, 2.0, 2.0 ], "enabled": false }
							},
							"children": [
								{
									"name": "snowcoverpole",
									"from": [ 0.0, 2.0, 0.0 ], 
									"to": [ 2.0, 4.0, 2.0 ], 
									"rotationOrigin": [ 0.0, 2.0, 0.0 ],
									"faces": {
										"north": { "texture": "#normal1", "uv": [ 4.5, 2.5, 6.5, 4.5 ] },
										"east": { "texture": "#normal1", "uv": [ 2.0, 5.0, 4.0, 7.0 ] },
										"south": { "texture": "#normal1", "uv": [ 4.5, 5.0, 6.5, 7.0 ] },
										"west": { "texture": "#normal1", "uv": [ 6.0, 6.5, 8.0, 8.5 ] },
										"up": { "texture": "#normal1", "uv": [ 2.5, 4.0, 4.5, 6.0 ] },
										"down": { "texture": "#normal1", "uv": [ 0.0, 0.0, 2.0, 2.0 ], "enabled": false }
									}
								}
							]
						}
					]
				}
			]
		}
	]}