{
	"code": "steephalfdowninner",
	"behaviors": [{"name": "HorizontalOrientable", "properties": {  "dropBlockFace": "east", "drop": { "type": "block", "code": "steephalfdowninner-{material}-east-free" }  }}],
	"variantgroups": [
		{ "code": "material", loadFromProperties: "wildcrafttree:block/wood" },
		{ "loadFromProperties": "abstract/horizontalorientation" },
		{ "code": "cover", "states": ["free", "snow"] }
	],
	
	"attributes": {
		"humanoidTraversalCost": 100,
		"mapColorCode": "settlement"
	},
	"shapeByType": { 
	"*-north-*": { "base": "extendedcreation:block/roof/steep/inner/steephalfdowninner-{cover}", "rotateY": 0 },
	"*-west-*": { "base": "extendedcreation:block/roof/steep/inner/steephalfdowninner-{cover}", "rotateY": 90 },
	"*-south-*": { "base": "extendedcreation:block/roof/steep/inner/steephalfdowninner-{cover}", "rotateY": 180 },
	"*-east-*": { "base": "extendedcreation:block/roof/steep/inner/steephalfdowninner-{cover}", "rotateY": 270 }
	},
	
	"texturesByType": {
		"*": {
			"acacia1": { "base": "wildcrafttree:block/wood/planks/{material}1" },
			"acacia-top": { "base": "wildcrafttree:block/wood/shingles/{material}-top" },
			"acacia-side": { "base": "wildcrafttree:block/wood/shingles/{material}-side" },
			"snowcover": { "base": "game:block/liquid/snow/normal1" }
		}
	}, 

	"drawtype": "json",
	"faceCullMode": "NeverCull",
	"renderpass": "OpaqueNoCull",
	
	
	"sidesolidByType": {
		"*-north-*": {"north": true, "south": false, "east": true, "west": false, "up": false, "down": true },
		"*-south-*": {"north": false, "south": true, "east": false, "west": true, "up": false, "down": true },
		"*-east-*": {"north": false, "south": true, "east": true, "west": false, "up": false, "down": true },
		"*-west-*": {"north": true, "south": false, "east": false, "west": true, "up": false, "down": true }
	},
	"sideopaque": { "all": false },

	"blockmaterialByType": {
		"*": "Wood"
	},
	"creativeinventory": {  "EC-roof": ["*-east-free"] },
	"replaceable": 300,
	"resistance": 2,
	"lightAbsorption": 99,
	"emitSideAo": {
		"all": true
	},
	
	"collisionSelectionBoxesByType": {
		"*-north-*": [ { x1: 0, y1: 0, z1: 0, x2: 1, y2: 1, z2: 1 , "rotateY": 90 	}],
		"*-west-*": [ { x1: 0, y1: 0, z1: 0, x2: 1, y2: 1, z2: 1 , "rotateY": 180 	}],
		"*-south-*": [ { x1: 0, y1: 0, z1: 0, x2: 1, y2: 1, z2: 1 , "rotateY": 270	}],
		"*-east-*": [ { x1: 0, y1: 0, z1: 0, x2: 1, y2: 1, z2: 1 , "rotateY": 0  	}]
	},
	"soundsByType": {
		"*": {
			"place": "game:block/planks",
			"break": "game:block/planks",
			"hit": "game:block/planks"
		}
	},
	"guiTransformByType": {
	
		"*": {
			"rotation": { x: -22.6, y: -40, z: 0 },
			"origin": { x: 0.53, y: 0.55, z: 0.46 },
			"scale": 0.85
		}
	}
}
