{
	"editor": {
		"allAngles": true,
		"entityTextureMode": false
	},
	"textureWidth": 16,
	"textureHeight": 16,
	"textureSizes": {
	},
	"textures": {
	},
	"elements": [
		{
			"name": "ORIGIN",
			"from": [ 8.0, 0.0, 8.0 ], 
			"to": [ 8.0, 0.0, 8.0 ], 
			"rotationOrigin": [ 8.0, 0.0, 8.0 ],
			"faces": {
				"north": { "texture": "#trunk", "uv": [ 0.0, 0.0, 0.5, 0.5 ], "enabled": false },
				"east": { "texture": "#trunk", "uv": [ 0.0, 0.0, 0.5, 0.5 ], "enabled": false },
				"south": { "texture": "#trunk", "uv": [ 0.0, 0.0, 0.5, 0.5 ], "enabled": false },
				"west": { "texture": "#trunk", "uv": [ 0.0, 0.0, 0.5, 0.5 ], "enabled": false },
				"up": { "texture": "#trunk", "uv": [ 0.0, 0.0, 0.5, 0.5 ], "enabled": false },
				"down": { "texture": "#trunk", "uv": [ 0.0, 0.0, 0.5, 0.5 ], "enabled": false }
			},
			"children": [
				{
					"name": "post2",
					"from": [ 3.2, 0.0, -0.8 ], 
					"to": [ 4.8, 16.0, 0.8 ], 
					"rotationOrigin": [ 4.0, 0.0, 0.0 ],
					"rotationY": -22.5,
					"faces": {
						"north": { "texture": "#trunk", "uv": [ 11.0, 0.0, 12.5, 16.0 ], "windMode": [-1,-1,-1,-1] },
						"east": { "texture": "#trunk", "uv": [ 12.0, 0.0, 13.5, 16.0 ] },
						"south": { "texture": "#trunk", "uv": [ 10.0, 0.0, 11.5, 16.0 ], "windMode": [-1,-1,-1,-1] },
						"west": { "texture": "#trunk", "uv": [ 13.5, 0.0, 15.0, 16.0 ], "windMode": [-1,-1,-1,-1] },
						"up": { "texture": "#trunk", "uv": [ 7.0, 3.0, 8.5, 4.5 ] },
						"down": { "texture": "#trunk", "uv": [ 5.5, 6.5, 7.0, 8.0 ] }
					}
				},
				{
					"name": "post1",
					"from": [ -4.8, 0.0, -0.8 ], 
					"to": [ -3.2, 16.0, 0.8 ], 
					"rotationOrigin": [ -4.0, 0.0, 0.0 ],
					"rotationY": -45.0,
					"faces": {
						"north": { "texture": "#trunk", "uv": [ 12.5, 0.0, 14.0, 16.0 ] },
						"east": { "texture": "#trunk", "uv": [ 11.0, 0.0, 12.5, 16.0 ], "windMode": [-1,-1,-1,-1] },
						"south": { "texture": "#trunk", "uv": [ 14.5, 0.0, 16.0, 16.0 ], "windMode": [-1,-1,-1,-1] },
						"west": { "texture": "#trunk", "uv": [ 13.5, 0.0, 15.0, 16.0 ], "windMode": [-1,-1,-1,-1] },
						"up": { "texture": "#trunk", "uv": [ 6.0, 7.0, 7.5, 8.5 ] },
						"down": { "texture": "#trunk", "uv": [ 3.5, 2.5, 5.0, 4.0 ] }
					}
				},
				{
					"name": "OFFSETB",
					"from": [ 0.0, 0.25, 0.0 ], 
					"to": [ 0.0, 0.25, 0.0 ], 
					"rotationOrigin": [ 0.0, 0.2, 0.0 ],
					"rotationY": 180.0,
					"faces": {
						"north": { "texture": "#trunk", "uv": [ 8.0, 8.0, 8.5, 8.5 ] },
						"east": { "texture": "#trunk", "uv": [ 12.0, 7.0, 12.5, 7.5 ] },
						"south": { "texture": "#trunk", "uv": [ 10.0, 1.0, 10.5, 1.5 ] },
						"west": { "texture": "#trunk", "uv": [ 14.5, 7.0, 15.0, 7.5 ] },
						"up": { "texture": "#trunk", "uv": [ 1.0, 0.5, 1.5, 1.0 ] },
						"down": { "texture": "#trunk", "uv": [ 0.0, 5.0, 0.5, 5.5 ] }
					},
					"children": [
						{
							"name": "wattleB1",
							"from": [ -4.0, 2.0, 0.7 ], 
							"to": [ 4.6, 3.0, 1.7 ], 
							"rotationOrigin": [ -4.0, 2.0, 1.7 ],
							"rotationY": 16.0,
							"faces": {
								"north": { "texture": "#trunk", "uv": [ 10.5, 5.0, 11.5, 13.5 ], "rotation": 90 },
								"east": { "texture": "#trunk", "uv": [ 0.0, 0.0, 1.0, 1.0 ], "enabled": false },
								"south": { "texture": "#trunk", "uv": [ 11.0, 1.0, 12.0, 9.5 ], "rotation": 90 },
								"west": { "texture": "#trunk", "uv": [ 0.0, 0.0, 1.0, 1.0 ], "enabled": false },
								"up": { "texture": "#trunk", "uv": [ 12.0, 6.0, 13.0, 14.5 ], "rotation": 90 },
								"down": { "texture": "#trunk", "uv": [ 13.5, 1.0, 14.5, 9.5 ], "rotation": 90 }
							},
							"children": [
								{
									"name": "wattleB2",
									"from": [ 8.6, 0.0, 0.0 ], 
									"to": [ 13.1, 1.0, 1.0 ], 
									"rotationOrigin": [ 8.6, 0.0, 0.0 ],
									"rotationX": -1.0,
									"rotationY": -32.0,
									"faces": {
										"north": { "texture": "#trunk", "uv": [ 10.5, 4.0, 11.5, 8.5 ], "rotation": 90 },
										"east": { "texture": "#trunk", "uv": [ 0.0, 0.0, 1.0, 1.0 ], "enabled": false },
										"south": { "texture": "#trunk", "uv": [ 11.0, 6.5, 12.0, 11.0 ], "rotation": 90 },
										"west": { "texture": "#trunk", "uv": [ 0.0, 0.0, 1.0, 1.0 ], "enabled": false },
										"up": { "texture": "#trunk", "uv": [ 10.0, 7.0, 11.0, 11.5 ], "rotation": 90 },
										"down": { "texture": "#trunk", "uv": [ 11.5, 11.0, 12.5, 15.5 ], "rotation": 90 }
									}
								},
								{
									"name": "wattleB3",
									"from": [ 0.0, 0.0, 1.0 ], 
									"to": [ 4.6, 1.04, 2.04 ], 
									"rotationOrigin": [ 0.0, 0.0, 1.0 ],
									"rotationX": 1.0,
									"rotationY": 148.0,
									"faces": {
										"north": { "texture": "#trunk", "uv": [ 10.5, 11.0, 11.5, 15.5 ], "rotation": 90 },
										"east": { "texture": "#trunk", "uv": [ 0.0, 0.0, 1.0, 1.0 ], "enabled": false },
										"south": { "texture": "#trunk", "uv": [ 13.0, 3.0, 14.0, 7.5 ], "rotation": 90 },
										"west": { "texture": "#trunk", "uv": [ 0.0, 0.0, 1.0, 1.0 ], "enabled": false },
										"up": { "texture": "#trunk", "uv": [ 10.5, 4.0, 11.5, 8.5 ], "rotation": 90 },
										"down": { "texture": "#trunk", "uv": [ 11.5, 4.5, 12.5, 9.0 ], "rotation": 90 }
									}
								}
							]
						},
						{
							"name": "wattleB4",
							"from": [ -4.0, 11.0, 0.7 ], 
							"to": [ 4.6, 12.0, 1.7 ], 
							"rotationOrigin": [ -4.0, 11.0, 1.7 ],
							"rotationY": 16.0,
							"faces": {
								"north": { "texture": "#trunk", "uv": [ 13.0, 5.0, 14.0, 13.5 ], "rotation": 90 },
								"east": { "texture": "#trunk", "uv": [ 0.0, 0.0, 1.0, 1.0 ], "enabled": false },
								"south": { "texture": "#trunk", "uv": [ 12.0, 3.5, 13.0, 12.0 ], "rotation": 90 },
								"west": { "texture": "#trunk", "uv": [ 0.0, 0.0, 1.0, 1.0 ], "enabled": false },
								"up": { "texture": "#trunk", "uv": [ 13.0, 7.0, 14.0, 15.5 ], "rotation": 90 },
								"down": { "texture": "#trunk", "uv": [ 14.0, 6.0, 15.0, 14.5 ], "rotation": 90 }
							},
							"children": [
								{
									"name": "wattleB5",
									"from": [ 8.6, 0.0, 0.0 ], 
									"to": [ 13.1, 1.0, 1.0 ], 
									"rotationOrigin": [ 8.6, 0.0, 0.0 ],
									"rotationX": -1.0,
									"rotationY": -32.0,
									"faces": {
										"north": { "texture": "#trunk", "uv": [ 12.0, 3.0, 13.0, 7.5 ], "rotation": 90 },
										"east": { "texture": "#trunk", "uv": [ 0.0, 0.0, 1.0, 1.0 ], "enabled": false },
										"south": { "texture": "#trunk", "uv": [ 11.5, 3.5, 12.5, 8.0 ], "rotation": 90 },
										"west": { "texture": "#trunk", "uv": [ 0.0, 0.0, 1.0, 1.0 ], "enabled": false },
										"up": { "texture": "#trunk", "uv": [ 13.5, 6.5, 14.5, 11.0 ], "rotation": 90 },
										"down": { "texture": "#trunk", "uv": [ 12.0, 4.5, 13.0, 9.0 ], "rotation": 90 }
									}
								},
								{
									"name": "wattleB6",
									"from": [ 0.0, 0.0, 1.0 ], 
									"to": [ 4.6, 1.04, 2.04 ], 
									"rotationOrigin": [ 0.0, 0.0, 1.0 ],
									"rotationX": 1.0,
									"rotationY": 148.0,
									"faces": {
										"north": { "texture": "#trunk", "uv": [ 10.5, 0.5, 11.5, 5.0 ], "rotation": 90 },
										"east": { "texture": "#trunk", "uv": [ 0.0, 0.0, 1.0, 1.0 ], "enabled": false },
										"south": { "texture": "#trunk", "uv": [ 11.5, 6.5, 12.5, 11.0 ], "rotation": 90 },
										"west": { "texture": "#trunk", "uv": [ 0.0, 0.0, 1.0, 1.0 ], "enabled": false },
										"up": { "texture": "#trunk", "uv": [ 14.5, 8.0, 15.5, 12.5 ], "rotation": 90 },
										"down": { "texture": "#trunk", "uv": [ 11.5, 1.5, 12.5, 6.0 ], "rotation": 90 }
									}
								}
							]
						},
						{
							"name": "wattleB7",
							"from": [ -4.0, 8.0, 0.7 ], 
							"to": [ 4.6, 9.0, 1.7 ], 
							"rotationOrigin": [ -4.0, 8.0, 1.7 ],
							"rotationY": 16.0,
							"faces": {
								"north": { "texture": "#trunk", "uv": [ 11.5, 0.5, 12.5, 9.0 ], "rotation": 90 },
								"east": { "texture": "#trunk", "uv": [ 0.0, 0.0, 1.0, 1.0 ], "enabled": false },
								"south": { "texture": "#trunk", "uv": [ 12.0, 3.0, 13.0, 11.5 ], "rotation": 90 },
								"west": { "texture": "#trunk", "uv": [ 0.0, 0.0, 1.0, 1.0 ], "enabled": false },
								"up": { "texture": "#trunk", "uv": [ 13.0, 5.5, 14.0, 14.0 ], "rotation": 90 },
								"down": { "texture": "#trunk", "uv": [ 11.0, 1.0, 12.0, 9.5 ], "rotation": 90 }
							},
							"children": [
								{
									"name": "wattleB8",
									"from": [ 8.6, 0.0, 0.0 ], 
									"to": [ 13.1, 1.0, 1.0 ], 
									"rotationOrigin": [ 8.6, 0.0, 0.0 ],
									"rotationX": -1.0,
									"rotationY": -32.0,
									"faces": {
										"north": { "texture": "#trunk", "uv": [ 10.5, 2.0, 11.5, 6.5 ], "rotation": 90 },
										"east": { "texture": "#trunk", "uv": [ 0.0, 0.0, 1.0, 1.0 ], "enabled": false },
										"south": { "texture": "#trunk", "uv": [ 11.0, 6.5, 12.0, 11.0 ], "rotation": 90 },
										"west": { "texture": "#trunk", "uv": [ 0.0, 0.0, 1.0, 1.0 ], "enabled": false },
										"up": { "texture": "#trunk", "uv": [ 12.0, 9.5, 13.0, 14.0 ], "rotation": 90 },
										"down": { "texture": "#trunk", "uv": [ 14.5, 8.0, 15.5, 12.5 ], "rotation": 90 }
									}
								},
								{
									"name": "wattleB9",
									"from": [ 0.0, 0.0, 1.0 ], 
									"to": [ 4.6, 1.04, 2.04 ], 
									"rotationOrigin": [ 0.0, 0.0, 1.0 ],
									"rotationX": 1.0,
									"rotationY": 148.0,
									"faces": {
										"north": { "texture": "#trunk", "uv": [ 12.0, 11.5, 13.0, 16.0 ], "rotation": 90 },
										"east": { "texture": "#trunk", "uv": [ 0.0, 0.0, 1.0, 1.0 ], "enabled": false },
										"south": { "texture": "#trunk", "uv": [ 10.0, 4.0, 11.0, 8.5 ], "rotation": 90 },
										"west": { "texture": "#trunk", "uv": [ 0.0, 0.0, 1.0, 1.0 ], "enabled": false },
										"up": { "texture": "#trunk", "uv": [ 12.5, 8.0, 13.5, 12.5 ], "rotation": 90 },
										"down": { "texture": "#trunk", "uv": [ 11.0, 3.0, 12.0, 7.5 ], "rotation": 90 }
									}
								}
							]
						},
						{
							"name": "wattleB13",
							"from": [ -4.0, 14.0, 0.7 ], 
							"to": [ 4.6, 15.0, 1.7 ], 
							"rotationOrigin": [ -4.0, 14.0, 1.7 ],
							"rotationY": 16.0,
							"faces": {
								"north": { "texture": "#trunk", "uv": [ 11.5, 0.5, 12.5, 9.0 ], "rotation": 90 },
								"east": { "texture": "#trunk", "uv": [ 0.0, 0.0, 1.0, 1.0 ], "enabled": false },
								"south": { "texture": "#trunk", "uv": [ 13.5, 0.0, 14.5, 8.5 ], "rotation": 90 },
								"west": { "texture": "#trunk", "uv": [ 0.0, 0.0, 1.0, 1.0 ], "enabled": false },
								"up": { "texture": "#trunk", "uv": [ 12.5, 6.0, 13.5, 14.5 ], "rotation": 90 },
								"down": { "texture": "#trunk", "uv": [ 14.0, 4.5, 15.0, 13.0 ], "rotation": 90 }
							},
							"children": [
								{
									"name": "wattleB14",
									"from": [ 8.6, 0.0, 0.0 ], 
									"to": [ 13.1, 1.0, 1.0 ], 
									"rotationOrigin": [ 8.6, 0.0, 0.0 ],
									"rotationX": -1.0,
									"rotationY": -32.0,
									"faces": {
										"north": { "texture": "#trunk", "uv": [ 10.0, 11.0, 11.0, 15.5 ], "rotation": 90 },
										"east": { "texture": "#trunk", "uv": [ 0.0, 0.0, 1.0, 1.0 ], "enabled": false },
										"south": { "texture": "#trunk", "uv": [ 10.5, 4.5, 11.5, 9.0 ], "rotation": 90 },
										"west": { "texture": "#trunk", "uv": [ 0.0, 0.0, 1.0, 1.0 ], "enabled": false },
										"up": { "texture": "#trunk", "uv": [ 14.0, 9.0, 15.0, 13.5 ], "rotation": 90 },
										"down": { "texture": "#trunk", "uv": [ 13.5, 9.5, 14.5, 14.0 ], "rotation": 90 }
									}
								},
								{
									"name": "wattleB15",
									"from": [ 0.0, 0.0, 1.0 ], 
									"to": [ 4.6, 1.04, 2.04 ], 
									"rotationOrigin": [ 0.0, 0.0, 1.0 ],
									"rotationX": 1.0,
									"rotationY": 148.0,
									"faces": {
										"north": { "texture": "#trunk", "uv": [ 12.0, 11.5, 13.0, 16.0 ], "rotation": 90 },
										"east": { "texture": "#trunk", "uv": [ 0.0, 0.0, 1.0, 1.0 ], "enabled": false },
										"south": { "texture": "#trunk", "uv": [ 13.0, 6.0, 14.0, 10.5 ], "rotation": 90 },
										"west": { "texture": "#trunk", "uv": [ 0.0, 0.0, 1.0, 1.0 ], "enabled": false },
										"up": { "texture": "#trunk", "uv": [ 14.0, 0.5, 15.0, 5.0 ], "rotation": 90 },
										"down": { "texture": "#trunk", "uv": [ 11.5, 0.0, 12.5, 4.5 ], "rotation": 90 }
									}
								}
							]
						},
						{
							"name": "wattleB11janked2",
							"from": [ 3.03, 4.9907, -1.9073 ], 
							"to": [ 8.53, 5.9907, -0.9073 ], 
							"rotationOrigin": [ 3.03, 4.9907, -1.9073 ],
							"rotationX": -0.882,
							"rotationY": -16.002,
							"rotationZ": 0.287,
							"faces": {
								"north": { "texture": "#trunk", "uv": [ 15.0, 1.0, 16.0, 6.5 ], "rotation": 90 },
								"east": { "texture": "#trunk", "uv": [ 0.0, 0.0, 1.0, 1.0 ], "enabled": false },
								"south": { "texture": "#trunk", "uv": [ 12.5, 8.5, 13.5, 14.0 ], "rotation": 90 },
								"west": { "texture": "#trunk", "uv": [ 5.0, 4.0, 6.0, 5.0 ] },
								"up": { "texture": "#trunk", "uv": [ 11.0, 7.5, 12.0, 13.0 ], "rotation": 90 },
								"down": { "texture": "#trunk", "uv": [ 11.0, 3.5, 12.0, 9.0 ], "rotation": 90 }
							}
						},
						{
							"name": "wattleB12janked2",
							"from": [ -3.0388, 4.989, 1.9756 ], 
							"to": [ 2.5612, 6.029, 3.0156 ], 
							"rotationOrigin": [ -3.0388, 4.989, 1.9756 ],
							"rotationX": -179.192,
							"rotationY": 16.003,
							"rotationZ": -179.594,
							"faces": {
								"north": { "texture": "#trunk", "uv": [ 13.5, 3.0, 14.5, 8.5 ], "rotation": 90 },
								"east": { "texture": "#trunk", "uv": [ 0.0, 0.0, 1.0, 1.0 ], "enabled": false },
								"south": { "texture": "#trunk", "uv": [ 13.0, 7.5, 14.0, 13.0 ], "rotation": 90 },
								"west": { "texture": "#trunk", "uv": [ 5.5, 5.5, 6.5, 6.5 ], "windMode": [-1,-1,-1,-1] },
								"up": { "texture": "#trunk", "uv": [ 10.5, 2.5, 11.5, 8.0 ], "rotation": 90 },
								"down": { "texture": "#trunk", "uv": [ 11.0, 4.5, 12.0, 10.0 ], "rotation": 90 }
							}
						}
					]
				},
				{
					"name": "OFFSETA",
					"from": [ 0.0, -0.25, 0.0 ], 
					"to": [ 0.0, -0.25, 0.0 ], 
					"faces": {
						"north": { "texture": "#trunk", "uv": [ 0.0, 0.0, 0.5, 0.5 ], "enabled": false },
						"east": { "texture": "#trunk", "uv": [ 0.0, 0.0, 0.5, 0.5 ], "enabled": false },
						"south": { "texture": "#trunk", "uv": [ 0.0, 0.0, 0.5, 0.5 ], "enabled": false },
						"west": { "texture": "#trunk", "uv": [ 0.0, 0.0, 0.5, 0.5 ], "enabled": false },
						"up": { "texture": "#trunk", "uv": [ 0.0, 0.0, 0.5, 0.5 ], "enabled": false },
						"down": { "texture": "#trunk", "uv": [ 0.0, 0.0, 0.5, 0.5 ], "enabled": false }
					},
					"children": [
						{
							"name": "wattleA1",
							"from": [ -4.0, 1.0, -1.7 ], 
							"to": [ 4.6, 2.0, -0.7 ], 
							"rotationOrigin": [ -4.0, 1.0, -1.7 ],
							"rotationY": -16.0,
							"faces": {
								"north": { "texture": "#trunk", "uv": [ 12.0, 6.0, 13.0, 14.5 ], "rotation": 90 },
								"east": { "texture": "#trunk", "uv": [ 0.0, 0.0, 1.0, 1.0 ], "enabled": false },
								"south": { "texture": "#trunk", "uv": [ 11.5, 6.0, 12.5, 14.5 ], "rotation": 90 },
								"west": { "texture": "#trunk", "uv": [ 0.0, 0.0, 1.0, 1.0 ], "enabled": false },
								"up": { "texture": "#trunk", "uv": [ 12.5, 5.0, 13.5, 13.5 ], "rotation": 90 },
								"down": { "texture": "#trunk", "uv": [ 14.0, 6.5, 15.0, 15.0 ], "rotation": 90, "windMode": [-1,-1,-1,-1] }
							},
							"children": [
								{
									"name": "wattleA2",
									"from": [ 8.6, 0.0, 0.0 ], 
									"to": [ 13.1, 1.0, 1.0 ], 
									"rotationOrigin": [ 8.6, 0.0, 1.0 ],
									"rotationX": -1.0,
									"rotationY": 32.0,
									"faces": {
										"north": { "texture": "#trunk", "uv": [ 10.5, 10.0, 11.5, 14.5 ], "rotation": 90 },
										"east": { "texture": "#trunk", "uv": [ 0.0, 0.0, 1.0, 1.0 ], "enabled": false },
										"south": { "texture": "#trunk", "uv": [ 10.0, 3.5, 11.0, 8.0 ], "rotation": 90 },
										"west": { "texture": "#trunk", "uv": [ 0.0, 0.0, 1.0, 1.0 ], "enabled": false },
										"up": { "texture": "#trunk", "uv": [ 11.5, 7.5, 12.5, 12.0 ], "rotation": 90 },
										"down": { "texture": "#trunk", "uv": [ 13.0, 8.5, 14.0, 13.0 ], "rotation": 90 }
									}
								},
								{
									"name": "wattleA3",
									"from": [ 0.0, 0.0, -1.0 ], 
									"to": [ 4.6, 1.04, 0.04 ], 
									"rotationOrigin": [ 0.0, 0.0, 0.0 ],
									"rotationX": 1.0,
									"rotationY": -148.0,
									"faces": {
										"north": { "texture": "#trunk", "uv": [ 14.5, 4.0, 15.5, 8.5 ], "rotation": 90 },
										"east": { "texture": "#trunk", "uv": [ 0.0, 0.0, 1.0, 1.0 ], "enabled": false },
										"south": { "texture": "#trunk", "uv": [ 13.5, 8.0, 14.5, 12.5 ], "rotation": 90 },
										"west": { "texture": "#trunk", "uv": [ 0.0, 0.0, 1.0, 1.0 ], "enabled": false },
										"up": { "texture": "#trunk", "uv": [ 13.0, 1.5, 14.0, 6.0 ], "rotation": 90 },
										"down": { "texture": "#trunk", "uv": [ 14.0, 9.5, 15.0, 14.0 ], "rotation": 90 }
									}
								}
							]
						},
						{
							"name": "wattleA4",
							"from": [ -4.0, 4.0, -1.7 ], 
							"to": [ 4.6, 5.0, -0.7 ], 
							"rotationOrigin": [ -4.0, 4.0, -1.7 ],
							"rotationY": -16.0,
							"faces": {
								"north": { "texture": "#trunk", "uv": [ 12.0, 7.0, 13.0, 15.5 ], "rotation": 90 },
								"east": { "texture": "#trunk", "uv": [ 0.0, 0.0, 1.0, 1.0 ], "enabled": false },
								"south": { "texture": "#trunk", "uv": [ 13.0, 6.5, 14.0, 15.0 ], "rotation": 90 },
								"west": { "texture": "#trunk", "uv": [ 0.0, 0.0, 1.0, 1.0 ], "enabled": false },
								"up": { "texture": "#trunk", "uv": [ 14.0, 6.0, 15.0, 14.5 ], "rotation": 90 },
								"down": { "texture": "#trunk", "uv": [ 14.5, 4.0, 15.5, 12.5 ], "rotation": 90 }
							},
							"children": [
								{
									"name": "wattleA5",
									"from": [ 8.6, 0.0, 0.0 ], 
									"to": [ 13.1, 1.0, 1.0 ], 
									"rotationOrigin": [ 8.6, 0.0, 1.0 ],
									"rotationX": -1.0,
									"rotationY": 32.0,
									"faces": {
										"north": { "texture": "#trunk", "uv": [ 10.0, 11.0, 11.0, 15.5 ], "rotation": 90 },
										"east": { "texture": "#trunk", "uv": [ 0.0, 0.0, 1.0, 1.0 ], "enabled": false },
										"south": { "texture": "#trunk", "uv": [ 12.0, 6.0, 13.0, 10.5 ], "rotation": 90 },
										"west": { "texture": "#trunk", "uv": [ 0.0, 0.0, 1.0, 1.0 ], "enabled": false },
										"up": { "texture": "#trunk", "uv": [ 12.5, 1.5, 13.5, 6.0 ], "rotation": 90 },
										"down": { "texture": "#trunk", "uv": [ 13.0, 9.5, 14.0, 14.0 ], "rotation": 90 }
									}
								},
								{
									"name": "wattleA6",
									"from": [ 0.0, 0.0, -1.0 ], 
									"to": [ 4.6, 1.04, 0.04 ], 
									"rotationOrigin": [ 0.0, 0.0, 0.0 ],
									"rotationX": 1.0,
									"rotationY": -148.0,
									"faces": {
										"north": { "texture": "#trunk", "uv": [ 11.5, 2.0, 12.5, 6.5 ], "rotation": 90 },
										"east": { "texture": "#trunk", "uv": [ 0.0, 0.0, 1.0, 1.0 ], "enabled": false },
										"south": { "texture": "#trunk", "uv": [ 11.0, 5.0, 12.0, 9.5 ], "rotation": 90 },
										"west": { "texture": "#trunk", "uv": [ 0.0, 0.0, 1.0, 1.0 ], "enabled": false },
										"up": { "texture": "#trunk", "uv": [ 12.5, 10.0, 13.5, 14.5 ], "rotation": 90 },
										"down": { "texture": "#trunk", "uv": [ 13.5, 9.5, 14.5, 14.0 ], "rotation": 90 }
									}
								}
							]
						},
						{
							"name": "wattleA7",
							"from": [ -4.0, 7.0, -1.7 ], 
							"to": [ 4.6, 8.0, -0.7 ], 
							"rotationOrigin": [ -4.0, 7.0, -1.7 ],
							"rotationY": -16.0,
							"faces": {
								"north": { "texture": "#trunk", "uv": [ 11.0, 2.5, 12.0, 11.0 ], "rotation": 90 },
								"east": { "texture": "#trunk", "uv": [ 0.0, 0.0, 1.0, 1.0 ], "enabled": false },
								"south": { "texture": "#trunk", "uv": [ 12.5, 4.0, 13.5, 12.5 ], "rotation": 90 },
								"west": { "texture": "#trunk", "uv": [ 0.0, 0.0, 1.0, 1.0 ], "enabled": false },
								"up": { "texture": "#trunk", "uv": [ 11.0, 7.5, 12.0, 16.0 ], "rotation": 90 },
								"down": { "texture": "#trunk", "uv": [ 14.5, 4.5, 15.5, 13.0 ], "rotation": 90 }
							},
							"children": [
								{
									"name": "wattleA8",
									"from": [ 8.6, 0.0, 0.0 ], 
									"to": [ 13.1, 1.0, 1.0 ], 
									"rotationOrigin": [ 8.6, 0.0, 1.0 ],
									"rotationX": -1.0,
									"rotationY": 32.0,
									"faces": {
										"north": { "texture": "#trunk", "uv": [ 11.0, 10.0, 12.0, 14.5 ], "rotation": 90 },
										"east": { "texture": "#trunk", "uv": [ 0.0, 0.0, 1.0, 1.0 ], "enabled": false },
										"south": { "texture": "#trunk", "uv": [ 13.5, 7.0, 14.5, 11.5 ], "rotation": 90 },
										"west": { "texture": "#trunk", "uv": [ 0.0, 0.0, 1.0, 1.0 ], "enabled": false },
										"up": { "texture": "#trunk", "uv": [ 12.0, 3.5, 13.0, 8.0 ], "rotation": 90 },
										"down": { "texture": "#trunk", "uv": [ 12.0, 11.5, 13.0, 16.0 ], "rotation": 90 }
									}
								},
								{
									"name": "wattleA9",
									"from": [ 0.0, 0.0, -1.0 ], 
									"to": [ 4.6, 1.04, 0.04 ], 
									"rotationOrigin": [ 0.0, 0.0, 0.0 ],
									"rotationX": 1.0,
									"rotationY": -148.0,
									"faces": {
										"north": { "texture": "#trunk", "uv": [ 14.0, 1.5, 15.0, 6.0 ], "rotation": 90 },
										"east": { "texture": "#trunk", "uv": [ 0.0, 0.0, 1.0, 1.0 ], "enabled": false },
										"south": { "texture": "#trunk", "uv": [ 13.0, 8.5, 14.0, 13.0 ], "rotation": 90 },
										"west": { "texture": "#trunk", "uv": [ 0.0, 0.0, 1.0, 1.0 ], "enabled": false },
										"up": { "texture": "#trunk", "uv": [ 15.0, 9.0, 16.0, 13.5 ], "rotation": 90 },
										"down": { "texture": "#trunk", "uv": [ 11.5, 8.0, 12.5, 12.5 ], "rotation": 90 }
									}
								}
							]
						},
						{
							"name": "wattleA10",
							"from": [ -4.0, 10.0, -1.7 ], 
							"to": [ 4.6, 11.0, -0.7 ], 
							"rotationOrigin": [ -4.0, 10.0, -1.7 ],
							"rotationY": -16.0,
							"faces": {
								"north": { "texture": "#trunk", "uv": [ 10.0, 1.0, 11.0, 9.5 ], "rotation": 90 },
								"east": { "texture": "#trunk", "uv": [ 0.0, 0.0, 1.0, 1.0 ], "enabled": false },
								"south": { "texture": "#trunk", "uv": [ 14.0, 2.5, 15.0, 11.0 ], "rotation": 90 },
								"west": { "texture": "#trunk", "uv": [ 0.0, 0.0, 1.0, 1.0 ], "enabled": false },
								"up": { "texture": "#trunk", "uv": [ 12.0, 0.0, 13.0, 8.5 ], "rotation": 90 },
								"down": { "texture": "#trunk", "uv": [ 13.0, 7.5, 14.0, 16.0 ], "rotation": 90 }
							},
							"children": [
								{
									"name": "wattleA11",
									"from": [ 8.6, 0.0, 0.0 ], 
									"to": [ 13.1, 1.0, 1.0 ], 
									"rotationOrigin": [ 8.6, 0.0, 1.0 ],
									"rotationX": -1.0,
									"rotationY": 32.0,
									"faces": {
										"north": { "texture": "#trunk", "uv": [ 12.0, 7.5, 13.0, 12.0 ], "rotation": 90 },
										"east": { "texture": "#trunk", "uv": [ 0.0, 0.0, 1.0, 1.0 ], "enabled": false },
										"south": { "texture": "#trunk", "uv": [ 10.5, 10.0, 11.5, 14.5 ], "rotation": 90 },
										"west": { "texture": "#trunk", "uv": [ 0.0, 0.0, 1.0, 1.0 ], "enabled": false },
										"up": { "texture": "#trunk", "uv": [ 14.5, 10.5, 15.5, 15.0 ], "rotation": 90 },
										"down": { "texture": "#trunk", "uv": [ 13.5, 0.0, 14.5, 4.5 ], "rotation": 90 }
									}
								},
								{
									"name": "wattleA12",
									"from": [ 0.0, 0.0, -1.0 ], 
									"to": [ 4.6, 1.04, 0.04 ], 
									"rotationOrigin": [ 0.0, 0.0, 0.0 ],
									"rotationX": 1.0,
									"rotationY": -148.0,
									"faces": {
										"north": { "texture": "#trunk", "uv": [ 10.0, 10.0, 11.0, 14.5 ], "rotation": 90 },
										"east": { "texture": "#trunk", "uv": [ 0.0, 0.0, 1.0, 1.0 ], "enabled": false },
										"south": { "texture": "#trunk", "uv": [ 11.5, 7.0, 12.5, 11.5 ], "rotation": 90 },
										"west": { "texture": "#trunk", "uv": [ 0.0, 0.0, 1.0, 1.0 ], "enabled": false },
										"up": { "texture": "#trunk", "uv": [ 13.5, 2.0, 14.5, 6.5 ], "rotation": 90 },
										"down": { "texture": "#trunk", "uv": [ 14.0, 10.0, 15.0, 14.5 ], "rotation": 90 }
									}
								}
							]
						},
						{
							"name": "wattleA15janked",
							"from": [ -4.0, 13.0, -2.7 ], 
							"to": [ 0.6, 14.04, -1.66 ], 
							"rotationOrigin": [ -4.0, 13.0, -1.7 ],
							"rotationX": -179.118,
							"rotationY": -16.002,
							"rotationZ": 179.713,
							"faces": {
								"north": { "texture": "#trunk", "uv": [ 12.0, 9.5, 13.0, 14.0 ], "rotation": 90 },
								"east": { "texture": "#trunk", "uv": [ 0.0, 0.0, 1.0, 1.0 ], "enabled": false },
								"south": { "texture": "#trunk", "uv": [ 10.5, 9.0, 11.5, 13.5 ], "rotation": 90 },
								"west": { "texture": "#trunk", "uv": [ 0.0, 0.0, 1.0, 1.0 ], "enabled": false },
								"up": { "texture": "#trunk", "uv": [ 12.5, 10.0, 13.5, 14.5 ], "rotation": 90 },
								"down": { "texture": "#trunk", "uv": [ 13.0, 2.5, 14.0, 7.0 ], "rotation": 90 }
							},
							"children": [
								{
									"name": "wattleA13janked",
									"from": [ -0.0092, -2.0E-4, 1.0148 ], 
									"to": [ 9.5908, 0.9998, 2.0148 ], 
									"rotationOrigin": [ -0.0092, 0.9998, 1.0148 ],
									"rotationX": -178.821,
									"rotationY": 31.995,
									"rotationZ": 173.0,
									"faces": {
										"north": { "texture": "#trunk", "uv": [ 11.0, 4.5, 12.0, 14.0 ], "rotation": 90 },
										"east": { "texture": "#trunk", "uv": [ 6.0, 5.0, 7.0, 6.0 ], "windMode": [-1,-1,-1,-1] },
										"south": { "texture": "#trunk", "uv": [ 11.5, 1.0, 12.5, 10.5 ], "rotation": 90 },
										"west": { "texture": "#trunk", "uv": [ 0.0, 0.0, 1.0, 1.0 ], "enabled": false },
										"up": { "texture": "#trunk", "uv": [ 12.5, 5.5, 13.5, 15.0 ], "rotation": 90 },
										"down": { "texture": "#trunk", "uv": [ 15.0, 6.0, 16.0, 15.5 ], "rotation": 90 }
									}
								}
							]
						},
						{
							"name": "wattleA14janked",
							"from": [ 3.9912, 13.0, 0.6317 ], 
							"to": [ 8.4912, 14.0, 1.6317 ], 
							"rotationOrigin": [ 3.9912, 13.0, 1.6317 ],
							"rotationX": -0.882,
							"rotationY": 16.002,
							"rotationZ": -0.287,
							"faces": {
								"north": { "texture": "#trunk", "uv": [ 11.5, 0.0, 12.5, 4.5 ], "rotation": 90 },
								"east": { "texture": "#trunk", "uv": [ 0.0, 0.0, 1.0, 1.0 ], "enabled": false },
								"south": { "texture": "#trunk", "uv": [ 11.0, 9.0, 12.0, 13.5 ], "rotation": 90 },
								"west": { "texture": "#trunk", "uv": [ 5.5, 3.0, 6.5, 4.0 ], "windMode": [-1,-1,-1,-1] },
								"up": { "texture": "#trunk", "uv": [ 11.5, 4.5, 12.5, 9.0 ], "rotation": 90 },
								"down": { "texture": "#trunk", "uv": [ 12.5, 7.0, 13.5, 11.5 ], "rotation": 90 }
							}
						}
					]
				}
			]
		}
	]}