{
	"editor": {
		"allAngles": true,
		"entityTextureMode": false
	},
	"textureWidth": 16,
	"textureHeight": 16,
	"textureSizes": {
	},
	"textures": {
	},
	"elements": [
		{
			"name": "ORIGIN",
			"from": [ 8.0, 0.0, 8.0 ], 
			"to": [ 8.0, 0.0, 8.0 ], 
			"rotationOrigin": [ 8.0, 0.0, 8.0 ],
			"faces": {
				"north": { "texture": "#trunk", "uv": [ 0.0, 0.0, 0.5, 0.5 ], "enabled": false },
				"east": { "texture": "#trunk", "uv": [ 0.0, 0.0, 0.5, 0.5 ], "enabled": false },
				"south": { "texture": "#trunk", "uv": [ 0.0, 0.0, 0.5, 0.5 ], "enabled": false },
				"west": { "texture": "#trunk", "uv": [ 0.0, 0.0, 0.5, 0.5 ], "enabled": false },
				"up": { "texture": "#trunk", "uv": [ 0.0, 0.0, 0.5, 0.5 ], "enabled": false },
				"down": { "texture": "#trunk", "uv": [ 0.0, 0.0, 0.5, 0.5 ], "enabled": false }
			},
			"children": [
				{
					"name": "post2",
					"from": [ 3.2, 0.0, -0.8 ], 
					"to": [ 4.8, 16.0, 0.8 ], 
					"rotationOrigin": [ 4.0, 0.0, 0.0 ],
					"rotationY": -22.5,
					"faces": {
						"north": { "texture": "#trunk", "uv": [ 11.5, 0.0, 13.0, 16.0 ], "windMode": [-1,-1,-1,-1] },
						"east": { "texture": "#trunk", "uv": [ 14.5, 0.0, 16.0, 16.0 ] },
						"south": { "texture": "#trunk", "uv": [ 12.5, 0.0, 14.0, 16.0 ], "windMode": [-1,-1,-1,-1] },
						"west": { "texture": "#trunk", "uv": [ 10.0, 0.0, 11.5, 16.0 ], "windMode": [-1,-1,-1,-1] },
						"up": { "texture": "#trunk", "uv": [ 6.5, 2.0, 8.0, 3.5 ] },
						"down": { "texture": "#trunk", "uv": [ 3.0, 6.5, 4.5, 8.0 ] }
					}
				},
				{
					"name": "post1",
					"from": [ -4.8, 0.0, -0.8 ], 
					"to": [ -3.2, 16.0, 0.8 ], 
					"rotationOrigin": [ -4.0, 0.0, 0.0 ],
					"rotationY": -45.0,
					"faces": {
						"north": { "texture": "#trunk", "uv": [ 10.5, 0.0, 12.0, 16.0 ] },
						"east": { "texture": "#trunk", "uv": [ 14.5, 0.0, 16.0, 16.0 ], "windMode": [-1,-1,-1,-1] },
						"south": { "texture": "#trunk", "uv": [ 11.5, 0.0, 13.0, 16.0 ], "windMode": [-1,-1,-1,-1] },
						"west": { "texture": "#trunk", "uv": [ 13.0, 0.0, 14.5, 16.0 ], "windMode": [-1,-1,-1,-1] },
						"up": { "texture": "#trunk", "uv": [ 2.0, 1.5, 3.5, 3.0 ] },
						"down": { "texture": "#trunk", "uv": [ 6.0, 5.0, 7.5, 6.5 ] }
					}
				},
				{
					"name": "OFFSETB",
					"from": [ 0.0, 0.25, 0.0 ], 
					"to": [ 0.0, 0.25, 0.0 ], 
					"rotationOrigin": [ 0.0, 0.2, 0.0 ],
					"rotationY": 180.0,
					"faces": {
						"north": { "texture": "#trunk", "uv": [ 10.5, 6.0, 11.0, 6.5 ] },
						"east": { "texture": "#trunk", "uv": [ 5.5, 13.5, 6.0, 14.0 ] },
						"south": { "texture": "#trunk", "uv": [ 2.5, 0.0, 3.0, 0.5 ] },
						"west": { "texture": "#trunk", "uv": [ 8.5, 13.0, 9.0, 13.5 ] },
						"up": { "texture": "#trunk", "uv": [ 14.0, 4.5, 14.5, 5.0 ] },
						"down": { "texture": "#trunk", "uv": [ 11.5, 2.0, 12.0, 2.5 ] }
					},
					"children": [
						{
							"name": "wattleB1janked",
							"from": [ -4.0, 11.0, 0.7 ], 
							"to": [ 4.6, 12.0, 1.7 ], 
							"rotationOrigin": [ -4.0, 11.0, 1.7 ],
							"rotationY": 16.0,
							"faces": {
								"north": { "texture": "#trunk", "uv": [ 11.5, 4.5, 12.5, 13.0 ], "rotation": 90 },
								"east": { "texture": "#trunk", "uv": [ 0.0, 0.0, 1.0, 1.0 ], "enabled": false },
								"south": { "texture": "#trunk", "uv": [ 12.5, 6.5, 13.5, 15.0 ], "rotation": 90 },
								"west": { "texture": "#trunk", "uv": [ 0.0, 0.0, 1.0, 1.0 ], "enabled": false },
								"up": { "texture": "#trunk", "uv": [ 14.0, 1.0, 15.0, 9.5 ], "rotation": 90 },
								"down": { "texture": "#trunk", "uv": [ 12.0, 6.5, 13.0, 15.0 ], "rotation": 90 }
							},
							"children": [
								{
									"name": "wattleB2",
									"from": [ 8.6, 0.0, 0.0 ], 
									"to": [ 13.1, 1.0, 1.0 ], 
									"rotationOrigin": [ 8.6, 0.0, 0.0 ],
									"rotationX": -1.0,
									"rotationY": -32.0,
									"faces": {
										"north": { "texture": "#trunk", "uv": [ 11.0, 5.5, 12.0, 10.0 ], "rotation": 90 },
										"east": { "texture": "#trunk", "uv": [ 0.0, 0.0, 1.0, 1.0 ], "enabled": false },
										"south": { "texture": "#trunk", "uv": [ 12.5, 8.5, 13.5, 13.0 ], "rotation": 90 },
										"west": { "texture": "#trunk", "uv": [ 0.0, 0.0, 1.0, 1.0 ], "enabled": false },
										"up": { "texture": "#trunk", "uv": [ 13.0, 3.0, 14.0, 7.5 ], "rotation": 90 },
										"down": { "texture": "#trunk", "uv": [ 11.5, 9.5, 12.5, 14.0 ], "rotation": 90 }
									}
								},
								{
									"name": "wattleB3",
									"from": [ 0.0, 0.0, 1.0 ], 
									"to": [ 1.5, 1.0, 2.0 ], 
									"rotationOrigin": [ 0.0, 1.0, 1.0 ],
									"rotationX": 1.0,
									"rotationY": 148.0,
									"faces": {
										"north": { "texture": "#trunk", "uv": [ 11.5, 4.5, 12.5, 6.0 ], "rotation": 90 },
										"east": { "texture": "#trunk", "uv": [ 6.5, 1.5, 7.5, 2.5 ], "windMode": [-1,-1,-1,-1] },
										"south": { "texture": "#trunk", "uv": [ 11.0, 4.0, 12.0, 5.5 ], "rotation": 90 },
										"west": { "texture": "#trunk", "uv": [ 0.0, 0.0, 1.0, 1.0 ], "enabled": false },
										"up": { "texture": "#trunk", "uv": [ 12.0, 8.5, 13.0, 10.0 ], "rotation": 90 },
										"down": { "texture": "#trunk", "uv": [ 12.5, 8.5, 13.5, 10.0 ], "rotation": 90 }
									},
									"children": [
										{
											"name": "wattleB4janked",
											"from": [ 4.0, 0.0, 0.0 ], 
											"to": [ 4.6, 1.04, 1.04 ], 
											"rotationOrigin": [ 4.0, 0.0, 0.0 ],
											"faces": {
												"north": { "texture": "#trunk", "uv": [ 11.5, 6.5, 12.5, 7.0 ], "rotation": 90 },
												"east": { "texture": "#trunk", "uv": [ 0.0, 0.0, 1.0, 1.0 ], "enabled": false },
												"south": { "texture": "#trunk", "uv": [ 12.0, 12.0, 13.0, 12.5 ], "rotation": 90 },
												"west": { "texture": "#trunk", "uv": [ 2.5, 6.5, 3.5, 7.5 ], "windMode": [-1,-1,-1,-1] },
												"up": { "texture": "#trunk", "uv": [ 11.0, 4.5, 12.0, 5.0 ], "rotation": 90 },
												"down": { "texture": "#trunk", "uv": [ 14.5, 11.0, 15.5, 11.5 ], "rotation": 90 }
											}
										}
									]
								}
							]
						},
						{
							"name": "wattleB8",
							"from": [ -4.0, 2.0, 0.7 ], 
							"to": [ 4.6, 3.0, 1.7 ], 
							"rotationOrigin": [ -4.0, 2.0, 1.7 ],
							"rotationY": 16.0,
							"faces": {
								"north": { "texture": "#trunk", "uv": [ 13.5, 1.0, 14.5, 9.5 ], "rotation": 90 },
								"east": { "texture": "#trunk", "uv": [ 0.0, 0.0, 1.0, 1.0 ], "enabled": false },
								"south": { "texture": "#trunk", "uv": [ 12.5, 0.0, 13.5, 8.5 ], "rotation": 90 },
								"west": { "texture": "#trunk", "uv": [ 0.0, 0.0, 1.0, 1.0 ], "enabled": false },
								"up": { "texture": "#trunk", "uv": [ 15.0, 1.0, 16.0, 9.5 ], "rotation": 90 },
								"down": { "texture": "#trunk", "uv": [ 12.0, 7.0, 13.0, 15.5 ], "rotation": 90 }
							},
							"children": [
								{
									"name": "wattleB10",
									"from": [ 8.6, 0.0, 0.0 ], 
									"to": [ 13.1, 1.0, 1.0 ], 
									"rotationOrigin": [ 8.6, 0.0, 0.0 ],
									"rotationX": -1.0,
									"rotationY": -32.0,
									"faces": {
										"north": { "texture": "#trunk", "uv": [ 12.5, 10.5, 13.5, 15.0 ], "rotation": 90 },
										"east": { "texture": "#trunk", "uv": [ 0.0, 0.0, 1.0, 1.0 ], "enabled": false },
										"south": { "texture": "#trunk", "uv": [ 13.0, 10.0, 14.0, 14.5 ], "rotation": 90 },
										"west": { "texture": "#trunk", "uv": [ 0.0, 0.0, 1.0, 1.0 ], "enabled": false },
										"up": { "texture": "#trunk", "uv": [ 11.0, 10.0, 12.0, 14.5 ], "rotation": 90 },
										"down": { "texture": "#trunk", "uv": [ 13.5, 2.5, 14.5, 7.0 ], "rotation": 90 }
									}
								},
								{
									"name": "wattleB11",
									"from": [ 0.0, 0.0, 1.0 ], 
									"to": [ 4.6, 1.04, 2.04 ], 
									"rotationOrigin": [ 0.0, 0.0, 1.0 ],
									"rotationX": 1.0,
									"rotationY": 148.0,
									"faces": {
										"north": { "texture": "#trunk", "uv": [ 10.5, 3.0, 11.5, 7.5 ], "rotation": 90 },
										"east": { "texture": "#trunk", "uv": [ 0.0, 0.0, 1.0, 1.0 ], "enabled": false },
										"south": { "texture": "#trunk", "uv": [ 13.0, 3.0, 14.0, 7.5 ], "rotation": 90 },
										"west": { "texture": "#trunk", "uv": [ 0.0, 0.0, 1.0, 1.0 ], "enabled": false },
										"up": { "texture": "#trunk", "uv": [ 14.0, 7.0, 15.0, 11.5 ], "rotation": 90 },
										"down": { "texture": "#trunk", "uv": [ 14.5, 9.5, 15.5, 14.0 ], "rotation": 90 }
									}
								}
							]
						},
						{
							"name": "wattleB10janked2",
							"from": [ 2.812, 8.04, -0.4085 ], 
							"to": [ 8.312, 9.04, 0.5915 ], 
							"rotationOrigin": [ 8.312, 9.0415, -0.4085 ],
							"rotationX": -0.882,
							"rotationY": -16.002,
							"rotationZ": 0.287,
							"faces": {
								"north": { "texture": "#trunk", "uv": [ 11.0, 1.5, 12.0, 7.0 ], "rotation": 90 },
								"east": { "texture": "#trunk", "uv": [ 0.0, 0.0, 1.0, 1.0 ], "enabled": false },
								"south": { "texture": "#trunk", "uv": [ 12.0, 2.5, 13.0, 8.0 ], "rotation": 90 },
								"west": { "texture": "#trunk", "uv": [ 6.5, 5.5, 7.5, 6.5 ], "windMode": [-1,-1,-1,-1] },
								"up": { "texture": "#trunk", "uv": [ 13.0, 7.0, 14.0, 12.5 ], "rotation": 90 },
								"down": { "texture": "#trunk", "uv": [ 12.5, 7.0, 13.5, 12.5 ], "rotation": 90 }
							}
						},
						{
							"name": "wattleB9janked",
							"from": [ -4.0, 8.0, 1.7 ], 
							"to": [ 0.6, 9.04, 2.74 ], 
							"rotationOrigin": [ -4.0, 8.0, 1.7 ],
							"rotationX": -179.118,
							"rotationY": 16.002,
							"rotationZ": -179.713,
							"faces": {
								"north": { "texture": "#trunk", "uv": [ 12.0, 7.0, 13.0, 11.5 ], "rotation": 90 },
								"east": { "texture": "#trunk", "uv": [ 0.0, 0.0, 1.0, 1.0 ], "enabled": false },
								"south": { "texture": "#trunk", "uv": [ 12.5, 8.0, 13.5, 12.5 ], "rotation": 90 },
								"west": { "texture": "#trunk", "uv": [ 0.0, 0.0, 1.0, 1.0 ], "enabled": false },
								"up": { "texture": "#trunk", "uv": [ 14.0, 3.0, 15.0, 7.5 ], "rotation": 90 },
								"down": { "texture": "#trunk", "uv": [ 14.0, 6.5, 15.0, 11.0 ], "rotation": 90 }
							},
							"children": [
								{
									"name": "wattleB7janked",
									"from": [ 0.0, 0.0, -1.0 ], 
									"to": [ 4.0, 1.0, 0.0 ], 
									"rotationOrigin": [ 0.0, 0.0, 0.0 ],
									"rotationX": -178.821,
									"rotationY": -31.995,
									"rotationZ": -174.0,
									"faces": {
										"north": { "texture": "#trunk", "uv": [ 11.0, 12.0, 12.0, 16.0 ], "rotation": 90 },
										"east": { "texture": "#trunk", "uv": [ 0.0, 0.0, 1.0, 1.0 ], "enabled": false },
										"south": { "texture": "#trunk", "uv": [ 15.0, 10.5, 16.0, 14.5 ], "rotation": 90 },
										"west": { "texture": "#trunk", "uv": [ 0.0, 0.0, 1.0, 1.0 ], "enabled": false },
										"up": { "texture": "#trunk", "uv": [ 11.5, 5.5, 12.5, 9.5 ], "rotation": 90 },
										"down": { "texture": "#trunk", "uv": [ 10.0, 0.5, 11.0, 4.5 ], "rotation": 90 }
									},
									"children": [
										{
											"name": "wattleB7janked2",
											"from": [ 4.0, 0.0, 0.0 ], 
											"to": [ 8.1, 1.0, 1.0 ], 
											"rotationOrigin": [ 4.0, 1.0, 1.0 ],
											"rotationY": 7.0,
											"rotationZ": -11.0,
											"faces": {
												"north": { "texture": "#trunk", "uv": [ 11.5, 10.5, 12.5, 14.5 ], "rotation": 90 },
												"east": { "texture": "#trunk", "uv": [ 0.0, 0.0, 1.0, 1.0 ], "enabled": false },
												"south": { "texture": "#trunk", "uv": [ 11.5, 8.5, 12.5, 12.5 ], "rotation": 90 },
												"west": { "texture": "#trunk", "uv": [ 0.0, 0.0, 1.0, 1.0 ], "enabled": false },
												"up": { "texture": "#trunk", "uv": [ 10.5, 11.5, 11.5, 15.5 ], "rotation": 90 },
												"down": { "texture": "#trunk", "uv": [ 13.5, 11.0, 14.5, 15.0 ], "rotation": 90 }
											}
										}
									]
								}
							]
						},
						{
							"name": "wattleB5",
							"from": [ 3.9912, 5.0, -1.6317 ], 
							"to": [ 8.4912, 6.0, -0.6317 ], 
							"rotationOrigin": [ 3.9912, 5.0, -1.6317 ],
							"rotationX": -0.882,
							"rotationY": -16.002,
							"rotationZ": 0.287,
							"faces": {
								"north": { "texture": "#trunk", "uv": [ 12.0, 11.5, 13.0, 16.0 ], "rotation": 90 },
								"east": { "texture": "#trunk", "uv": [ 0.0, 0.0, 1.0, 1.0 ], "enabled": false },
								"south": { "texture": "#trunk", "uv": [ 13.5, 5.0, 14.5, 9.5 ], "rotation": 90 },
								"west": { "texture": "#trunk", "uv": [ 0.0, 0.0, 1.0, 1.0 ], "enabled": false },
								"up": { "texture": "#trunk", "uv": [ 14.5, 0.0, 15.5, 4.5 ], "rotation": 90 },
								"down": { "texture": "#trunk", "uv": [ 12.5, 0.0, 13.5, 4.5 ], "rotation": 90 }
							},
							"children": [
								{
									"name": "wattleB71janked",
									"from": [ -15.9441, 0.067, 5.4361 ], 
									"to": [ -11.3441, 1.107, 6.4761 ], 
									"rotationOrigin": [ -11.3441, 1.067, 5.4361 ],
									"rotationX": -178.304,
									"rotationY": 0.016,
									"rotationZ": -168.94,
									"faces": {
										"north": { "texture": "#trunk", "uv": [ 10.0, 8.0, 11.0, 12.5 ], "rotation": 90 },
										"east": { "texture": "#trunk", "uv": [ 0.0, 0.0, 1.0, 1.0 ], "enabled": false },
										"south": { "texture": "#trunk", "uv": [ 10.5, 1.5, 11.5, 6.0 ], "rotation": 90 },
										"west": { "texture": "#trunk", "uv": [ 0.0, 0.0, 1.0, 1.0 ], "enabled": false },
										"up": { "texture": "#trunk", "uv": [ 13.5, 11.5, 14.5, 16.0 ], "rotation": 90 },
										"down": { "texture": "#trunk", "uv": [ 10.5, 3.5, 11.5, 8.0 ], "rotation": 90 }
									}
								},
								{
									"name": "wattleB6janked",
									"from": [ 0.0093, -1.0E-4, -0.9852 ], 
									"to": [ 9.0093, 0.9999, 0.0148 ], 
									"rotationOrigin": [ 0.0093, 0.9999, 0.0148 ],
									"rotationX": -178.821,
									"rotationY": -31.995,
									"rotationZ": 176.125,
									"faces": {
										"north": { "texture": "#trunk", "uv": [ 14.0, 3.5, 15.0, 12.5 ], "rotation": 90 },
										"east": { "texture": "#trunk", "uv": [ 7.5, 6.0, 8.5, 7.0 ], "windMode": [-1,-1,-1,-1] },
										"south": { "texture": "#trunk", "uv": [ 13.0, 2.5, 14.0, 11.5 ], "rotation": 90 },
										"west": { "texture": "#trunk", "uv": [ 0.0, 0.0, 1.0, 1.0 ], "enabled": false },
										"up": { "texture": "#trunk", "uv": [ 15.0, 6.5, 16.0, 15.5 ], "rotation": 90 },
										"down": { "texture": "#trunk", "uv": [ 10.5, 2.5, 11.5, 11.5 ], "rotation": 90 }
									}
								}
							]
						},
						{
							"name": "wattleB15 janked",
							"from": [ -4.0, 14.0, 1.7 ], 
							"to": [ 0.6, 15.04, 2.74 ], 
							"rotationOrigin": [ -4.0, 14.0, 1.7 ],
							"rotationX": -179.118,
							"rotationY": 16.002,
							"rotationZ": -179.713,
							"faces": {
								"north": { "texture": "#trunk", "uv": [ 10.0, 5.5, 11.0, 10.0 ], "rotation": 90 },
								"east": { "texture": "#trunk", "uv": [ 0.0, 0.0, 1.0, 1.0 ], "enabled": false },
								"south": { "texture": "#trunk", "uv": [ 11.0, 0.5, 12.0, 5.0 ], "rotation": 90 },
								"west": { "texture": "#trunk", "uv": [ 0.0, 0.0, 1.0, 1.0 ], "enabled": false },
								"up": { "texture": "#trunk", "uv": [ 10.5, 10.0, 11.5, 14.5 ], "rotation": 90 },
								"down": { "texture": "#trunk", "uv": [ 12.0, 9.5, 13.0, 14.0 ], "rotation": 90 }
							},
							"children": [
								{
									"name": "wattleB13janked",
									"from": [ 0.0, 0.0, -1.0 ], 
									"to": [ 9.0, 1.0, 0.0 ], 
									"rotationOrigin": [ 0.0, 1.0, 0.0 ],
									"rotationX": -178.821,
									"rotationY": -32.0,
									"rotationZ": -187.0,
									"faces": {
										"north": { "texture": "#trunk", "uv": [ 12.0, 6.5, 13.0, 15.5 ], "rotation": 90, "windMode": [-1,-1,-1,-1] },
										"east": { "texture": "#trunk", "uv": [ 6.5, 5.5, 7.5, 6.5 ], "windMode": [-1,-1,-1,-1] },
										"south": { "texture": "#trunk", "uv": [ 13.0, 4.0, 14.0, 13.0 ], "rotation": 90 },
										"west": { "texture": "#trunk", "uv": [ 0.0, 0.0, 1.0, 1.0 ], "enabled": false },
										"up": { "texture": "#trunk", "uv": [ 14.0, 7.0, 15.0, 16.0 ], "rotation": 90 },
										"down": { "texture": "#trunk", "uv": [ 12.5, 0.0, 13.5, 9.0 ], "rotation": 90 }
									}
								}
							]
						},
						{
							"name": "wattleB14 janked2",
							"from": [ 3.5106, 13.9954, -1.7695 ], 
							"to": [ 8.5106, 14.9954, -0.7695 ], 
							"rotationOrigin": [ 3.5106, 13.9954, -1.7695 ],
							"rotationX": -0.882,
							"rotationY": -16.002,
							"rotationZ": 0.287,
							"faces": {
								"north": { "texture": "#trunk", "uv": [ 10.0, 9.5, 11.0, 14.5 ], "rotation": 90 },
								"east": { "texture": "#trunk", "uv": [ 0.0, 0.0, 1.0, 1.0 ], "enabled": false },
								"south": { "texture": "#trunk", "uv": [ 10.5, 3.5, 11.5, 8.5 ], "rotation": 90 },
								"west": { "texture": "#trunk", "uv": [ 6.0, 3.5, 7.0, 4.5 ], "windMode": [-1,-1,-1,-1] },
								"up": { "texture": "#trunk", "uv": [ 13.0, 5.0, 14.0, 10.0 ], "rotation": 90 },
								"down": { "texture": "#trunk", "uv": [ 13.0, 9.5, 14.0, 14.5 ], "rotation": 90 }
							}
						}
					]
				},
				{
					"name": "OFFSETA",
					"from": [ 0.0, -0.25, 0.0 ], 
					"to": [ 0.0, -0.25, 0.0 ], 
					"faces": {
						"north": { "texture": "#trunk", "uv": [ 0.0, 0.0, 0.5, 0.5 ], "enabled": false },
						"east": { "texture": "#trunk", "uv": [ 0.0, 0.0, 0.5, 0.5 ], "enabled": false },
						"south": { "texture": "#trunk", "uv": [ 0.0, 0.0, 0.5, 0.5 ], "enabled": false },
						"west": { "texture": "#trunk", "uv": [ 0.0, 0.0, 0.5, 0.5 ], "enabled": false },
						"up": { "texture": "#trunk", "uv": [ 0.0, 0.0, 0.5, 0.5 ], "enabled": false },
						"down": { "texture": "#trunk", "uv": [ 0.0, 0.0, 0.5, 0.5 ], "enabled": false }
					},
					"children": [
						{
							"name": "wattleA1",
							"from": [ -4.0, 13.0, -1.7 ], 
							"to": [ 4.6, 14.0, -0.7 ], 
							"rotationOrigin": [ -4.0, 13.0, -1.7 ],
							"rotationY": -16.0,
							"faces": {
								"north": { "texture": "#trunk", "uv": [ 10.5, 1.5, 11.5, 10.0 ], "rotation": 90 },
								"east": { "texture": "#trunk", "uv": [ 0.0, 0.0, 1.0, 1.0 ], "enabled": false },
								"south": { "texture": "#trunk", "uv": [ 12.0, 7.0, 13.0, 15.5 ], "rotation": 90 },
								"west": { "texture": "#trunk", "uv": [ 0.0, 0.0, 1.0, 1.0 ], "enabled": false },
								"up": { "texture": "#trunk", "uv": [ 13.0, 6.0, 14.0, 14.5 ], "rotation": 90 },
								"down": { "texture": "#trunk", "uv": [ 14.0, 6.0, 15.0, 14.5 ], "rotation": 90, "windMode": [-1,-1,-1,-1] }
							},
							"children": [
								{
									"name": "wattleA2",
									"from": [ 8.6, 0.0, 0.0 ], 
									"to": [ 13.1, 1.0, 1.0 ], 
									"rotationOrigin": [ 8.6, 0.0, 1.0 ],
									"rotationX": -1.0,
									"rotationY": 32.0,
									"faces": {
										"north": { "texture": "#trunk", "uv": [ 10.5, 3.5, 11.5, 8.0 ], "rotation": 90 },
										"east": { "texture": "#trunk", "uv": [ 0.0, 0.0, 1.0, 1.0 ], "enabled": false },
										"south": { "texture": "#trunk", "uv": [ 10.0, 6.5, 11.0, 11.0 ], "rotation": 90 },
										"west": { "texture": "#trunk", "uv": [ 0.0, 0.0, 1.0, 1.0 ], "enabled": false },
										"up": { "texture": "#trunk", "uv": [ 12.5, 3.5, 13.5, 8.0 ], "rotation": 90 },
										"down": { "texture": "#trunk", "uv": [ 13.5, 7.0, 14.5, 11.5 ], "rotation": 90 }
									}
								},
								{
									"name": "wattleA3",
									"from": [ 0.0, 0.0, -1.0 ], 
									"to": [ 4.6, 1.04, 0.04 ], 
									"rotationOrigin": [ 0.0, 0.0, 0.0 ],
									"rotationX": 1.0,
									"rotationY": -148.0,
									"faces": {
										"north": { "texture": "#trunk", "uv": [ 13.0, 3.0, 14.0, 7.5 ], "rotation": 90 },
										"east": { "texture": "#trunk", "uv": [ 0.0, 0.0, 1.0, 1.0 ], "enabled": false },
										"south": { "texture": "#trunk", "uv": [ 12.0, 7.5, 13.0, 12.0 ], "rotation": 90 },
										"west": { "texture": "#trunk", "uv": [ 0.0, 0.0, 1.0, 1.0 ], "enabled": false },
										"up": { "texture": "#trunk", "uv": [ 11.5, 1.5, 12.5, 6.0 ], "rotation": 90 },
										"down": { "texture": "#trunk", "uv": [ 14.5, 10.0, 15.5, 14.5 ], "rotation": 90 }
									}
								}
							]
						},
						{
							"name": "wattleA4",
							"from": [ -4.0, 10.0, -1.7 ], 
							"to": [ 4.6, 11.0, -0.7 ], 
							"rotationOrigin": [ -4.0, 10.0, -1.7 ],
							"rotationY": -16.0,
							"faces": {
								"north": { "texture": "#trunk", "uv": [ 11.5, 6.0, 12.5, 14.5 ], "rotation": 90 },
								"east": { "texture": "#trunk", "uv": [ 0.0, 0.0, 1.0, 1.0 ], "enabled": false },
								"south": { "texture": "#trunk", "uv": [ 12.0, 6.0, 13.0, 14.5 ], "rotation": 90 },
								"west": { "texture": "#trunk", "uv": [ 0.0, 0.0, 1.0, 1.0 ], "enabled": false },
								"up": { "texture": "#trunk", "uv": [ 13.0, 1.5, 14.0, 10.0 ], "rotation": 90 },
								"down": { "texture": "#trunk", "uv": [ 14.5, 6.5, 15.5, 15.0 ], "rotation": 90 }
							},
							"children": [
								{
									"name": "wattleA5",
									"from": [ 8.6, 0.0, 0.0 ], 
									"to": [ 13.1, 1.0, 1.0 ], 
									"rotationOrigin": [ 8.6, 0.0, 1.0 ],
									"rotationX": -1.0,
									"rotationY": 32.0,
									"faces": {
										"north": { "texture": "#trunk", "uv": [ 10.0, 6.0, 11.0, 10.5 ], "rotation": 90 },
										"east": { "texture": "#trunk", "uv": [ 0.0, 0.0, 1.0, 1.0 ], "enabled": false },
										"south": { "texture": "#trunk", "uv": [ 11.0, 3.0, 12.0, 7.5 ], "rotation": 90 },
										"west": { "texture": "#trunk", "uv": [ 0.0, 0.0, 1.0, 1.0 ], "enabled": false },
										"up": { "texture": "#trunk", "uv": [ 12.5, 2.0, 13.5, 6.5 ], "rotation": 90 },
										"down": { "texture": "#trunk", "uv": [ 12.0, 8.0, 13.0, 12.5 ], "rotation": 90 }
									}
								},
								{
									"name": "wattleA6",
									"from": [ 0.0, 0.0, -1.0 ], 
									"to": [ 4.6, 1.04, 0.04 ], 
									"rotationOrigin": [ 0.0, 0.0, 0.0 ],
									"rotationX": 1.0,
									"rotationY": -148.0,
									"faces": {
										"north": { "texture": "#trunk", "uv": [ 12.0, 10.5, 13.0, 15.0 ], "rotation": 90 },
										"east": { "texture": "#trunk", "uv": [ 0.0, 0.0, 1.0, 1.0 ], "enabled": false },
										"south": { "texture": "#trunk", "uv": [ 13.5, 9.5, 14.5, 14.0 ], "rotation": 90 },
										"west": { "texture": "#trunk", "uv": [ 0.0, 0.0, 1.0, 1.0 ], "enabled": false },
										"up": { "texture": "#trunk", "uv": [ 10.5, 6.0, 11.5, 10.5 ], "rotation": 90 },
										"down": { "texture": "#trunk", "uv": [ 12.0, 2.0, 13.0, 6.5 ], "rotation": 90 }
									}
								}
							]
						},
						{
							"name": "wattleA10",
							"from": [ -4.0, 4.0, -1.7 ], 
							"to": [ 4.6, 5.0, -0.7 ], 
							"rotationOrigin": [ -4.0, 4.0, -1.7 ],
							"rotationY": -16.0,
							"faces": {
								"north": { "texture": "#trunk", "uv": [ 11.5, 1.0, 12.5, 9.5 ], "rotation": 90 },
								"east": { "texture": "#trunk", "uv": [ 0.0, 0.0, 1.0, 1.0 ], "enabled": false },
								"south": { "texture": "#trunk", "uv": [ 14.0, 5.0, 15.0, 13.5 ], "rotation": 90 },
								"west": { "texture": "#trunk", "uv": [ 3.0, 6.0, 4.0, 7.0 ], "windMode": [-1,-1,-1,-1] },
								"up": { "texture": "#trunk", "uv": [ 10.5, 5.0, 11.5, 13.5 ], "rotation": 90 },
								"down": { "texture": "#trunk", "uv": [ 13.0, 7.0, 14.0, 15.5 ], "rotation": 90 }
							},
							"children": [
								{
									"name": "wattleA11",
									"from": [ 8.6, 0.0, 0.0 ], 
									"to": [ 13.1, 1.0, 1.0 ], 
									"rotationOrigin": [ 8.6, 0.0, 1.0 ],
									"rotationX": -1.0,
									"rotationY": 32.0,
									"faces": {
										"north": { "texture": "#trunk", "uv": [ 11.5, 2.0, 12.5, 6.5 ], "rotation": 90 },
										"east": { "texture": "#trunk", "uv": [ 0.0, 0.0, 1.0, 1.0 ], "enabled": false },
										"south": { "texture": "#trunk", "uv": [ 12.5, 9.5, 13.5, 14.0 ], "rotation": 90 },
										"west": { "texture": "#trunk", "uv": [ 0.0, 0.0, 1.0, 1.0 ], "enabled": false },
										"up": { "texture": "#trunk", "uv": [ 10.0, 1.0, 11.0, 5.5 ], "rotation": 90 },
										"down": { "texture": "#trunk", "uv": [ 14.0, 9.5, 15.0, 14.0 ], "rotation": 90 }
									}
								},
								{
									"name": "wattleA16janked",
									"from": [ -3.3922, -0.037, 1.1194 ], 
									"to": [ -2.7922, 1.003, 2.1594 ], 
									"rotationOrigin": [ -3.3922, -0.037, 2.1194 ],
									"rotationX": -179.0,
									"rotationY": -32.0,
									"rotationZ": -180.0,
									"faces": {
										"north": { "texture": "#trunk", "uv": [ 11.5, 4.5, 12.5, 5.0 ], "rotation": 90 },
										"east": { "texture": "#trunk", "uv": [ 0.0, 0.0, 1.0, 1.0 ], "enabled": false },
										"south": { "texture": "#trunk", "uv": [ 11.5, 8.0, 12.5, 8.5 ], "rotation": 90 },
										"west": { "texture": "#trunk", "uv": [ 6.5, 4.5, 7.5, 5.5 ], "windMode": [-1,-1,-1,-1] },
										"up": { "texture": "#trunk", "uv": [ 14.5, 9.0, 15.5, 9.5 ], "rotation": 90 },
										"down": { "texture": "#trunk", "uv": [ 11.0, 10.5, 12.0, 11.0 ], "rotation": 90 }
									}
								}
							]
						},
						{
							"name": "wattleA13",
							"from": [ -4.0, 7.0, -1.7 ], 
							"to": [ 4.6, 8.0, -0.7 ], 
							"rotationOrigin": [ -4.0, 7.0, -1.7 ],
							"rotationY": -16.0,
							"faces": {
								"north": { "texture": "#trunk", "uv": [ 10.5, 5.0, 11.5, 13.5 ], "rotation": 90 },
								"east": { "texture": "#trunk", "uv": [ 0.0, 0.0, 1.0, 1.0 ], "enabled": false },
								"south": { "texture": "#trunk", "uv": [ 11.0, 2.5, 12.0, 11.0 ], "rotation": 90 },
								"west": { "texture": "#trunk", "uv": [ 0.0, 0.0, 1.0, 1.0 ], "enabled": false },
								"up": { "texture": "#trunk", "uv": [ 12.0, 4.5, 13.0, 13.0 ], "rotation": 90 },
								"down": { "texture": "#trunk", "uv": [ 13.0, 6.0, 14.0, 14.5 ], "rotation": 90 }
							},
							"children": [
								{
									"name": "wattleA14",
									"from": [ 8.6, 0.0, 0.0 ], 
									"to": [ 13.1, 1.0, 1.0 ], 
									"rotationOrigin": [ 8.6, 0.0, 1.0 ],
									"rotationX": -1.0,
									"rotationY": 32.0,
									"faces": {
										"north": { "texture": "#trunk", "uv": [ 10.5, 5.5, 11.5, 10.0 ], "rotation": 90 },
										"east": { "texture": "#trunk", "uv": [ 0.0, 0.0, 1.0, 1.0 ], "enabled": false },
										"south": { "texture": "#trunk", "uv": [ 11.5, 7.5, 12.5, 12.0 ], "rotation": 90 },
										"west": { "texture": "#trunk", "uv": [ 0.0, 0.0, 1.0, 1.0 ], "enabled": false },
										"up": { "texture": "#trunk", "uv": [ 11.0, 0.5, 12.0, 5.0 ], "rotation": 90 },
										"down": { "texture": "#trunk", "uv": [ 12.0, 5.0, 13.0, 9.5 ], "rotation": 90 }
									}
								},
								{
									"name": "wattleA15",
									"from": [ 0.0, 0.0, -1.0 ], 
									"to": [ 4.6, 1.04, 0.04 ], 
									"rotationOrigin": [ 0.0, 0.0, 0.0 ],
									"rotationX": 1.0,
									"rotationY": -148.0,
									"faces": {
										"north": { "texture": "#trunk", "uv": [ 10.5, 4.0, 11.5, 8.5 ], "rotation": 90 },
										"east": { "texture": "#trunk", "uv": [ 0.0, 0.0, 1.0, 1.0 ], "enabled": false },
										"south": { "texture": "#trunk", "uv": [ 12.0, 6.0, 13.0, 10.5 ], "rotation": 90 },
										"west": { "texture": "#trunk", "uv": [ 0.0, 0.0, 1.0, 1.0 ], "enabled": false },
										"up": { "texture": "#trunk", "uv": [ 12.5, 7.5, 13.5, 12.0 ], "rotation": 90 },
										"down": { "texture": "#trunk", "uv": [ 12.0, 10.5, 13.0, 15.0 ], "rotation": 90 }
									}
								}
							]
						},
						{
							"name": "wattleA16",
							"from": [ -4.0, 1.0, -1.7 ], 
							"to": [ 4.6, 2.0, -0.7 ], 
							"rotationOrigin": [ -4.0, 1.0, -1.7 ],
							"rotationY": -16.0,
							"faces": {
								"north": { "texture": "#trunk", "uv": [ 11.5, 2.0, 12.5, 10.5 ], "rotation": 90 },
								"east": { "texture": "#trunk", "uv": [ 0.0, 0.0, 1.0, 1.0 ], "enabled": false },
								"south": { "texture": "#trunk", "uv": [ 12.5, 4.0, 13.5, 12.5 ], "rotation": 90 },
								"west": { "texture": "#trunk", "uv": [ 0.0, 0.0, 1.0, 1.0 ], "enabled": false },
								"up": { "texture": "#trunk", "uv": [ 12.5, 6.5, 13.5, 15.0 ], "rotation": 90 },
								"down": { "texture": "#trunk", "uv": [ 14.5, 1.0, 15.5, 9.5 ], "rotation": 90 }
							},
							"children": [
								{
									"name": "wattleA17",
									"from": [ 8.6, 0.0, 0.0 ], 
									"to": [ 13.1, 1.0, 1.0 ], 
									"rotationOrigin": [ 8.6, 0.0, 1.0 ],
									"rotationX": -1.0,
									"rotationY": 32.0,
									"faces": {
										"north": { "texture": "#trunk", "uv": [ 11.0, 4.5, 12.0, 9.0 ], "rotation": 90 },
										"east": { "texture": "#trunk", "uv": [ 0.0, 0.0, 1.0, 1.0 ], "enabled": false },
										"south": { "texture": "#trunk", "uv": [ 10.5, 10.0, 11.5, 14.5 ], "rotation": 90 },
										"west": { "texture": "#trunk", "uv": [ 0.0, 0.0, 1.0, 1.0 ], "enabled": false },
										"up": { "texture": "#trunk", "uv": [ 12.5, 11.0, 13.5, 15.5 ], "rotation": 90 },
										"down": { "texture": "#trunk", "uv": [ 11.5, 5.0, 12.5, 9.5 ], "rotation": 90 }
									}
								},
								{
									"name": "wattleA18",
									"from": [ 0.0, 0.0, -1.0 ], 
									"to": [ 4.6, 1.04, 0.04 ], 
									"rotationOrigin": [ 0.0, 0.0, 0.0 ],
									"rotationX": 1.0,
									"rotationY": -148.0,
									"faces": {
										"north": { "texture": "#trunk", "uv": [ 10.0, 9.5, 11.0, 14.0 ], "rotation": 90 },
										"east": { "texture": "#trunk", "uv": [ 0.0, 0.0, 1.0, 1.0 ], "enabled": false },
										"south": { "texture": "#trunk", "uv": [ 11.5, 1.5, 12.5, 6.0 ], "rotation": 90 },
										"west": { "texture": "#trunk", "uv": [ 0.0, 0.0, 1.0, 1.0 ], "enabled": false },
										"up": { "texture": "#trunk", "uv": [ 12.5, 2.5, 13.5, 7.0 ], "rotation": 90 },
										"down": { "texture": "#trunk", "uv": [ 11.0, 9.0, 12.0, 13.5 ], "rotation": 90 }
									}
								}
							]
						}
					]
				}
			]
		}
	]}