{
	"editor": {
		"allAngles": false,
		"entityTextureMode": false
	},
	"textureWidth": 16,
	"textureHeight": 16,
	"textureSizes": {
	},
	"textures": {
		"rope": "game:item/resource/rope"
	},
	"elements": [
		{
			"name": "ORIGINPosts",
			"from": [ 8.0, 0.0, 8.0 ], 
			"to": [ 8.0, 0.0, 8.0 ], 
			"rotationOrigin": [ 8.0, 0.0, 8.0 ],
			"faces": {
				"north": { "texture": "#trunk", "uv": [ 0.0, 0.0, 0.5, 0.5 ], "enabled": false },
				"east": { "texture": "#trunk", "uv": [ 0.0, 0.0, 0.5, 0.5 ], "enabled": false },
				"south": { "texture": "#trunk", "uv": [ 0.0, 0.0, 0.5, 0.5 ], "enabled": false },
				"west": { "texture": "#trunk", "uv": [ 0.0, 0.0, 0.5, 0.5 ], "enabled": false },
				"up": { "texture": "#trunk", "uv": [ 0.0, 0.0, 0.5, 0.5 ], "enabled": false },
				"down": { "texture": "#trunk", "uv": [ 0.0, 0.0, 0.5, 0.5 ], "enabled": false }
			}
		},
		{
			"name": "ORIGINgate",
			"from": [ 8.0, 0.15, 8.75 ], 
			"to": [ 8.0, 0.15, 8.75 ], 
			"rotationOrigin": [ 8.0, 0.0, 8.0 ],
			"faces": {
				"north": { "texture": "#trunk", "uv": [ 0.0, 0.0, 0.5, 0.5 ], "enabled": false },
				"east": { "texture": "#trunk", "uv": [ 0.0, 0.0, 0.5, 0.5 ], "enabled": false },
				"south": { "texture": "#trunk", "uv": [ 0.0, 0.0, 0.5, 0.5 ], "enabled": false },
				"west": { "texture": "#trunk", "uv": [ 0.0, 0.0, 0.5, 0.5 ], "enabled": false },
				"up": { "texture": "#trunk", "uv": [ 0.0, 0.0, 0.5, 0.5 ], "enabled": false },
				"down": { "texture": "#trunk", "uv": [ 0.0, 0.0, 0.5, 0.5 ], "enabled": false }
			},
			"children": [
				{
					"name": "OFFSETA",
					"from": [ 0.0, -0.25, 0.0 ], 
					"to": [ 0.0, -0.25, 0.0 ], 
					"faces": {
						"north": { "texture": "#trunk", "uv": [ 0.0, 0.0, 0.5, 0.5 ], "enabled": false },
						"east": { "texture": "#trunk", "uv": [ 0.0, 0.0, 0.5, 0.5 ], "enabled": false },
						"south": { "texture": "#trunk", "uv": [ 0.0, 0.0, 0.5, 0.5 ], "enabled": false },
						"west": { "texture": "#trunk", "uv": [ 0.0, 0.0, 0.5, 0.5 ], "enabled": false },
						"up": { "texture": "#trunk", "uv": [ 0.0, 0.0, 0.5, 0.5 ], "enabled": false },
						"down": { "texture": "#trunk", "uv": [ 0.0, 0.0, 0.5, 0.5 ], "enabled": false }
					},
					"children": [
						{
							"name": "wattleA4",
							"from": [ -6.0, 4.0, -1.7 ], 
							"to": [ 0.5, 5.0, -0.7 ], 
							"rotationOrigin": [ -6.0, 4.0, -1.7 ],
							"rotationY": -16.0,
							"faces": {
								"north": { "texture": "#trunk", "uv": [ 10.5, 8.0, 11.5, 14.5 ], "rotation": 90 },
								"east": { "texture": "#trunk", "uv": [ 0.0, 0.0, 1.0, 1.0 ], "enabled": false },
								"south": { "texture": "#trunk", "uv": [ 11.5, 9.0, 12.5, 15.5 ], "rotation": 90 },
								"west": { "texture": "#trunk", "uv": [ 0.0, 0.0, 1.0, 1.0 ], "enabled": false },
								"up": { "texture": "#trunk", "uv": [ 12.0, 8.5, 13.0, 15.0 ], "rotation": 90 },
								"down": { "texture": "#trunk", "uv": [ 13.0, 7.5, 14.0, 14.0 ], "rotation": 90 }
							},
							"children": [
								{
									"name": "wattleA5",
									"from": [ 6.5, 0.0, 0.0 ], 
									"to": [ 13.0, 1.0, 1.0 ], 
									"rotationOrigin": [ 6.5, 0.0, 1.0 ],
									"rotationX": -0.1,
									"rotationY": 32.0,
									"faces": {
										"north": { "texture": "#trunk", "uv": [ 11.0, 4.5, 12.0, 11.0 ], "rotation": 90 },
										"east": { "texture": "#trunk", "uv": [ 0.0, 0.0, 1.0, 1.0 ], "enabled": false },
										"south": { "texture": "#trunk", "uv": [ 12.0, 5.5, 13.0, 12.0 ], "rotation": 90 },
										"west": { "texture": "#trunk", "uv": [ 0.0, 0.0, 1.0, 1.0 ], "enabled": false },
										"up": { "texture": "#trunk", "uv": [ 12.5, 8.0, 13.5, 14.5 ], "rotation": 90 },
										"down": { "texture": "#trunk", "uv": [ 13.5, 7.5, 14.5, 14.0 ], "rotation": 90 }
									}
								}
							]
						},
						{
							"name": "wattleA7",
							"from": [ -6.0, 7.0, -1.7 ], 
							"to": [ 0.5, 8.0, -0.7 ], 
							"rotationOrigin": [ -6.0, 7.0, -1.7 ],
							"rotationY": -16.0,
							"faces": {
								"north": { "texture": "#trunk", "uv": [ 14.5, 6.0, 15.5, 12.5 ], "rotation": 90 },
								"east": { "texture": "#trunk", "uv": [ 0.0, 0.0, 1.0, 1.0 ], "enabled": false },
								"south": { "texture": "#trunk", "uv": [ 13.0, 7.5, 14.0, 14.0 ], "rotation": 90 },
								"west": { "texture": "#trunk", "uv": [ 0.0, 0.0, 1.0, 1.0 ], "enabled": false },
								"up": { "texture": "#trunk", "uv": [ 12.0, 2.5, 13.0, 9.0 ], "rotation": 90 },
								"down": { "texture": "#trunk", "uv": [ 11.5, 7.5, 12.5, 14.0 ], "rotation": 90 }
							},
							"children": [
								{
									"name": "wattleA8",
									"from": [ 6.5, 0.0, 0.0 ], 
									"to": [ 13.0, 1.0, 1.0 ], 
									"rotationOrigin": [ 6.5, 0.0, 1.0 ],
									"rotationX": -0.1,
									"rotationY": 32.0,
									"faces": {
										"north": { "texture": "#trunk", "uv": [ 14.5, 6.0, 15.5, 12.5 ], "rotation": 90 },
										"east": { "texture": "#trunk", "uv": [ 0.0, 0.0, 1.0, 1.0 ], "enabled": false },
										"south": { "texture": "#trunk", "uv": [ 13.5, 7.5, 14.5, 14.0 ], "rotation": 90 },
										"west": { "texture": "#trunk", "uv": [ 0.0, 0.0, 1.0, 1.0 ], "enabled": false },
										"up": { "texture": "#trunk", "uv": [ 12.0, 7.0, 13.0, 13.5 ], "rotation": 90 },
										"down": { "texture": "#trunk", "uv": [ 11.0, 5.5, 12.0, 12.0 ], "rotation": 90 }
									}
								}
							]
						},
						{
							"name": "wattleA10",
							"from": [ -6.0, 10.2, -1.7 ], 
							"to": [ 0.5, 11.2, -0.7 ], 
							"rotationOrigin": [ -6.0, 10.0, -1.7 ],
							"rotationY": -16.0,
							"faces": {
								"north": { "texture": "#trunk", "uv": [ 12.5, 9.0, 13.5, 15.5 ], "rotation": 90 },
								"east": { "texture": "#trunk", "uv": [ 0.0, 0.0, 1.0, 1.0 ], "enabled": false },
								"south": { "texture": "#trunk", "uv": [ 13.5, 8.5, 14.5, 15.0 ], "rotation": 90 },
								"west": { "texture": "#trunk", "uv": [ 0.0, 0.0, 1.0, 1.0 ], "enabled": false },
								"up": { "texture": "#trunk", "uv": [ 10.5, 9.0, 11.5, 15.5 ], "rotation": 90 },
								"down": { "texture": "#trunk", "uv": [ 13.0, 1.0, 14.0, 7.5 ], "rotation": 90 }
							},
							"children": [
								{
									"name": "wattleA11",
									"from": [ 6.5, 0.0, 0.0 ], 
									"to": [ 13.0, 1.0, 1.0 ], 
									"rotationOrigin": [ 6.5, 0.0, 1.0 ],
									"rotationX": -0.1,
									"rotationY": 32.0,
									"faces": {
										"north": { "texture": "#trunk", "uv": [ 11.0, 0.5, 12.0, 7.0 ], "rotation": 90 },
										"east": { "texture": "#trunk", "uv": [ 0.0, 0.0, 1.0, 1.0 ], "enabled": false },
										"south": { "texture": "#trunk", "uv": [ 12.0, 0.0, 13.0, 6.5 ], "rotation": 90 },
										"west": { "texture": "#trunk", "uv": [ 0.0, 0.0, 1.0, 1.0 ], "enabled": false },
										"up": { "texture": "#trunk", "uv": [ 13.5, 0.0, 14.5, 6.5 ], "rotation": 90 },
										"down": { "texture": "#trunk", "uv": [ 14.0, 2.0, 15.0, 8.5 ], "rotation": 90 }
									}
								}
							]
						}
					]
				}
			]
		},
		{
			"name": "Cube1",
			"from": [ 1.5, 1.5, 7.0 ], 
			"to": [ 3.5, 17.5, 9.0 ], 
			"rotationOrigin": [ 1.5, 1.0, 7.0 ],
			"faces": {
				"north": { "texture": "#trunk", "uv": [ 12.0, 0.0, 14.0, 16.0 ] },
				"east": { "texture": "#trunk", "uv": [ 11.5, 0.0, 13.5, 16.0 ] },
				"south": { "texture": "#trunk", "uv": [ 12.5, 0.0, 14.5, 16.0 ] },
				"west": { "texture": "#trunk", "uv": [ 11.5, 0.0, 13.5, 16.0 ] },
				"up": { "texture": "#trunk", "uv": [ 3.5, 2.0, 5.5, 4.0 ], "enabled": false },
				"down": { "texture": "#trunk", "uv": [ 0.5, 0.0, 2.5, 2.0 ], "enabled": false }
			}
		},
		{
			"name": "Cube4",
			"from": [ 12.5, 1.5, 7.0 ], 
			"to": [ 14.5, 15.5, 9.0 ], 
			"rotationOrigin": [ 12.5, 1.0, 7.0 ],
			"faces": {
				"north": { "texture": "#trunk", "uv": [ 11.0, 1.0, 13.0, 15.0 ] },
				"east": { "texture": "#trunk", "uv": [ 12.5, 2.0, 14.5, 16.0 ] },
				"south": { "texture": "#trunk", "uv": [ 11.5, 1.5, 13.5, 15.5 ] },
				"west": { "texture": "#trunk", "uv": [ 12.0, 2.0, 14.0, 16.0 ] },
				"up": { "texture": "#trunk", "uv": [ 0.0, 0.0, 2.0, 2.0 ], "enabled": false },
				"down": { "texture": "#trunk", "uv": [ 0.0, 0.0, 2.0, 2.0 ], "enabled": false }
			},
			"children": [
				{
					"name": "Cube52",
					"from": [ 0.5, 10.0, 1.0 ], 
					"to": [ 1.5, 12.5, 2.0 ], 
					"rotationOrigin": [ 0.5, 10.0, 2.0 ],
					"rotationX": 45.0,
					"rotationZ": -7.0,
					"faces": {
						"north": { "texture": "#trunk", "uv": [ 11.0, 2.5, 12.0, 5.0 ] },
						"east": { "texture": "#trunk", "uv": [ 12.5, 7.5, 13.5, 10.0 ] },
						"south": { "texture": "#trunk", "uv": [ 13.5, 4.0, 14.5, 6.5 ] },
						"west": { "texture": "#trunk", "uv": [ 10.5, 11.0, 11.5, 13.5 ] },
						"up": { "texture": "#trunk", "uv": [ 3.5, 2.5, 4.5, 3.5 ] },
						"down": { "texture": "#trunk", "uv": [ 0.0, 0.0, 1.0, 1.0 ], "enabled": false }
					}
				}
			]
		},
		{
			"name": "Cube7",
			"from": [ 7.0, 1.5, 7.0 ], 
			"to": [ 9.0, 16.5, 9.0 ], 
			"rotationOrigin": [ 7.5, 1.0, 7.0 ],
			"faces": {
				"north": { "texture": "#trunk", "uv": [ 12.0, 0.0, 14.0, 15.0 ] },
				"east": { "texture": "#trunk", "uv": [ 12.0, 0.5, 14.0, 15.5 ] },
				"south": { "texture": "#trunk", "uv": [ 13.0, 0.5, 15.0, 15.5 ] },
				"west": { "texture": "#trunk", "uv": [ 11.0, 0.5, 13.0, 15.5 ] },
				"up": { "texture": "#trunk", "uv": [ 0.0, 0.0, 2.0, 2.0 ], "enabled": false },
				"down": { "texture": "#trunk", "uv": [ 0.0, 0.0, 2.0, 2.0 ], "enabled": false }
			},
			"children": [
				{
					"name": "Cube36",
					"from": [ 0.02, 14.0, 1.5 ], 
					"to": [ 2.02, 16.0, 2.0 ], 
					"rotationOrigin": [ 1.0, 14.0, 2.0 ],
					"rotationX": 22.5,
					"faces": {
						"north": { "texture": "#trunk", "uv": [ 4.0, 3.0, 6.0, 5.0 ] },
						"east": { "texture": "#trunk", "uv": [ 11.0, 3.5, 11.5, 5.5 ] },
						"south": { "texture": "#trunk", "uv": [ 11.5, 8.0, 13.5, 10.0 ] },
						"west": { "texture": "#trunk", "uv": [ 13.5, 8.0, 14.0, 10.0 ] },
						"up": { "texture": "#trunk", "uv": [ 3.5, 4.5, 5.5, 5.0 ] },
						"down": { "texture": "#trunk", "uv": [ 0.0, 0.0, 2.0, 0.5 ], "enabled": false }
					},
					"children": [
						{
							"name": "Cube39",
							"from": [ 0.0, 2.0, 0.0 ], 
							"to": [ 1.0, 3.0, 0.5 ], 
							"rotationOrigin": [ 0.0, 2.0, 0.0 ],
							"faces": {
								"north": { "texture": "#trunk", "uv": [ 4.5, 3.5, 5.5, 4.5 ] },
								"east": { "texture": "#trunk", "uv": [ 6.5, 3.5, 7.0, 4.5 ] },
								"south": { "texture": "#trunk", "uv": [ 11.5, 6.0, 12.5, 7.0 ] },
								"west": { "texture": "#trunk", "uv": [ 12.0, 1.5, 12.5, 2.5 ] },
								"up": { "texture": "#trunk", "uv": [ 3.5, 2.5, 4.5, 3.0 ] },
								"down": { "texture": "#trunk", "uv": [ 0.0, 0.0, 1.0, 0.5 ], "enabled": false }
							}
						},
						{
							"name": "Cube40",
							"from": [ 1.0, 2.0, 0.0 ], 
							"to": [ 1.5, 2.5, 0.5 ], 
							"rotationOrigin": [ 1.0, 2.0, 0.0 ],
							"faces": {
								"north": { "texture": "#trunk", "uv": [ 2.5, 2.5, 3.0, 3.0 ] },
								"east": { "texture": "#trunk", "uv": [ 3.5, 2.5, 4.0, 3.0 ] },
								"south": { "texture": "#trunk", "uv": [ 11.0, 1.5, 11.5, 2.0 ] },
								"west": { "texture": "#trunk", "uv": [ 0.0, 0.0, 0.5, 0.5 ], "enabled": false },
								"up": { "texture": "#trunk", "uv": [ 4.0, 3.0, 4.5, 3.5 ] },
								"down": { "texture": "#trunk", "uv": [ 0.0, 0.0, 0.5, 0.5 ], "enabled": false }
							}
						}
					]
				},
				{
					"name": "Cube37",
					"from": [ 0.02, -1.0, 1.0 ], 
					"to": [ 2.02, 0.5, 2.0 ], 
					"rotationOrigin": [ 1.0, 0.5, 2.0 ],
					"rotationX": -22.5,
					"faces": {
						"north": { "texture": "#trunk", "uv": [ 4.0, 4.0, 6.0, 5.5 ] },
						"east": { "texture": "#trunk", "uv": [ 14.0, 1.0, 15.0, 2.5 ] },
						"south": { "texture": "#trunk", "uv": [ 12.5, 1.0, 14.5, 2.5 ] },
						"west": { "texture": "#trunk", "uv": [ 12.0, 6.5, 13.0, 8.0 ] },
						"up": { "texture": "#trunk", "uv": [ 0.0, 0.0, 2.0, 1.0 ], "enabled": false },
						"down": { "texture": "#trunk", "uv": [ 4.0, 5.0, 6.0, 6.0 ] }
					},
					"children": [
						{
							"name": "Cube38",
							"from": [ 0.0, -0.5, 0.5 ], 
							"to": [ 1.5, 0.0, 1.0 ], 
							"rotationOrigin": [ 0.0, -1.0, 0.0 ],
							"faces": {
								"north": { "texture": "#trunk", "uv": [ 3.5, 5.0, 5.0, 5.5 ] },
								"east": { "texture": "#trunk", "uv": [ 3.0, 3.5, 3.5, 4.0 ] },
								"south": { "texture": "#trunk", "uv": [ 11.5, 3.0, 13.0, 3.5 ] },
								"west": { "texture": "#trunk", "uv": [ 11.5, 2.5, 12.0, 3.0 ] },
								"up": { "texture": "#trunk", "uv": [ 0.0, 0.0, 1.5, 0.5 ], "enabled": false },
								"down": { "texture": "#trunk", "uv": [ 4.5, 5.0, 6.0, 5.5 ] }
							}
						}
					]
				},
				{
					"name": "Cube41",
					"from": [ 0.02, 14.0, 0.0 ], 
					"to": [ 2.02, 16.0, 0.5 ], 
					"rotationOrigin": [ 1.0, 14.0, 0.0 ],
					"rotationX": -22.5,
					"faces": {
						"north": { "texture": "#trunk", "uv": [ 11.5, 4.0, 13.5, 6.0 ] },
						"east": { "texture": "#trunk", "uv": [ 11.0, 1.5, 11.5, 3.5 ] },
						"south": { "texture": "#trunk", "uv": [ 6.0, 2.5, 8.0, 4.5 ] },
						"west": { "texture": "#trunk", "uv": [ 11.0, 7.5, 11.5, 9.5 ] },
						"up": { "texture": "#trunk", "uv": [ 2.5, 2.5, 4.5, 3.0 ] },
						"down": { "texture": "#trunk", "uv": [ 0.0, 0.0, 2.0, 0.5 ], "enabled": false }
					},
					"children": [
						{
							"name": "Cube3",
							"from": [ 1.0, 2.0, 0.0 ], 
							"to": [ 2.0, 2.5, 0.5 ], 
							"rotationOrigin": [ 1.0, 2.0, 0.0 ],
							"faces": {
								"north": { "texture": "#trunk", "uv": [ 11.5, 6.5, 12.5, 7.0 ] },
								"east": { "texture": "#trunk", "uv": [ 11.5, 6.0, 12.0, 6.5 ] },
								"south": { "texture": "#trunk", "uv": [ 5.0, 4.0, 6.0, 4.5 ] },
								"west": { "texture": "#trunk", "uv": [ 3.5, 4.0, 4.0, 4.5 ] },
								"up": { "texture": "#trunk", "uv": [ 3.5, 2.0, 4.5, 2.5 ] },
								"down": { "texture": "#trunk", "uv": [ 0.0, 0.0, 1.0, 0.5 ], "enabled": false }
							}
						}
					]
				},
				{
					"name": "Cube42",
					"from": [ 0.02, -1.0, 0.0 ], 
					"to": [ 2.02, 0.5, 1.0 ], 
					"rotationOrigin": [ 1.0, 0.5, 0.0 ],
					"rotationX": 22.5,
					"faces": {
						"north": { "texture": "#trunk", "uv": [ 12.0, 8.0, 14.0, 9.5 ] },
						"east": { "texture": "#trunk", "uv": [ 10.5, 8.0, 11.5, 9.5 ] },
						"south": { "texture": "#trunk", "uv": [ 2.0, 4.5, 4.0, 6.0 ] },
						"west": { "texture": "#trunk", "uv": [ 12.5, 7.0, 13.5, 8.5 ] },
						"up": { "texture": "#trunk", "uv": [ 0.0, 0.0, 2.0, 1.0 ], "enabled": false },
						"down": { "texture": "#trunk", "uv": [ 5.5, 5.0, 7.5, 6.0 ] }
					},
					"children": [
						{
							"name": "Cube2",
							"from": [ 1.0, -0.5, 0.0 ], 
							"to": [ 2.0, 0.0, 0.5 ], 
							"rotationOrigin": [ 1.0, -1.0, -1.0 ],
							"faces": {
								"north": { "texture": "#trunk", "uv": [ 12.5, 7.5, 13.5, 8.0 ] },
								"east": { "texture": "#trunk", "uv": [ 11.5, 6.5, 12.0, 7.0 ] },
								"south": { "texture": "#trunk", "uv": [ 3.0, 3.0, 4.0, 3.5 ] },
								"west": { "texture": "#trunk", "uv": [ 5.5, 5.5, 6.0, 6.0 ] },
								"up": { "texture": "#trunk", "uv": [ 0.0, 0.0, 1.0, 0.5 ], "enabled": false },
								"down": { "texture": "#trunk", "uv": [ 5.5, 5.5, 6.5, 6.0 ] }
							}
						}
					]
				},
				{
					"name": "Cube43",
					"from": [ 5.52, -1.0, 0.0 ], 
					"to": [ 7.52, 0.5, 1.0 ], 
					"rotationOrigin": [ 6.0, 0.5, 0.0 ],
					"rotationX": 22.5,
					"faces": {
						"north": { "texture": "#trunk", "uv": [ 13.5, 10.0, 15.5, 11.5 ] },
						"east": { "texture": "#trunk", "uv": [ 10.5, 1.5, 11.5, 3.0 ] },
						"south": { "texture": "#trunk", "uv": [ 4.0, 4.5, 6.0, 6.0 ] },
						"west": { "texture": "#trunk", "uv": [ 13.0, 1.5, 14.0, 3.0 ] },
						"up": { "texture": "#trunk", "uv": [ 0.0, 0.0, 2.0, 1.0 ], "enabled": false },
						"down": { "texture": "#trunk", "uv": [ 4.5, 4.0, 6.5, 5.0 ] }
					},
					"children": [
						{
							"name": "Cube43",
							"from": [ 0.0, -0.5, 0.0 ], 
							"to": [ 0.5, 0.0, 0.5 ], 
							"rotationOrigin": [ 0.0, -1.0, -1.0 ],
							"faces": {
								"north": { "texture": "#trunk", "uv": [ 11.5, 3.0, 12.0, 3.5 ] },
								"east": { "texture": "#trunk", "uv": [ 4.5, 5.5, 5.0, 6.0 ] },
								"south": { "texture": "#trunk", "uv": [ 4.0, 3.5, 4.5, 4.0 ] },
								"west": { "texture": "#trunk", "uv": [ 10.5, 2.5, 11.0, 3.0 ] },
								"up": { "texture": "#trunk", "uv": [ 0.0, 0.0, 0.5, 0.5 ], "enabled": false },
								"down": { "texture": "#trunk", "uv": [ 6.0, 3.5, 6.5, 4.0 ] }
							}
						},
						{
							"name": "Cube51",
							"from": [ 1.0, -0.5, 0.0 ], 
							"to": [ 2.0, 0.0, 0.5 ], 
							"rotationOrigin": [ 1.0, -1.0, -1.0 ],
							"faces": {
								"north": { "texture": "#trunk", "uv": [ 12.5, 4.0, 13.5, 4.5 ] },
								"east": { "texture": "#trunk", "uv": [ 11.5, 0.5, 12.0, 1.0 ] },
								"south": { "texture": "#trunk", "uv": [ 5.0, 3.5, 6.0, 4.0 ] },
								"west": { "texture": "#trunk", "uv": [ 3.0, 2.0, 3.5, 2.5 ] },
								"up": { "texture": "#trunk", "uv": [ 0.0, 0.0, 1.0, 0.5 ], "enabled": false },
								"down": { "texture": "#trunk", "uv": [ 3.5, 5.0, 4.5, 5.5 ] }
							}
						}
					]
				},
				{
					"name": "Cube44",
					"from": [ 5.52, -1.0, 1.0 ], 
					"to": [ 7.52, 0.5, 2.0 ], 
					"rotationOrigin": [ 6.0, 0.5, 2.0 ],
					"rotationX": -22.5,
					"faces": {
						"north": { "texture": "#trunk", "uv": [ 4.5, 4.5, 6.5, 6.0 ] },
						"east": { "texture": "#trunk", "uv": [ 11.0, 2.5, 12.0, 4.0 ] },
						"south": { "texture": "#trunk", "uv": [ 12.5, 1.5, 14.5, 3.0 ] },
						"west": { "texture": "#trunk", "uv": [ 12.5, 11.5, 13.5, 13.0 ] },
						"up": { "texture": "#trunk", "uv": [ 0.0, 0.0, 2.0, 1.0 ], "enabled": false },
						"down": { "texture": "#trunk", "uv": [ 5.5, 5.0, 7.5, 6.0 ] }
					},
					"children": [
						{
							"name": "Cube44",
							"from": [ 0.5, -0.5, 0.5 ], 
							"to": [ 1.5, 0.0, 1.0 ], 
							"rotationOrigin": [ 0.0, -1.0, 0.0 ],
							"faces": {
								"north": { "texture": "#trunk", "uv": [ 3.0, 2.5, 4.0, 3.0 ] },
								"east": { "texture": "#trunk", "uv": [ 5.0, 4.5, 5.5, 5.0 ] },
								"south": { "texture": "#trunk", "uv": [ 11.5, 3.0, 12.5, 3.5 ] },
								"west": { "texture": "#trunk", "uv": [ 3.5, 3.5, 4.0, 4.0 ] },
								"up": { "texture": "#trunk", "uv": [ 0.0, 0.0, 1.0, 0.5 ], "enabled": false },
								"down": { "texture": "#trunk", "uv": [ 4.5, 3.0, 5.5, 3.5 ] }
							}
						}
					]
				},
				{
					"name": "Cube45",
					"from": [ 5.52, 12.5, 1.5 ], 
					"to": [ 7.52, 14.5, 2.0 ], 
					"rotationOrigin": [ 6.0, 12.5, 2.0 ],
					"rotationX": 22.5,
					"faces": {
						"north": { "texture": "#trunk", "uv": [ 3.0, 2.5, 5.0, 4.5 ] },
						"east": { "texture": "#trunk", "uv": [ 12.0, 4.0, 12.5, 6.0 ] },
						"south": { "texture": "#trunk", "uv": [ 12.0, 4.0, 14.0, 6.0 ] },
						"west": { "texture": "#trunk", "uv": [ 11.5, 2.5, 12.0, 4.5 ] },
						"up": { "texture": "#trunk", "uv": [ 3.0, 3.0, 5.0, 3.5 ] },
						"down": { "texture": "#trunk", "uv": [ 0.0, 0.0, 2.0, 0.5 ], "enabled": false }
					},
					"children": [
						{
							"name": "Cube45",
							"from": [ 0.5, 2.0, 0.0 ], 
							"to": [ 1.5, 3.0, 0.5 ], 
							"rotationOrigin": [ 0.0, 2.0, 0.0 ],
							"faces": {
								"north": { "texture": "#trunk", "uv": [ 4.0, 3.0, 5.0, 4.0 ] },
								"east": { "texture": "#trunk", "uv": [ 4.5, 3.5, 5.0, 4.5 ] },
								"south": { "texture": "#trunk", "uv": [ 12.0, 3.0, 13.0, 4.0 ] },
								"west": { "texture": "#trunk", "uv": [ 4.0, 3.5, 4.5, 4.5 ] },
								"up": { "texture": "#trunk", "uv": [ 5.0, 5.5, 6.0, 6.0 ] },
								"down": { "texture": "#trunk", "uv": [ 0.0, 0.0, 1.0, 0.5 ], "enabled": false }
							}
						},
						{
							"name": "Cube46",
							"from": [ 0.0, 2.0, 0.0 ], 
							"to": [ 0.5, 2.5, 0.5 ], 
							"rotationOrigin": [ 0.0, 2.0, 0.0 ],
							"faces": {
								"north": { "texture": "#trunk", "uv": [ 5.0, 4.5, 5.5, 5.0 ] },
								"east": { "texture": "#trunk", "uv": [ 0.0, 0.0, 0.5, 0.5 ], "enabled": false },
								"south": { "texture": "#trunk", "uv": [ 11.0, 2.5, 11.5, 3.0 ] },
								"west": { "texture": "#trunk", "uv": [ 11.0, 2.0, 11.5, 2.5 ] },
								"up": { "texture": "#trunk", "uv": [ 5.5, 4.5, 6.0, 5.0 ] },
								"down": { "texture": "#trunk", "uv": [ 0.0, 0.0, 0.5, 0.5 ], "enabled": false }
							}
						}
					]
				},
				{
					"name": "Cube47",
					"from": [ 5.52, 12.5, 0.0 ], 
					"to": [ 7.52, 14.5, 0.5 ], 
					"rotationOrigin": [ 6.0, 12.5, 0.0 ],
					"rotationX": -22.5,
					"faces": {
						"north": { "texture": "#trunk", "uv": [ 11.5, 8.0, 13.5, 10.0 ] },
						"east": { "texture": "#trunk", "uv": [ 11.0, 1.5, 11.5, 3.5 ] },
						"south": { "texture": "#trunk", "uv": [ 5.0, 4.0, 7.0, 6.0 ] },
						"west": { "texture": "#trunk", "uv": [ 13.0, 9.0, 13.5, 11.0 ] },
						"up": { "texture": "#trunk", "uv": [ 3.5, 3.0, 5.5, 3.5 ] },
						"down": { "texture": "#trunk", "uv": [ 0.0, 0.0, 2.0, 0.5 ], "enabled": false }
					},
					"children": [
						{
							"name": "Cube48",
							"from": [ 0.5, 2.0, 0.0 ], 
							"to": [ 1.0, 3.0, 0.5 ], 
							"rotationOrigin": [ 0.0, 2.0, 0.0 ],
							"faces": {
								"north": { "texture": "#trunk", "uv": [ 11.0, 3.0, 11.5, 4.0 ] },
								"east": { "texture": "#trunk", "uv": [ 7.5, 3.0, 8.0, 4.0 ] },
								"south": { "texture": "#trunk", "uv": [ 3.5, 5.5, 4.0, 6.5 ] },
								"west": { "texture": "#trunk", "uv": [ 4.0, 3.0, 4.5, 4.0 ] },
								"up": { "texture": "#trunk", "uv": [ 4.5, 3.5, 5.0, 4.0 ] },
								"down": { "texture": "#trunk", "uv": [ 0.0, 0.0, 0.5, 0.5 ], "enabled": false }
							}
						},
						{
							"name": "Cube49",
							"from": [ 1.5, 2.0, 0.0 ], 
							"to": [ 2.0, 2.5, 0.5 ], 
							"rotationOrigin": [ 1.0, 2.0, 0.0 ],
							"faces": {
								"north": { "texture": "#trunk", "uv": [ 11.0, 3.0, 11.5, 3.5 ] },
								"east": { "texture": "#trunk", "uv": [ 12.0, 3.0, 12.5, 3.5 ] },
								"south": { "texture": "#trunk", "uv": [ 6.0, 3.5, 6.5, 4.0 ] },
								"west": { "texture": "#trunk", "uv": [ 5.5, 4.0, 6.0, 4.5 ] },
								"up": { "texture": "#trunk", "uv": [ 3.0, 3.0, 3.5, 3.5 ] },
								"down": { "texture": "#trunk", "uv": [ 0.0, 0.0, 0.5, 0.5 ], "enabled": false }
							}
						},
						{
							"name": "Cube50",
							"from": [ 0.0, 2.0, 0.0 ], 
							"to": [ 0.5, 2.5, 0.5 ], 
							"rotationOrigin": [ 0.0, 2.0, 0.0 ],
							"faces": {
								"north": { "texture": "#trunk", "uv": [ 10.5, 6.5, 11.0, 7.0 ] },
								"east": { "texture": "#trunk", "uv": [ 3.5, 3.0, 4.0, 3.5 ], "enabled": false },
								"south": { "texture": "#trunk", "uv": [ 4.0, 4.0, 4.5, 4.5 ] },
								"west": { "texture": "#trunk", "uv": [ 11.0, 6.0, 11.5, 6.5 ] },
								"up": { "texture": "#trunk", "uv": [ 3.5, 3.0, 4.0, 3.5 ] },
								"down": { "texture": "#trunk", "uv": [ 0.0, 0.0, 0.5, 0.5 ], "enabled": false }
							}
						}
					]
				},
				{
					"name": "Cube53",
					"from": [ -5.52, -1.0, 1.0 ], 
					"to": [ -3.52, 0.5, 2.0 ], 
					"rotationOrigin": [ -5.0, 0.5, 2.0 ],
					"rotationX": -22.5,
					"faces": {
						"north": { "texture": "#trunk", "uv": [ 4.0, 5.0, 6.0, 6.5 ] },
						"east": { "texture": "#trunk", "uv": [ 11.0, 2.0, 12.0, 3.5 ] },
						"south": { "texture": "#trunk", "uv": [ 11.5, 11.5, 13.5, 13.0 ] },
						"west": { "texture": "#trunk", "uv": [ 13.0, 13.0, 14.0, 14.5 ] },
						"up": { "texture": "#trunk", "uv": [ 0.0, 0.0, 2.0, 1.0 ], "enabled": false },
						"down": { "texture": "#trunk", "uv": [ 5.5, 5.5, 7.5, 6.5 ] }
					},
					"children": [
						{
							"name": "Cube53",
							"from": [ 0.0, -0.5, 0.5 ], 
							"to": [ 0.5, 0.0, 1.0 ], 
							"rotationOrigin": [ 0.0, -1.0, 0.0 ],
							"faces": {
								"north": { "texture": "#trunk", "uv": [ 3.5, 3.5, 4.0, 4.0 ] },
								"east": { "texture": "#trunk", "uv": [ 6.5, 4.5, 7.0, 5.0 ] },
								"south": { "texture": "#trunk", "uv": [ 11.0, 2.0, 11.5, 2.5 ] },
								"west": { "texture": "#trunk", "uv": [ 11.0, 2.5, 11.5, 3.0 ] },
								"up": { "texture": "#trunk", "uv": [ 0.0, 0.0, 0.5, 0.5 ], "enabled": false },
								"down": { "texture": "#trunk", "uv": [ 6.5, 3.5, 7.0, 4.0 ] }
							}
						},
						{
							"name": "Cube54",
							"from": [ 1.0, -0.5, 0.5 ], 
							"to": [ 2.0, 0.0, 1.0 ], 
							"rotationOrigin": [ 1.0, -1.0, 0.0 ],
							"faces": {
								"north": { "texture": "#trunk", "uv": [ 4.0, 4.5, 5.0, 5.0 ] },
								"east": { "texture": "#trunk", "uv": [ 12.0, 2.5, 12.5, 3.0 ] },
								"south": { "texture": "#trunk", "uv": [ 13.0, 7.0, 14.0, 7.5 ] },
								"west": { "texture": "#trunk", "uv": [ 4.0, 4.0, 4.5, 4.5 ] },
								"up": { "texture": "#trunk", "uv": [ 0.0, 0.0, 1.0, 0.5 ], "enabled": false },
								"down": { "texture": "#trunk", "uv": [ 4.0, 5.0, 5.0, 5.5 ] }
							}
						}
					]
				},
				{
					"name": "Cube55",
					"from": [ -5.51, -1.0, 0.0 ], 
					"to": [ -3.51, 0.5, 1.0 ], 
					"rotationOrigin": [ -4.0, 0.5, 0.0 ],
					"rotationX": 22.5,
					"faces": {
						"north": { "texture": "#trunk", "uv": [ 11.0, 2.5, 13.0, 4.0 ] },
						"east": { "texture": "#trunk", "uv": [ 11.5, 6.5, 12.5, 8.0 ] },
						"south": { "texture": "#trunk", "uv": [ 3.0, 3.5, 5.0, 5.0 ] },
						"west": { "texture": "#trunk", "uv": [ 14.0, 7.5, 15.0, 9.0 ] },
						"up": { "texture": "#trunk", "uv": [ 0.0, 0.0, 2.0, 1.0 ], "enabled": false },
						"down": { "texture": "#trunk", "uv": [ 5.0, 2.0, 7.0, 3.0 ] }
					},
					"children": [
						{
							"name": "Cube56",
							"from": [ 0.0, -0.5, 0.0 ], 
							"to": [ 1.5, 0.0, 0.5 ], 
							"rotationOrigin": [ 0.0, -1.0, -1.0 ],
							"faces": {
								"north": { "texture": "#trunk", "uv": [ 11.5, 3.5, 13.0, 4.0 ] },
								"east": { "texture": "#trunk", "uv": [ 4.5, 3.0, 5.0, 3.5 ] },
								"south": { "texture": "#trunk", "uv": [ 4.5, 5.5, 6.0, 6.0 ] },
								"west": { "texture": "#trunk", "uv": [ 12.0, 3.0, 12.5, 3.5 ] },
								"up": { "texture": "#trunk", "uv": [ 0.0, 0.0, 1.5, 0.5 ], "enabled": false },
								"down": { "texture": "#trunk", "uv": [ 5.0, 4.0, 6.5, 4.5 ] }
							}
						}
					]
				},
				{
					"name": "Cube57",
					"from": [ -5.52, 15.5, 0.0 ], 
					"to": [ -3.52, 17.5, 0.5 ], 
					"rotationOrigin": [ -4.0, 15.5, 0.0 ],
					"rotationX": -22.5,
					"faces": {
						"north": { "texture": "#trunk", "uv": [ 11.0, 4.5, 13.0, 6.5 ] },
						"east": { "texture": "#trunk", "uv": [ 11.0, 1.5, 11.5, 3.5 ] },
						"south": { "texture": "#trunk", "uv": [ 3.0, 3.0, 5.0, 5.0 ] },
						"west": { "texture": "#trunk", "uv": [ 11.5, 1.5, 12.0, 3.5 ] },
						"up": { "texture": "#trunk", "uv": [ 4.0, 3.5, 6.0, 4.0 ] },
						"down": { "texture": "#trunk", "uv": [ 0.0, 0.0, 2.0, 0.5 ], "enabled": false }
					},
					"children": [
						{
							"name": "Cube58",
							"from": [ 1.0, 2.0, 0.0 ], 
							"to": [ 1.5, 3.0, 0.5 ], 
							"rotationOrigin": [ 1.0, 2.0, 0.0 ],
							"faces": {
								"north": { "texture": "#trunk", "uv": [ 12.5, 2.0, 13.0, 3.0 ] },
								"east": { "texture": "#trunk", "uv": [ 5.5, 2.5, 6.0, 3.5 ] },
								"south": { "texture": "#trunk", "uv": [ 6.0, 4.0, 6.5, 5.0 ] },
								"west": { "texture": "#trunk", "uv": [ 3.0, 3.0, 3.5, 4.0 ] },
								"up": { "texture": "#trunk", "uv": [ 3.5, 4.0, 4.0, 4.5 ] },
								"down": { "texture": "#trunk", "uv": [ 0.0, 0.0, 0.5, 0.5 ], "enabled": false }
							}
						},
						{
							"name": "Cube59",
							"from": [ 0.0, 2.0, 0.0 ], 
							"to": [ 1.0, 2.5, 0.5 ], 
							"rotationOrigin": [ 0.0, 2.0, 0.0 ],
							"faces": {
								"north": { "texture": "#trunk", "uv": [ 13.0, 7.0, 14.0, 7.5 ] },
								"east": { "texture": "#trunk", "uv": [ 0.0, 0.0, 0.5, 0.5 ], "enabled": false },
								"south": { "texture": "#trunk", "uv": [ 4.0, 3.0, 5.0, 3.5 ] },
								"west": { "texture": "#trunk", "uv": [ 10.5, 3.5, 11.0, 4.0 ] },
								"up": { "texture": "#trunk", "uv": [ 5.0, 3.0, 6.0, 3.5 ] },
								"down": { "texture": "#trunk", "uv": [ 0.0, 0.0, 1.0, 0.5 ], "enabled": false }
							}
						}
					]
				},
				{
					"name": "Cube60",
					"from": [ -5.52, 15.5, 1.5 ], 
					"to": [ -3.52, 17.5, 2.0 ], 
					"rotationOrigin": [ -4.0, 15.5, 2.0 ],
					"rotationX": 22.5,
					"faces": {
						"north": { "texture": "#trunk", "uv": [ 3.5, 2.0, 5.5, 4.0 ] },
						"east": { "texture": "#trunk", "uv": [ 11.5, 1.5, 12.0, 3.5 ] },
						"south": { "texture": "#trunk", "uv": [ 11.5, 7.5, 13.5, 9.5 ] },
						"west": { "texture": "#trunk", "uv": [ 10.5, 0.5, 11.0, 2.5 ] },
						"up": { "texture": "#trunk", "uv": [ 3.0, 2.0, 5.0, 2.5 ] },
						"down": { "texture": "#trunk", "uv": [ 0.0, 0.0, 2.0, 0.5 ], "enabled": false }
					},
					"children": [
						{
							"name": "Cube61",
							"from": [ 1.0, 2.0, 0.0 ], 
							"to": [ 2.0, 3.0, 0.5 ], 
							"rotationOrigin": [ 1.0, 2.0, 0.0 ],
							"faces": {
								"north": { "texture": "#trunk", "uv": [ 5.5, 3.0, 6.5, 4.0 ] },
								"east": { "texture": "#trunk", "uv": [ 12.0, 2.0, 12.5, 3.0 ] },
								"south": { "texture": "#trunk", "uv": [ 11.5, 3.0, 12.5, 4.0 ] },
								"west": { "texture": "#trunk", "uv": [ 6.0, 4.0, 6.5, 5.0 ] },
								"up": { "texture": "#trunk", "uv": [ 5.0, 3.0, 6.0, 3.5 ] },
								"down": { "texture": "#trunk", "uv": [ 0.0, 0.0, 1.0, 0.5 ], "enabled": false }
							}
						},
						{
							"name": "Cube62",
							"from": [ 0.0, 2.0, 0.0 ], 
							"to": [ 0.5, 2.5, 0.5 ], 
							"rotationOrigin": [ 0.0, 2.0, 0.0 ],
							"faces": {
								"north": { "texture": "#trunk", "uv": [ 5.0, 3.5, 5.5, 4.0 ] },
								"east": { "texture": "#trunk", "uv": [ 6.0, 4.5, 6.5, 5.0 ] },
								"south": { "texture": "#trunk", "uv": [ 11.5, 2.5, 12.0, 3.0 ] },
								"west": { "texture": "#trunk", "uv": [ 12.5, 3.0, 13.0, 3.5 ] },
								"up": { "texture": "#trunk", "uv": [ 5.0, 3.0, 5.5, 3.5 ] },
								"down": { "texture": "#trunk", "uv": [ 0.0, 0.0, 0.5, 0.5 ], "enabled": false }
							}
						}
					]
				}
			]
		},
		{
			"name": "Cube5",
			"from": [ -1.45, 0.2, 6.5 ], 
			"to": [ 4.1, 0.8, 9.5 ], 
			"rotationOrigin": [ -2.0, 1.0, 7.0 ],
			"rotationZ": 16.0,
			"faces": {
				"north": { "texture": "#rope", "uv": [ 0.0, 0.0, 5.5, 0.5 ] },
				"east": { "texture": "#rope", "uv": [ 0.0, 0.0, 3.0, 0.5 ] },
				"south": { "texture": "#rope", "uv": [ 0.0, 0.0, 5.5, 0.5 ] },
				"west": { "texture": "#rope", "uv": [ 0.0, 0.0, 3.0, 0.5 ] },
				"up": { "texture": "#rope", "uv": [ 0.0, 0.0, 5.5, 3.0 ] },
				"down": { "texture": "#rope", "uv": [ 0.0, 0.0, 5.5, 3.0 ] }
			}
		},
		{
			"name": "Cube8",
			"from": [ -1.55, 3.9, 6.48 ], 
			"to": [ 3.95, 4.5, 9.48 ], 
			"rotationOrigin": [ -2.0, 4.0, 7.0 ],
			"rotationZ": -6.0,
			"faces": {
				"north": { "texture": "#rope", "uv": [ 0.0, 0.0, 5.5, 0.5 ] },
				"east": { "texture": "#rope", "uv": [ 0.0, 0.0, 3.0, 0.5 ] },
				"south": { "texture": "#rope", "uv": [ 0.0, 0.0, 5.5, 0.5 ] },
				"west": { "texture": "#rope", "uv": [ 0.0, 0.0, 3.0, 0.5 ] },
				"up": { "texture": "#rope", "uv": [ 0.0, 0.0, 5.5, 3.0 ] },
				"down": { "texture": "#rope", "uv": [ 0.0, 0.0, 5.5, 3.0 ] }
			}
		},
		{
			"name": "Cube35",
			"from": [ -1.8, 12.3, 6.5 ], 
			"to": [ 3.7, 12.9, 9.5 ], 
			"rotationOrigin": [ -2.0, 11.0, 7.0 ],
			"rotationZ": -10.0,
			"faces": {
				"north": { "texture": "#rope", "uv": [ 0.0, 0.0, 5.5, 0.5 ] },
				"east": { "texture": "#rope", "uv": [ 0.0, 0.0, 3.0, 0.5 ] },
				"south": { "texture": "#rope", "uv": [ 0.0, 0.0, 5.5, 0.5 ] },
				"west": { "texture": "#rope", "uv": [ 0.0, 0.0, 3.0, 0.5 ] },
				"up": { "texture": "#rope", "uv": [ 0.0, 0.0, 5.5, 3.0 ] },
				"down": { "texture": "#rope", "uv": [ 0.0, 0.0, 5.5, 3.0 ] }
			}
		},
		{
			"name": "Cube9",
			"from": [ 1.0, 18.0, 6.4 ], 
			"to": [ 15.0, 20.0, 8.4 ], 
			"rotationOrigin": [ 1.6, 18.0, 7.0 ],
			"rotationX": 45.0,
			"rotationY": -10.0,
			"rotationZ": -10.0,
			"faces": {
				"north": { "texture": "#trunk", "uv": [ 12.0, 0.5, 14.0, 14.5 ], "rotation": 90 },
				"east": { "texture": "#trunk", "uv": [ 5.5, 4.0, 7.5, 6.0 ] },
				"south": { "texture": "#trunk", "uv": [ 11.0, 1.0, 13.0, 15.0 ], "rotation": 90 },
				"west": { "texture": "#trunk", "uv": [ 4.5, 3.5, 6.5, 5.5 ] },
				"up": { "texture": "#trunk", "uv": [ 12.5, 0.0, 14.5, 14.0 ], "rotation": 90 },
				"down": { "texture": "#trunk", "uv": [ 11.0, 2.0, 13.0, 16.0 ], "rotation": 90 }
			}
		},
		{
			"name": "Cube25",
			"from": [ 1.5, 0.3, 5.6 ], 
			"to": [ 14.5, 1.8, 7.1 ], 
			"rotationOrigin": [ 1.0, -1.0, 7.0 ],
			"rotationX": 45.0,
			"faces": {
				"north": { "texture": "#trunk", "uv": [ 11.5, 1.5, 13.0, 14.5 ], "rotation": 90 },
				"east": { "texture": "#trunk", "uv": [ 4.5, 3.5, 6.0, 5.0 ] },
				"south": { "texture": "#trunk", "uv": [ 11.5, 1.5, 13.0, 14.5 ], "rotation": 90 },
				"west": { "texture": "#trunk", "uv": [ 2.5, 4.0, 4.0, 5.5 ] },
				"up": { "texture": "#trunk", "uv": [ 12.0, 0.0, 13.5, 13.0 ], "rotation": 90 },
				"down": { "texture": "#trunk", "uv": [ 11.0, 3.0, 12.5, 16.0 ], "rotation": 90 }
			}
		},
		{
			"name": "OFFSETB",
			"from": [ 8.0, 0.4, 6.15 ], 
			"to": [ 8.0, 0.4, 6.15 ], 
			"rotationOrigin": [ 8.0, 0.2, 7.0 ],
			"rotationX": -180.0,
			"rotationZ": -180.0,
			"faces": {
				"north": { "texture": "#trunk", "uv": [ 0.0, 1.0, 0.5, 1.5 ] },
				"east": { "texture": "#trunk", "uv": [ 1.5, 8.5, 2.0, 9.0 ] },
				"south": { "texture": "#trunk", "uv": [ 2.0, 14.5, 2.5, 15.0 ] },
				"west": { "texture": "#trunk", "uv": [ 11.5, 13.0, 12.0, 13.5 ] },
				"up": { "texture": "#trunk", "uv": [ 2.5, 5.5, 3.0, 6.0 ] },
				"down": { "texture": "#trunk", "uv": [ 10.5, 3.0, 11.0, 3.5 ] }
			},
			"children": [
				{
					"name": "wattleB1",
					"from": [ 0.0, 2.0, 0.7 ], 
					"to": [ 6.5, 3.0, 1.7 ], 
					"rotationOrigin": [ 0.0, 2.0, 1.7 ],
					"rotationY": 16.0,
					"faces": {
						"north": { "texture": "#trunk", "uv": [ 10.5, 7.0, 11.5, 13.5 ], "rotation": 90 },
						"east": { "texture": "#trunk", "uv": [ 0.0, 0.0, 1.0, 1.0 ], "enabled": false },
						"south": { "texture": "#trunk", "uv": [ 10.5, 2.0, 11.5, 8.5 ], "rotation": 90 },
						"west": { "texture": "#trunk", "uv": [ 0.0, 0.0, 1.0, 1.0 ], "enabled": false },
						"up": { "texture": "#trunk", "uv": [ 12.0, 8.0, 13.0, 14.5 ], "rotation": 90 },
						"down": { "texture": "#trunk", "uv": [ 11.0, 3.5, 12.0, 10.0 ], "rotation": 90 }
					},
					"children": [
						{
							"name": "wattleB3",
							"from": [ 0.0, 0.0, 1.0 ], 
							"to": [ 6.5, 1.04, 2.04 ], 
							"rotationOrigin": [ 0.0, 0.0, 1.0 ],
							"rotationX": 0.1,
							"rotationY": 148.0,
							"faces": {
								"north": { "texture": "#trunk", "uv": [ 11.5, 8.0, 12.5, 14.5 ], "rotation": 90 },
								"east": { "texture": "#trunk", "uv": [ 0.0, 0.0, 1.0, 1.0 ], "enabled": false },
								"south": { "texture": "#trunk", "uv": [ 12.0, 2.5, 13.0, 9.0 ], "rotation": 90 },
								"west": { "texture": "#trunk", "uv": [ 0.0, 0.0, 1.0, 1.0 ], "enabled": false },
								"up": { "texture": "#trunk", "uv": [ 12.5, 7.5, 13.5, 14.0 ], "rotation": 90 },
								"down": { "texture": "#trunk", "uv": [ 13.0, 1.0, 14.0, 7.5 ], "rotation": 90 }
							}
						}
					]
				},
				{
					"name": "wattleB4",
					"from": [ 0.0, 5.0, 0.7 ], 
					"to": [ 6.5, 6.0, 1.7 ], 
					"rotationOrigin": [ 0.0, 5.0, 1.7 ],
					"rotationY": 16.0,
					"faces": {
						"north": { "texture": "#trunk", "uv": [ 12.0, 1.5, 13.0, 8.0 ], "rotation": 90 },
						"east": { "texture": "#trunk", "uv": [ 0.0, 0.0, 1.0, 1.0 ], "enabled": false },
						"south": { "texture": "#trunk", "uv": [ 12.5, 1.5, 13.5, 8.0 ], "rotation": 90 },
						"west": { "texture": "#trunk", "uv": [ 0.0, 0.0, 1.0, 1.0 ], "enabled": false },
						"up": { "texture": "#trunk", "uv": [ 13.0, 4.5, 14.0, 11.0 ], "rotation": 90 },
						"down": { "texture": "#trunk", "uv": [ 13.5, 7.5, 14.5, 14.0 ], "rotation": 90 }
					},
					"children": [
						{
							"name": "wattleB6",
							"from": [ 0.0, 0.0, 1.0 ], 
							"to": [ 6.5, 1.04, 2.04 ], 
							"rotationOrigin": [ 0.0, 0.0, 1.0 ],
							"rotationX": 0.1,
							"rotationY": 148.0,
							"faces": {
								"north": { "texture": "#trunk", "uv": [ 11.0, 0.0, 12.0, 6.5 ], "rotation": 90 },
								"east": { "texture": "#trunk", "uv": [ 0.0, 0.0, 1.0, 1.0 ], "enabled": false },
								"south": { "texture": "#trunk", "uv": [ 11.5, 0.0, 12.5, 6.5 ], "rotation": 90 },
								"west": { "texture": "#trunk", "uv": [ 0.0, 0.0, 1.0, 1.0 ], "enabled": false },
								"up": { "texture": "#trunk", "uv": [ 12.5, 1.5, 13.5, 8.0 ], "rotation": 90 },
								"down": { "texture": "#trunk", "uv": [ 13.0, 2.0, 14.0, 8.5 ], "rotation": 90 }
							}
						}
					]
				},
				{
					"name": "wattleB7",
					"from": [ 0.0, 8.0, 0.7 ], 
					"to": [ 6.5, 9.0, 1.7 ], 
					"rotationOrigin": [ 0.0, 8.0, 1.7 ],
					"rotationY": 16.0,
					"faces": {
						"north": { "texture": "#trunk", "uv": [ 12.0, 1.5, 13.0, 8.0 ], "rotation": 90 },
						"east": { "texture": "#trunk", "uv": [ 0.0, 0.0, 1.0, 1.0 ], "enabled": false },
						"south": { "texture": "#trunk", "uv": [ 13.0, 4.0, 14.0, 10.5 ], "rotation": 90 },
						"west": { "texture": "#trunk", "uv": [ 0.0, 0.0, 1.0, 1.0 ], "enabled": false },
						"up": { "texture": "#trunk", "uv": [ 10.5, 1.5, 11.5, 8.0 ], "rotation": 90 },
						"down": { "texture": "#trunk", "uv": [ 13.0, 7.5, 14.0, 14.0 ], "rotation": 90 }
					},
					"children": [
						{
							"name": "wattleB9",
							"from": [ 0.0, 0.0, 1.0 ], 
							"to": [ 6.5, 1.04, 2.04 ], 
							"rotationOrigin": [ 0.0, 0.0, 1.0 ],
							"rotationX": 0.1,
							"rotationY": 148.0,
							"faces": {
								"north": { "texture": "#trunk", "uv": [ 13.5, 1.5, 14.5, 8.0 ], "rotation": 90 },
								"east": { "texture": "#trunk", "uv": [ 0.0, 0.0, 1.0, 1.0 ], "enabled": false },
								"south": { "texture": "#trunk", "uv": [ 14.0, 7.5, 15.0, 14.0 ], "rotation": 90 },
								"west": { "texture": "#trunk", "uv": [ 0.0, 0.0, 1.0, 1.0 ], "enabled": false },
								"up": { "texture": "#trunk", "uv": [ 14.5, 4.0, 15.5, 10.5 ], "rotation": 90 },
								"down": { "texture": "#trunk", "uv": [ 12.0, 6.5, 13.0, 13.0 ], "rotation": 90 }
							}
						}
					]
				},
				{
					"name": "wattleB10",
					"from": [ 0.0, 11.8, 0.7 ], 
					"to": [ 6.5, 12.8, 1.7 ], 
					"rotationOrigin": [ 0.0, 11.0, 1.7 ],
					"rotationY": 16.0,
					"faces": {
						"north": { "texture": "#trunk", "uv": [ 10.5, 3.5, 11.5, 10.0 ], "rotation": 90 },
						"east": { "texture": "#trunk", "uv": [ 0.0, 0.0, 1.0, 1.0 ], "enabled": false },
						"south": { "texture": "#trunk", "uv": [ 11.0, 4.0, 12.0, 10.5 ], "rotation": 90 },
						"west": { "texture": "#trunk", "uv": [ 0.0, 0.0, 1.0, 1.0 ], "enabled": false },
						"up": { "texture": "#trunk", "uv": [ 12.5, 7.0, 13.5, 13.5 ], "rotation": 90 },
						"down": { "texture": "#trunk", "uv": [ 11.5, 8.0, 12.5, 14.5 ], "rotation": 90 }
					},
					"children": [
						{
							"name": "wattleB12",
							"from": [ 0.0, 0.0, 1.0 ], 
							"to": [ 6.5, 1.04, 2.04 ], 
							"rotationOrigin": [ 0.0, 0.0, 1.0 ],
							"rotationX": 0.1,
							"rotationY": 148.0,
							"faces": {
								"north": { "texture": "#trunk", "uv": [ 14.0, 0.0, 15.0, 6.5 ], "rotation": 90 },
								"east": { "texture": "#trunk", "uv": [ 0.0, 0.0, 1.0, 1.0 ], "enabled": false },
								"south": { "texture": "#trunk", "uv": [ 14.0, 1.0, 15.0, 7.5 ], "rotation": 90 },
								"west": { "texture": "#trunk", "uv": [ 0.0, 0.0, 1.0, 1.0 ], "enabled": false },
								"up": { "texture": "#trunk", "uv": [ 14.5, 2.5, 15.5, 9.0 ], "rotation": 90 },
								"down": { "texture": "#trunk", "uv": [ 12.5, 9.0, 13.5, 15.5 ], "rotation": 90 }
							}
						}
					]
				}
			]
		},
		{
			"name": "Cube63",
			"from": [ -1.0, 0.0, 7.0 ], 
			"to": [ 1.0, 16.0, 9.0 ], 
			"rotationOrigin": [ -1.0, 0.0, 7.0 ],
			"faces": {
				"north": { "texture": "#trunk", "uv": [ 9.5, 0.0, 11.5, 16.0 ] },
				"east": { "texture": "#trunk", "uv": [ 11.0, 0.0, 13.0, 16.0 ] },
				"south": { "texture": "#trunk", "uv": [ 14.0, 0.0, 16.0, 16.0 ] },
				"west": { "texture": "#trunk", "uv": [ 11.5, 0.0, 13.5, 16.0 ] },
				"up": { "texture": "#trunk", "uv": [ 2.0, 1.5, 4.0, 3.5 ] },
				"down": { "texture": "#trunk", "uv": [ 6.5, 5.5, 8.5, 7.5 ] }
			}
		},
		{
			"name": "Cube64",
			"from": [ 15.0, 0.0, 7.0 ], 
			"to": [ 17.0, 16.0, 9.0 ], 
			"rotationOrigin": [ 14.0, 0.0, 7.0 ],
			"faces": {
				"north": { "texture": "#trunk", "uv": [ 11.0, 0.0, 13.0, 16.0 ] },
				"east": { "texture": "#trunk", "uv": [ 14.0, 0.0, 16.0, 16.0 ] },
				"south": { "texture": "#trunk", "uv": [ 12.5, 0.0, 14.5, 16.0 ] },
				"west": { "texture": "#trunk", "uv": [ 10.0, 0.0, 12.0, 16.0 ] },
				"up": { "texture": "#trunk", "uv": [ 3.5, 2.5, 5.5, 4.5 ] },
				"down": { "texture": "#trunk", "uv": [ 3.5, 6.5, 5.5, 8.5 ] }
			}
		}
	]}