{
	"editor": {
		"allAngles": true,
		"entityTextureMode": false
	},
	"textureWidth": 16,
	"textureHeight": 16,
	"textureSizes": {
	},
	"textures": {
	},
	"elements": [
		{
			"name": "ORIGIN",
			"from": [ 8.0, 0.0, 8.0 ], 
			"to": [ 8.0, 0.0, 8.0 ], 
			"rotationOrigin": [ 8.0, 0.0, 8.0 ],
			"faces": {
				"north": { "texture": "#trunk", "uv": [ 0.0, 0.0, 0.5, 0.5 ], "enabled": false },
				"east": { "texture": "#trunk", "uv": [ 0.0, 0.0, 0.5, 0.5 ], "enabled": false },
				"south": { "texture": "#trunk", "uv": [ 0.0, 0.0, 0.5, 0.5 ], "enabled": false },
				"west": { "texture": "#trunk", "uv": [ 0.0, 0.0, 0.5, 0.5 ], "enabled": false },
				"up": { "texture": "#trunk", "uv": [ 0.0, 0.0, 0.5, 0.5 ], "enabled": false },
				"down": { "texture": "#trunk", "uv": [ 0.0, 0.0, 0.5, 0.5 ], "enabled": false }
			},
			"children": [
				{
					"name": "post2",
					"from": [ -0.8, 0.0, 3.2 ], 
					"to": [ 0.8, 16.0, 4.8 ], 
					"rotationOrigin": [ 0.0, 0.0, 4.0 ],
					"rotationY": -112.5,
					"faces": {
						"north": { "texture": "#trunk", "uv": [ 10.0, 0.0, 11.5, 16.0 ], "windMode": [-1,-1,-1,-1] },
						"east": { "texture": "#trunk", "uv": [ 11.5, 0.0, 13.0, 16.0 ] },
						"south": { "texture": "#trunk", "uv": [ 13.0, 0.0, 14.5, 16.0 ], "windMode": [-1,-1,-1,-1] },
						"west": { "texture": "#trunk", "uv": [ 14.5, 0.0, 16.0, 16.0 ], "windMode": [-1,-1,-1,-1] },
						"up": { "texture": "#trunk", "uv": [ 7.0, 2.0, 8.5, 3.5 ] },
						"down": { "texture": "#trunk", "uv": [ 2.5, 5.5, 4.0, 7.0 ] }
					}
				},
				{
					"name": "post1",
					"from": [ -4.8, 0.0, -0.8 ], 
					"to": [ -3.2, 16.0, 0.8 ], 
					"rotationOrigin": [ -4.0, 0.0, 0.0 ],
					"rotationY": -45.0,
					"faces": {
						"north": { "texture": "#trunk", "uv": [ 11.0, 0.0, 12.5, 16.0 ] },
						"east": { "texture": "#trunk", "uv": [ 12.5, 0.0, 14.0, 16.0 ], "windMode": [-1,-1,-1,-1] },
						"south": { "texture": "#trunk", "uv": [ 10.0, 0.0, 11.5, 16.0 ], "windMode": [-1,-1,-1,-1] },
						"west": { "texture": "#trunk", "uv": [ 14.0, 0.0, 15.5, 16.0 ], "windMode": [-1,-1,-1,-1] },
						"up": { "texture": "#trunk", "uv": [ 5.5, 4.5, 7.0, 6.0 ] },
						"down": { "texture": "#trunk", "uv": [ 3.5, 7.0, 5.0, 8.5 ] }
					}
				},
				{
					"name": "OFFSETB",
					"from": [ 0.0, 0.25, 0.0 ], 
					"to": [ 0.0, 0.25, 0.0 ], 
					"rotationOrigin": [ 0.0, 0.2, 0.0 ],
					"rotationY": 180.0,
					"faces": {
						"north": { "texture": "#trunk", "uv": [ 5.0, 12.5, 5.5, 13.0 ] },
						"east": { "texture": "#trunk", "uv": [ 6.5, 9.5, 7.0, 10.0 ] },
						"south": { "texture": "#trunk", "uv": [ 13.5, 0.5, 14.0, 1.0 ] },
						"west": { "texture": "#trunk", "uv": [ 10.0, 11.5, 10.5, 12.0 ] },
						"up": { "texture": "#trunk", "uv": [ 3.5, 9.5, 4.0, 10.0 ] },
						"down": { "texture": "#trunk", "uv": [ 7.0, 12.0, 7.5, 12.5 ] }
					},
					"children": [
						{
							"name": "wattleB5",
							"from": [ -2.2832, 2.0416, -0.3917 ], 
							"to": [ 8.3168, 3.0416, 0.6083 ], 
							"rotationOrigin": [ 8.3168, 2.0416, -0.3917 ],
							"rotationX": -0.877,
							"rotationY": -19.0,
							"rotationZ": 0.288,
							"faces": {
								"north": { "texture": "#trunk", "uv": [ 11.5, 2.5, 12.5, 13.0 ], "rotation": 90 },
								"east": { "texture": "#trunk", "uv": [ 0.0, 0.0, 1.0, 1.0 ], "enabled": false },
								"south": { "texture": "#trunk", "uv": [ 12.0, 5.0, 13.0, 15.5 ], "rotation": 90 },
								"west": { "texture": "#trunk", "uv": [ 3.5, 7.0, 4.5, 8.0 ], "windMode": [-1,-1,-1,-1] },
								"up": { "texture": "#trunk", "uv": [ 13.0, 4.5, 14.0, 15.0 ], "rotation": 90 },
								"down": { "texture": "#trunk", "uv": [ 13.5, 1.5, 14.5, 12.0 ], "rotation": 90 }
							},
							"children": [
								{
									"name": "wattleB4",
									"from": [ 0.0065, 0.0429, 0.8476 ], 
									"to": [ 5.6065, 1.0829, 1.8876 ], 
									"rotationOrigin": [ 0.0065, 0.0429, 0.8476 ],
									"rotationX": -173.911,
									"rotationY": 86.998,
									"rotationZ": 175.307,
									"faces": {
										"north": { "texture": "#trunk", "uv": [ 10.5, 10.0, 11.5, 15.5 ], "rotation": 90 },
										"east": { "texture": "#trunk", "uv": [ 0.0, 0.0, 1.0, 1.0 ], "enabled": false },
										"south": { "texture": "#trunk", "uv": [ 10.5, 8.0, 11.5, 13.5 ], "rotation": 90 },
										"west": { "texture": "#trunk", "uv": [ 4.5, 6.5, 5.5, 7.5 ], "windMode": [-1,-1,-1,-1] },
										"up": { "texture": "#trunk", "uv": [ 12.0, 5.0, 13.0, 10.5 ], "rotation": 90 },
										"down": { "texture": "#trunk", "uv": [ 12.0, 2.0, 13.0, 7.5 ], "rotation": 90 }
									}
								}
							]
						},
						{
							"name": "wattleB6",
							"from": [ -2.2832, 5.04, -0.3917 ], 
							"to": [ 8.3168, 6.04, 0.6083 ], 
							"rotationOrigin": [ 8.3168, 5.0416, -0.3917 ],
							"rotationX": -0.877,
							"rotationY": -19.0,
							"rotationZ": 0.288,
							"faces": {
								"north": { "texture": "#trunk", "uv": [ 10.5, 3.5, 11.5, 14.0 ], "rotation": 90 },
								"east": { "texture": "#trunk", "uv": [ 0.0, 0.0, 1.0, 1.0 ], "enabled": false },
								"south": { "texture": "#trunk", "uv": [ 12.0, 1.5, 13.0, 12.0 ], "rotation": 90 },
								"west": { "texture": "#trunk", "uv": [ 2.5, 7.0, 3.5, 8.0 ] },
								"up": { "texture": "#trunk", "uv": [ 13.0, 5.0, 14.0, 15.5 ], "rotation": 90 },
								"down": { "texture": "#trunk", "uv": [ 14.5, 0.0, 15.5, 10.5 ], "rotation": 90 }
							},
							"children": [
								{
									"name": "wattleB7",
									"from": [ 0.0065, 0.0429, 0.8476 ], 
									"to": [ 5.6065, 1.0829, 1.8876 ], 
									"rotationOrigin": [ 0.0065, 0.0429, 0.8476 ],
									"rotationX": -173.911,
									"rotationY": 86.998,
									"rotationZ": 175.307,
									"faces": {
										"north": { "texture": "#trunk", "uv": [ 10.0, 8.5, 11.0, 14.0 ], "rotation": 90 },
										"east": { "texture": "#trunk", "uv": [ 0.0, 0.0, 1.0, 1.0 ], "enabled": false },
										"south": { "texture": "#trunk", "uv": [ 11.5, 3.0, 12.5, 8.5 ], "rotation": 90 },
										"west": { "texture": "#trunk", "uv": [ 4.5, 6.5, 5.5, 7.5 ] },
										"up": { "texture": "#trunk", "uv": [ 13.0, 3.0, 14.0, 8.5 ], "rotation": 90 },
										"down": { "texture": "#trunk", "uv": [ 12.5, 9.5, 13.5, 15.0 ], "rotation": 90 }
									}
								}
							]
						},
						{
							"name": "wattleB8",
							"from": [ -2.2832, 8.04, -0.3917 ], 
							"to": [ 8.3168, 9.04, 0.6083 ], 
							"rotationOrigin": [ 8.3168, 8.0416, -0.3917 ],
							"rotationX": -0.877,
							"rotationY": -19.0,
							"rotationZ": 0.288,
							"faces": {
								"north": { "texture": "#trunk", "uv": [ 12.5, 2.0, 13.5, 12.5 ], "rotation": 90 },
								"east": { "texture": "#trunk", "uv": [ 0.0, 0.0, 1.0, 1.0 ], "enabled": false },
								"south": { "texture": "#trunk", "uv": [ 13.5, 4.5, 14.5, 15.0 ], "rotation": 90 },
								"west": { "texture": "#trunk", "uv": [ 5.0, 5.5, 6.0, 6.5 ] },
								"up": { "texture": "#trunk", "uv": [ 14.5, 5.5, 15.5, 16.0 ], "rotation": 90 },
								"down": { "texture": "#trunk", "uv": [ 10.5, 4.5, 11.5, 15.0 ], "rotation": 90 }
							},
							"children": [
								{
									"name": "wattleB9",
									"from": [ 0.0065, 0.0429, 0.8476 ], 
									"to": [ 5.6065, 1.0829, 1.8876 ], 
									"rotationOrigin": [ 0.0065, 0.0429, 0.8476 ],
									"rotationX": -173.911,
									"rotationY": 86.998,
									"rotationZ": 175.307,
									"faces": {
										"north": { "texture": "#trunk", "uv": [ 11.0, 4.5, 12.0, 10.0 ], "rotation": 90 },
										"east": { "texture": "#trunk", "uv": [ 0.0, 0.0, 1.0, 1.0 ], "enabled": false },
										"south": { "texture": "#trunk", "uv": [ 11.5, 0.5, 12.5, 6.0 ], "rotation": 90 },
										"west": { "texture": "#trunk", "uv": [ 6.5, 4.5, 7.5, 5.5 ] },
										"up": { "texture": "#trunk", "uv": [ 12.0, 9.5, 13.0, 15.0 ], "rotation": 90 },
										"down": { "texture": "#trunk", "uv": [ 14.5, 9.5, 15.5, 15.0 ], "rotation": 90 }
									}
								}
							]
						},
						{
							"name": "wattleB10",
							"from": [ -2.2832, 11.04, -0.3917 ], 
							"to": [ 0.7168, 12.04, 0.6083 ], 
							"rotationOrigin": [ 8.3168, 11.0416, -0.3917 ],
							"rotationX": -0.877,
							"rotationY": -19.0,
							"rotationZ": 0.288,
							"faces": {
								"north": { "texture": "#trunk", "uv": [ 12.5, 2.0, 13.5, 5.0 ], "rotation": 90 },
								"east": { "texture": "#trunk", "uv": [ 3.5, 5.5, 4.5, 6.5 ], "windMode": [-1,-1,-1,-1] },
								"south": { "texture": "#trunk", "uv": [ 10.5, 11.0, 11.5, 14.0 ], "rotation": 90 },
								"west": { "texture": "#trunk", "uv": [ 6.5, 5.0, 7.5, 6.0 ] },
								"up": { "texture": "#trunk", "uv": [ 12.0, 1.0, 13.0, 4.0 ], "rotation": 90 },
								"down": { "texture": "#trunk", "uv": [ 12.5, 10.0, 13.5, 13.0 ], "rotation": 90 }
							},
							"children": [
								{
									"name": "wattleB11",
									"from": [ 0.0065, 0.0429, 0.8476 ], 
									"to": [ 5.6065, 1.0829, 1.8876 ], 
									"rotationOrigin": [ 0.0065, 0.0429, 0.8476 ],
									"rotationX": -173.911,
									"rotationY": 86.998,
									"rotationZ": 175.307,
									"faces": {
										"north": { "texture": "#trunk", "uv": [ 11.5, 5.0, 12.5, 10.5 ], "rotation": 90 },
										"east": { "texture": "#trunk", "uv": [ 0.0, 0.0, 1.0, 1.0 ], "enabled": false },
										"south": { "texture": "#trunk", "uv": [ 12.5, 8.0, 13.5, 13.5 ], "rotation": 90 },
										"west": { "texture": "#trunk", "uv": [ 2.5, 6.0, 3.5, 7.0 ] },
										"up": { "texture": "#trunk", "uv": [ 13.0, 9.5, 14.0, 15.0 ], "rotation": 90 },
										"down": { "texture": "#trunk", "uv": [ 13.5, 2.0, 14.5, 7.5 ], "rotation": 90 }
									}
								},
								{
									"name": "wattleB14",
									"from": [ 10.0, 0.0, 0.0 ], 
									"to": [ 10.6, 1.0, 1.0 ], 
									"rotationOrigin": [ 10.6, 0.0016, 0.0 ],
									"faces": {
										"north": { "texture": "#trunk", "uv": [ 14.0, 0.5, 15.0, 1.0 ], "rotation": 90 },
										"east": { "texture": "#trunk", "uv": [ 0.0, 0.0, 1.0, 1.0 ], "enabled": false },
										"south": { "texture": "#trunk", "uv": [ 10.5, 12.5, 11.5, 13.0 ], "rotation": 90 },
										"west": { "texture": "#trunk", "uv": [ 6.0, 5.5, 7.0, 6.5 ] },
										"up": { "texture": "#trunk", "uv": [ 13.0, 1.5, 14.0, 2.0 ], "rotation": 90 },
										"down": { "texture": "#trunk", "uv": [ 14.5, 12.5, 15.5, 13.0 ], "rotation": 90 }
									}
								}
							]
						},
						{
							"name": "wattleB12",
							"from": [ -2.2832, 14.04, -0.3917 ], 
							"to": [ 8.3168, 15.04, 0.6083 ], 
							"rotationOrigin": [ 8.3168, 14.0416, -0.3917 ],
							"rotationX": -0.877,
							"rotationY": -19.0,
							"rotationZ": 0.288,
							"faces": {
								"north": { "texture": "#trunk", "uv": [ 11.0, 5.5, 12.0, 16.0 ], "rotation": 90 },
								"east": { "texture": "#trunk", "uv": [ 0.0, 0.0, 1.0, 1.0 ], "enabled": false },
								"south": { "texture": "#trunk", "uv": [ 11.5, 2.5, 12.5, 13.0 ], "rotation": 90 },
								"west": { "texture": "#trunk", "uv": [ 6.5, 3.0, 7.5, 4.0 ] },
								"up": { "texture": "#trunk", "uv": [ 13.5, 5.5, 14.5, 16.0 ], "rotation": 90 },
								"down": { "texture": "#trunk", "uv": [ 15.0, 3.5, 16.0, 14.0 ], "rotation": 90 }
							},
							"children": [
								{
									"name": "wattleB13",
									"from": [ 0.0065, 0.0429, 0.8476 ], 
									"to": [ 5.6065, 1.0829, 1.8876 ], 
									"rotationOrigin": [ 0.0065, 0.0429, 0.8476 ],
									"rotationX": -173.911,
									"rotationY": 86.998,
									"rotationZ": 175.307,
									"faces": {
										"north": { "texture": "#trunk", "uv": [ 10.5, 2.5, 11.5, 8.0 ], "rotation": 90 },
										"east": { "texture": "#trunk", "uv": [ 0.0, 0.0, 1.0, 1.0 ], "enabled": false },
										"south": { "texture": "#trunk", "uv": [ 12.5, 2.0, 13.5, 7.5 ], "rotation": 90 },
										"west": { "texture": "#trunk", "uv": [ 1.0, 5.5, 2.0, 6.5 ] },
										"up": { "texture": "#trunk", "uv": [ 12.0, 7.0, 13.0, 12.5 ], "rotation": 90 },
										"down": { "texture": "#trunk", "uv": [ 13.0, 9.5, 14.0, 15.0 ], "rotation": 90 }
									}
								}
							]
						}
					]
				},
				{
					"name": "OFFSETA",
					"from": [ 0.0, -0.25, 0.0 ], 
					"to": [ 0.0, -0.25, 0.0 ], 
					"faces": {
						"north": { "texture": "#trunk", "uv": [ 0.0, 0.0, 0.5, 0.5 ], "enabled": false },
						"east": { "texture": "#trunk", "uv": [ 0.0, 0.0, 0.5, 0.5 ], "enabled": false },
						"south": { "texture": "#trunk", "uv": [ 0.0, 0.0, 0.5, 0.5 ], "enabled": false },
						"west": { "texture": "#trunk", "uv": [ 0.0, 0.0, 0.5, 0.5 ], "enabled": false },
						"up": { "texture": "#trunk", "uv": [ 0.0, 0.0, 0.5, 0.5 ], "enabled": false },
						"down": { "texture": "#trunk", "uv": [ 0.0, 0.0, 0.5, 0.5 ], "enabled": false }
					},
					"children": [
						{
							"name": "wattleA5",
							"from": [ -3.0388, 1.0092, -2.9756 ], 
							"to": [ 2.5612, 2.0492, -1.9356 ], 
							"rotationOrigin": [ -3.0388, 1.0092, -1.9756 ],
							"rotationX": -179.118,
							"rotationY": -16.002,
							"rotationZ": 179.713,
							"faces": {
								"north": { "texture": "#trunk", "uv": [ 11.5, 7.0, 12.5, 12.5 ], "rotation": 90 },
								"east": { "texture": "#trunk", "uv": [ 0.0, 0.0, 1.0, 1.0 ], "enabled": false },
								"south": { "texture": "#trunk", "uv": [ 14.5, 4.5, 15.5, 10.0 ], "rotation": 90 },
								"west": { "texture": "#trunk", "uv": [ 5.0, 2.0, 6.0, 3.0 ] },
								"up": { "texture": "#trunk", "uv": [ 10.0, 0.5, 11.0, 6.0 ], "rotation": 90 },
								"down": { "texture": "#trunk", "uv": [ 12.5, 0.0, 13.5, 5.5 ], "rotation": 90 }
							},
							"children": [
								{
									"name": "wattleA4",
									"from": [ -10.3078, 0.1091, -10.6228 ], 
									"to": [ 0.2922, 1.1091, -9.6228 ], 
									"rotationOrigin": [ 0.2922, 0.1091, -9.6228 ],
									"rotationX": -154.998,
									"rotationY": 86.703,
									"rotationZ": 155.28,
									"faces": {
										"north": { "texture": "#trunk", "uv": [ 12.5, 4.5, 13.5, 15.0 ], "rotation": 90 },
										"east": { "texture": "#trunk", "uv": [ 0.0, 0.0, 1.0, 1.0 ], "enabled": false },
										"south": { "texture": "#trunk", "uv": [ 14.0, 5.0, 15.0, 15.5 ], "rotation": 90 },
										"west": { "texture": "#trunk", "uv": [ 3.5, 6.0, 4.5, 7.0 ], "windMode": [-1,-1,-1,-1] },
										"up": { "texture": "#trunk", "uv": [ 14.5, 5.0, 15.5, 15.5 ], "rotation": 90 },
										"down": { "texture": "#trunk", "uv": [ 10.0, 5.5, 11.0, 16.0 ], "rotation": 90 }
									}
								}
							]
						},
						{
							"name": "wattleA6",
							"from": [ -3.0388, 4.01, -2.9756 ], 
							"to": [ 2.5612, 5.05, -1.9356 ], 
							"rotationOrigin": [ -3.0388, 4.0092, -1.9756 ],
							"rotationX": -179.118,
							"rotationY": -16.002,
							"rotationZ": 179.713,
							"faces": {
								"north": { "texture": "#trunk", "uv": [ 10.0, 0.5, 11.0, 6.0 ], "rotation": 90 },
								"east": { "texture": "#trunk", "uv": [ 0.0, 0.0, 1.0, 1.0 ], "enabled": false },
								"south": { "texture": "#trunk", "uv": [ 13.0, 5.5, 14.0, 11.0 ], "rotation": 90 },
								"west": { "texture": "#trunk", "uv": [ 6.5, 3.5, 7.5, 4.5 ] },
								"up": { "texture": "#trunk", "uv": [ 12.5, 10.5, 13.5, 16.0 ], "rotation": 90 },
								"down": { "texture": "#trunk", "uv": [ 15.0, 8.0, 16.0, 13.5 ], "rotation": 90 }
							},
							"children": [
								{
									"name": "wattleA14",
									"from": [ -0.2078, 0.1091, -10.6228 ], 
									"to": [ 0.2922, 1.1091, -9.6228 ], 
									"rotationOrigin": [ 0.2922, 0.1091, -9.6228 ],
									"rotationX": -154.998,
									"rotationY": 86.703,
									"rotationZ": 155.28,
									"faces": {
										"north": { "texture": "#trunk", "uv": [ 10.5, 2.5, 11.5, 3.0 ], "rotation": 90 },
										"east": { "texture": "#trunk", "uv": [ 0.0, 0.0, 1.0, 1.0 ], "enabled": false },
										"south": { "texture": "#trunk", "uv": [ 14.5, 12.5, 15.5, 13.0 ], "rotation": 90 },
										"west": { "texture": "#trunk", "uv": [ 2.0, 3.0, 3.0, 4.0 ] },
										"up": { "texture": "#trunk", "uv": [ 11.5, 5.0, 12.5, 5.5 ], "rotation": 90 },
										"down": { "texture": "#trunk", "uv": [ 12.5, 5.5, 13.5, 6.0 ], "rotation": 90 }
									}
								},
								{
									"name": "wattleA15",
									"from": [ 0.8219, 0.0634, -0.0318 ], 
									"to": [ 9.3219, 1.0634, 0.9682 ], 
									"rotationOrigin": [ 0.8219, 1.0634, 0.9682 ],
									"rotationX": -154.998,
									"rotationY": 86.703,
									"rotationZ": 149.28,
									"faces": {
										"north": { "texture": "#trunk", "uv": [ 11.5, 3.0, 12.5, 11.5 ], "rotation": 90 },
										"east": { "texture": "#trunk", "uv": [ 7.5, 3.5, 8.5, 4.5 ], "windMode": [-1,-1,-1,-1] },
										"south": { "texture": "#trunk", "uv": [ 12.5, 3.5, 13.5, 12.0 ], "rotation": 90 },
										"west": { "texture": "#trunk", "uv": [ 6.5, 4.5, 7.5, 5.5 ] },
										"up": { "texture": "#trunk", "uv": [ 14.0, 4.0, 15.0, 12.5 ], "rotation": 90 },
										"down": { "texture": "#trunk", "uv": [ 13.5, 0.0, 14.5, 8.5 ], "rotation": 90 }
									}
								}
							]
						},
						{
							"name": "wattleA8",
							"from": [ -3.0388, 7.01, -2.9756 ], 
							"to": [ 2.5612, 8.05, -1.9356 ], 
							"rotationOrigin": [ -3.0388, 7.0092, -1.9756 ],
							"rotationX": -179.118,
							"rotationY": -16.002,
							"rotationZ": 179.713,
							"faces": {
								"north": { "texture": "#trunk", "uv": [ 10.5, 9.0, 11.5, 14.5 ], "rotation": 90 },
								"east": { "texture": "#trunk", "uv": [ 0.0, 0.0, 1.0, 1.0 ], "enabled": false },
								"south": { "texture": "#trunk", "uv": [ 11.0, 10.5, 12.0, 16.0 ], "rotation": 90 },
								"west": { "texture": "#trunk", "uv": [ 6.0, 5.0, 7.0, 6.0 ] },
								"up": { "texture": "#trunk", "uv": [ 13.0, 0.0, 14.0, 5.5 ], "rotation": 90 },
								"down": { "texture": "#trunk", "uv": [ 14.5, 7.5, 15.5, 13.0 ], "rotation": 90 }
							},
							"children": [
								{
									"name": "wattleA9",
									"from": [ -10.3078, 0.1091, -10.6228 ], 
									"to": [ 0.2922, 1.1091, -9.6228 ], 
									"rotationOrigin": [ 0.2922, 0.1091, -9.6228 ],
									"rotationX": -154.998,
									"rotationY": 86.703,
									"rotationZ": 155.28,
									"faces": {
										"north": { "texture": "#trunk", "uv": [ 11.5, 5.5, 12.5, 16.0 ], "rotation": 90 },
										"east": { "texture": "#trunk", "uv": [ 0.0, 0.0, 1.0, 1.0 ], "enabled": false },
										"south": { "texture": "#trunk", "uv": [ 12.5, 5.0, 13.5, 15.5 ], "rotation": 90 },
										"west": { "texture": "#trunk", "uv": [ 7.5, 5.5, 8.5, 6.5 ] },
										"up": { "texture": "#trunk", "uv": [ 13.5, 1.0, 14.5, 11.5 ], "rotation": 90 },
										"down": { "texture": "#trunk", "uv": [ 15.0, 5.5, 16.0, 16.0 ], "rotation": 90 }
									}
								}
							]
						},
						{
							"name": "wattleA10",
							"from": [ -3.0388, 10.01, -2.9756 ], 
							"to": [ 2.5612, 11.05, -1.9356 ], 
							"rotationOrigin": [ -3.0388, 10.0092, -1.9756 ],
							"rotationX": -179.118,
							"rotationY": -16.002,
							"rotationZ": 179.713,
							"faces": {
								"north": { "texture": "#trunk", "uv": [ 10.5, 9.0, 11.5, 14.5 ], "rotation": 90 },
								"east": { "texture": "#trunk", "uv": [ 0.0, 0.0, 1.0, 1.0 ], "enabled": false },
								"south": { "texture": "#trunk", "uv": [ 13.0, 8.5, 14.0, 14.0 ], "rotation": 90 },
								"west": { "texture": "#trunk", "uv": [ 7.5, 1.5, 8.5, 2.5 ] },
								"up": { "texture": "#trunk", "uv": [ 11.5, 0.0, 12.5, 5.5 ], "rotation": 90 },
								"down": { "texture": "#trunk", "uv": [ 11.5, 4.0, 12.5, 9.5 ], "rotation": 90 }
							},
							"children": [
								{
									"name": "wattleA11",
									"from": [ -10.3078, 0.1091, -10.6228 ], 
									"to": [ 0.2922, 1.1091, -9.6228 ], 
									"rotationOrigin": [ 0.2922, 0.1091, -9.6228 ],
									"rotationX": -154.998,
									"rotationY": 86.703,
									"rotationZ": 155.28,
									"faces": {
										"north": { "texture": "#trunk", "uv": [ 12.0, 3.0, 13.0, 13.5 ], "rotation": 90 },
										"east": { "texture": "#trunk", "uv": [ 0.0, 0.0, 1.0, 1.0 ], "enabled": false },
										"south": { "texture": "#trunk", "uv": [ 13.5, 3.0, 14.5, 13.5 ], "rotation": 90 },
										"west": { "texture": "#trunk", "uv": [ 5.0, 7.0, 6.0, 8.0 ] },
										"up": { "texture": "#trunk", "uv": [ 15.0, 5.5, 16.0, 16.0 ], "rotation": 90 },
										"down": { "texture": "#trunk", "uv": [ 10.0, 0.0, 11.0, 10.5 ], "rotation": 90 }
									}
								}
							]
						},
						{
							"name": "wattleA12",
							"from": [ -3.0388, 13.01, -2.9756 ], 
							"to": [ 2.5612, 14.05, -1.9356 ], 
							"rotationOrigin": [ -3.0388, 13.0092, -1.9756 ],
							"rotationX": -179.118,
							"rotationY": -16.002,
							"rotationZ": 179.713,
							"faces": {
								"north": { "texture": "#trunk", "uv": [ 12.0, 7.5, 13.0, 13.0 ], "rotation": 90 },
								"east": { "texture": "#trunk", "uv": [ 0.0, 0.0, 1.0, 1.0 ], "enabled": false },
								"south": { "texture": "#trunk", "uv": [ 13.0, 7.0, 14.0, 12.5 ], "rotation": 90 },
								"west": { "texture": "#trunk", "uv": [ 2.0, 5.5, 3.0, 6.5 ] },
								"up": { "texture": "#trunk", "uv": [ 11.5, 9.5, 12.5, 15.0 ], "rotation": 90 },
								"down": { "texture": "#trunk", "uv": [ 13.0, 2.0, 14.0, 7.5 ], "rotation": 90 }
							},
							"children": [
								{
									"name": "wattleA13",
									"from": [ -10.3078, 0.1091, -10.6228 ], 
									"to": [ 0.2922, 1.1091, -9.6228 ], 
									"rotationOrigin": [ 0.2922, 0.1091, -9.6228 ],
									"rotationX": -154.998,
									"rotationY": 86.703,
									"rotationZ": 155.28,
									"faces": {
										"north": { "texture": "#trunk", "uv": [ 11.0, 4.5, 12.0, 15.0 ], "rotation": 90 },
										"east": { "texture": "#trunk", "uv": [ 0.0, 0.0, 1.0, 1.0 ], "enabled": false },
										"south": { "texture": "#trunk", "uv": [ 12.5, 5.5, 13.5, 16.0 ], "rotation": 90 },
										"west": { "texture": "#trunk", "uv": [ 6.0, 6.0, 7.0, 7.0 ] },
										"up": { "texture": "#trunk", "uv": [ 14.0, 0.0, 15.0, 10.5 ], "rotation": 90 },
										"down": { "texture": "#trunk", "uv": [ 11.0, 0.0, 12.0, 10.5 ], "rotation": 90 }
									}
								}
							]
						}
					]
				}
			]
		}
	]}