{
	"editor": {
		"allAngles": true,
		"entityTextureMode": false
	},
	"textureWidth": 16,
	"textureHeight": 16,
	"textureSizes": {
	},
	"textures": {
	},
	"elements": [
		{
			"name": "ORIGIN",
			"from": [ 8.0, 0.0, 8.0 ], 
			"to": [ 8.0, 0.0, 8.0 ], 
			"rotationOrigin": [ 8.0, 0.0, 8.0 ],
			"faces": {
				"north": { "texture": "#trunk", "uv": [ 0.0, 0.0, 0.5, 0.5 ], "enabled": false },
				"east": { "texture": "#trunk", "uv": [ 0.0, 0.0, 0.5, 0.5 ], "enabled": false },
				"south": { "texture": "#trunk", "uv": [ 0.0, 0.0, 0.5, 0.5 ], "enabled": false },
				"west": { "texture": "#trunk", "uv": [ 0.0, 0.0, 0.5, 0.5 ], "enabled": false },
				"up": { "texture": "#trunk", "uv": [ 0.0, 0.0, 0.5, 0.5 ], "enabled": false },
				"down": { "texture": "#trunk", "uv": [ 0.0, 0.0, 0.5, 0.5 ], "enabled": false }
			},
			"children": [
				{
					"name": "post2",
					"from": [ -0.8, 0.0, -0.8 ], 
					"to": [ 0.8, 16.0, 0.8 ], 
					"rotationOrigin": [ 0.0, 0.0, 0.0 ],
					"rotationY": 45.0,
					"faces": {
						"north": { "texture": "#trunk", "uv": [ 11.0, 0.0, 12.5, 16.0 ], "windMode": [-1,-1,-1,-1] },
						"east": { "texture": "#trunk", "uv": [ 12.0, 0.0, 13.5, 16.0 ] },
						"south": { "texture": "#trunk", "uv": [ 10.0, 0.0, 11.5, 16.0 ], "windMode": [-1,-1,-1,-1] },
						"west": { "texture": "#trunk", "uv": [ 13.0, 0.5, 14.5, 16.5 ], "windMode": [-1,-1,-1,-1] },
						"up": { "texture": "#trunk", "uv": [ 6.5, 5.0, 8.0, 6.5 ] },
						"down": { "texture": "#trunk", "uv": [ 2.5, 2.5, 4.0, 4.0 ] }
					}
				},
				{
					"name": "post1",
					"from": [ -4.8, 0.0, -0.8 ], 
					"to": [ -3.2, 16.0, 0.8 ], 
					"rotationOrigin": [ -4.0, 0.0, 0.0 ],
					"rotationY": -45.0,
					"faces": {
						"north": { "texture": "#trunk", "uv": [ 13.0, 0.0, 14.5, 16.0 ] },
						"east": { "texture": "#trunk", "uv": [ 14.5, 0.0, 16.0, 16.0 ], "windMode": [-1,-1,-1,-1] },
						"south": { "texture": "#trunk", "uv": [ 10.5, 0.0, 12.0, 16.0 ], "windMode": [-1,-1,-1,-1] },
						"west": { "texture": "#trunk", "uv": [ 11.5, 0.0, 13.0, 16.0 ], "windMode": [-1,-1,-1,-1] },
						"up": { "texture": "#trunk", "uv": [ 7.5, 5.5, 9.0, 7.0 ] },
						"down": { "texture": "#trunk", "uv": [ 2.5, 7.0, 4.0, 8.5 ] }
					}
				},
				{
					"name": "OFFSETB",
					"from": [ 0.0, 0.25, 0.0 ], 
					"to": [ 0.0, 0.25, 0.0 ], 
					"rotationOrigin": [ 0.0, 0.2, 0.0 ],
					"rotationY": 180.0,
					"faces": {
						"north": { "texture": "#trunk", "uv": [ 14.0, 9.5, 14.5, 10.0 ] },
						"east": { "texture": "#trunk", "uv": [ 4.5, 10.0, 5.0, 10.5 ] },
						"south": { "texture": "#trunk", "uv": [ 12.5, 9.0, 13.0, 9.5 ] },
						"west": { "texture": "#trunk", "uv": [ 15.0, 11.5, 15.5, 12.0 ] },
						"up": { "texture": "#trunk", "uv": [ 15.0, 2.0, 15.5, 2.5 ] },
						"down": { "texture": "#trunk", "uv": [ 13.0, 6.5, 13.5, 7.0 ] }
					},
					"children": [
						{
							"name": "wattleB1",
							"from": [ 3.9912, 2.0, -1.6317 ], 
							"to": [ 8.4912, 3.0, -0.6317 ], 
							"rotationOrigin": [ 3.9912, 2.0, -1.6317 ],
							"rotationX": -0.882,
							"rotationY": -16.002,
							"rotationZ": 0.287,
							"faces": {
								"north": { "texture": "#trunk", "uv": [ 11.5, 9.5, 12.5, 14.0 ], "rotation": 90 },
								"east": { "texture": "#trunk", "uv": [ 0.0, 0.0, 1.0, 1.0 ], "enabled": false },
								"south": { "texture": "#trunk", "uv": [ 14.0, 8.0, 15.0, 12.5 ], "rotation": 90 },
								"west": { "texture": "#trunk", "uv": [ 0.0, 0.0, 1.0, 1.0 ], "enabled": false },
								"up": { "texture": "#trunk", "uv": [ 14.5, 11.0, 15.5, 15.5 ], "rotation": 90 },
								"down": { "texture": "#trunk", "uv": [ 12.5, 1.0, 13.5, 5.5 ], "rotation": 90 }
							},
							"children": [
								{
									"name": "wattleB2",
									"from": [ 0.0, 0.0, -1.0 ], 
									"to": [ 6.0, 1.0, 0.0 ], 
									"rotationOrigin": [ 0.0, 0.0, 0.0 ],
									"rotationX": 0.1,
									"rotationY": -133.0,
									"faces": {
										"north": { "texture": "#trunk", "uv": [ 12.5, 8.5, 13.5, 14.5 ], "rotation": 90 },
										"east": { "texture": "#trunk", "uv": [ 4.5, 5.0, 5.5, 6.0 ], "windMode": [-1,-1,-1,-1] },
										"south": { "texture": "#trunk", "uv": [ 11.5, 7.0, 12.5, 13.0 ], "rotation": 90 },
										"west": { "texture": "#trunk", "uv": [ 0.0, 0.0, 1.0, 1.0 ], "enabled": false },
										"up": { "texture": "#trunk", "uv": [ 12.0, 9.0, 13.0, 15.0 ], "rotation": 90 },
										"down": { "texture": "#trunk", "uv": [ 14.5, 1.5, 15.5, 7.5 ], "rotation": 90 }
									}
								}
							]
						},
						{
							"name": "wattleB3",
							"from": [ 3.9912, 5.0, -1.6317 ], 
							"to": [ 8.4912, 6.0, -0.6317 ], 
							"rotationOrigin": [ 3.9912, 5.0, -1.6317 ],
							"rotationX": -0.882,
							"rotationY": -16.002,
							"rotationZ": 0.287,
							"faces": {
								"north": { "texture": "#trunk", "uv": [ 10.5, 2.5, 11.5, 7.0 ], "rotation": 90 },
								"east": { "texture": "#trunk", "uv": [ 0.0, 0.0, 1.0, 1.0 ], "enabled": false },
								"south": { "texture": "#trunk", "uv": [ 12.0, 3.5, 13.0, 8.0 ], "rotation": 90 },
								"west": { "texture": "#trunk", "uv": [ 0.0, 0.0, 1.0, 1.0 ], "enabled": false },
								"up": { "texture": "#trunk", "uv": [ 13.0, 6.0, 14.0, 10.5 ], "rotation": 90 },
								"down": { "texture": "#trunk", "uv": [ 13.5, 7.0, 14.5, 11.5 ], "rotation": 90 }
							},
							"children": [
								{
									"name": "wattleB4",
									"from": [ 0.0, 0.0, -1.0 ], 
									"to": [ 6.0, 1.0, 0.0 ], 
									"rotationOrigin": [ 0.0, 0.0, 0.0 ],
									"rotationX": 0.1,
									"rotationY": -133.0,
									"faces": {
										"north": { "texture": "#trunk", "uv": [ 12.0, 2.0, 13.0, 8.0 ], "rotation": 90 },
										"east": { "texture": "#trunk", "uv": [ 2.5, 7.0, 3.5, 8.0 ] },
										"south": { "texture": "#trunk", "uv": [ 11.0, 7.5, 12.0, 13.5 ], "rotation": 90 },
										"west": { "texture": "#trunk", "uv": [ 0.0, 0.0, 1.0, 1.0 ], "enabled": false },
										"up": { "texture": "#trunk", "uv": [ 11.5, 8.0, 12.5, 14.0 ], "rotation": 90 },
										"down": { "texture": "#trunk", "uv": [ 13.5, 6.5, 14.5, 12.5 ], "rotation": 90 }
									}
								}
							]
						},
						{
							"name": "wattleB5",
							"from": [ 3.9912, 8.0, -1.6317 ], 
							"to": [ 8.4912, 9.0, -0.6317 ], 
							"rotationOrigin": [ 3.9912, 8.0, -1.6317 ],
							"rotationX": -0.882,
							"rotationY": -16.002,
							"rotationZ": 0.287,
							"faces": {
								"north": { "texture": "#trunk", "uv": [ 10.0, 10.5, 11.0, 15.0 ], "rotation": 90 },
								"east": { "texture": "#trunk", "uv": [ 0.0, 0.0, 1.0, 1.0 ], "enabled": false },
								"south": { "texture": "#trunk", "uv": [ 11.5, 6.0, 12.5, 10.5 ], "rotation": 90 },
								"west": { "texture": "#trunk", "uv": [ 0.0, 0.0, 1.0, 1.0 ], "enabled": false },
								"up": { "texture": "#trunk", "uv": [ 13.5, 7.0, 14.5, 11.5 ], "rotation": 90 },
								"down": { "texture": "#trunk", "uv": [ 12.5, 8.5, 13.5, 13.0 ], "rotation": 90 }
							},
							"children": [
								{
									"name": "wattleB6",
									"from": [ 0.0, 0.0, -1.0 ], 
									"to": [ 6.0, 1.0, 0.0 ], 
									"rotationOrigin": [ 0.0, 0.0, 0.0 ],
									"rotationX": 0.1,
									"rotationY": -133.0,
									"faces": {
										"north": { "texture": "#trunk", "uv": [ 11.5, 5.0, 12.5, 11.0 ], "rotation": 90 },
										"east": { "texture": "#trunk", "uv": [ 6.0, 4.5, 7.0, 5.5 ] },
										"south": { "texture": "#trunk", "uv": [ 12.5, 7.5, 13.5, 13.5 ], "rotation": 90 },
										"west": { "texture": "#trunk", "uv": [ 0.0, 0.0, 1.0, 1.0 ], "enabled": false },
										"up": { "texture": "#trunk", "uv": [ 11.0, 9.0, 12.0, 15.0 ], "rotation": 90 },
										"down": { "texture": "#trunk", "uv": [ 14.0, 8.5, 15.0, 14.5 ], "rotation": 90 }
									}
								}
							]
						},
						{
							"name": "wattleB7",
							"from": [ 3.9912, 11.0, -1.6317 ], 
							"to": [ 8.4912, 12.0, -0.6317 ], 
							"rotationOrigin": [ 3.9912, 11.0, -1.6317 ],
							"rotationX": -0.882,
							"rotationY": -16.002,
							"rotationZ": 0.287,
							"faces": {
								"north": { "texture": "#trunk", "uv": [ 14.0, 8.5, 15.0, 13.0 ], "rotation": 90 },
								"east": { "texture": "#trunk", "uv": [ 0.0, 0.0, 1.0, 1.0 ], "enabled": false },
								"south": { "texture": "#trunk", "uv": [ 11.0, 9.5, 12.0, 14.0 ], "rotation": 90 },
								"west": { "texture": "#trunk", "uv": [ 0.0, 0.0, 1.0, 1.0 ], "enabled": false },
								"up": { "texture": "#trunk", "uv": [ 13.0, 7.0, 14.0, 11.5 ], "rotation": 90 },
								"down": { "texture": "#trunk", "uv": [ 13.5, 10.5, 14.5, 15.0 ], "rotation": 90 }
							},
							"children": [
								{
									"name": "wattleB8",
									"from": [ 0.0, 0.0, -1.0 ], 
									"to": [ 6.0, 1.0, 0.0 ], 
									"rotationOrigin": [ 0.0, 0.0, 0.0 ],
									"rotationX": 0.1,
									"rotationY": -133.0,
									"faces": {
										"north": { "texture": "#trunk", "uv": [ 13.5, 7.5, 14.5, 13.5 ], "rotation": 90 },
										"east": { "texture": "#trunk", "uv": [ 7.5, 3.5, 8.5, 4.5 ] },
										"south": { "texture": "#trunk", "uv": [ 12.0, 9.5, 13.0, 15.5 ], "rotation": 90 },
										"west": { "texture": "#trunk", "uv": [ 0.0, 0.0, 1.0, 1.0 ], "enabled": false },
										"up": { "texture": "#trunk", "uv": [ 14.0, 9.0, 15.0, 15.0 ], "rotation": 90 },
										"down": { "texture": "#trunk", "uv": [ 12.5, 0.5, 13.5, 6.5 ], "rotation": 90 }
									}
								}
							]
						},
						{
							"name": "wattleB9",
							"from": [ 3.9912, 14.0, -1.6317 ], 
							"to": [ 8.4912, 15.0, -0.6317 ], 
							"rotationOrigin": [ 3.9912, 14.0, -1.6317 ],
							"rotationX": -0.882,
							"rotationY": -16.002,
							"rotationZ": 0.287,
							"faces": {
								"north": { "texture": "#trunk", "uv": [ 11.0, 7.5, 12.0, 12.0 ], "rotation": 90 },
								"east": { "texture": "#trunk", "uv": [ 0.0, 0.0, 1.0, 1.0 ], "enabled": false },
								"south": { "texture": "#trunk", "uv": [ 11.0, 4.0, 12.0, 8.5 ], "rotation": 90 },
								"west": { "texture": "#trunk", "uv": [ 0.0, 0.0, 1.0, 1.0 ], "enabled": false },
								"up": { "texture": "#trunk", "uv": [ 13.5, 9.5, 14.5, 14.0 ], "rotation": 90 },
								"down": { "texture": "#trunk", "uv": [ 14.5, 5.5, 15.5, 10.0 ], "rotation": 90 }
							},
							"children": [
								{
									"name": "wattleB10",
									"from": [ 0.0, 0.0, -1.0 ], 
									"to": [ 6.0, 1.0, 0.0 ], 
									"rotationOrigin": [ 0.0, 0.0, 0.0 ],
									"rotationX": 0.1,
									"rotationY": -133.0,
									"faces": {
										"north": { "texture": "#trunk", "uv": [ 11.0, 2.0, 12.0, 8.0 ], "rotation": 90 },
										"east": { "texture": "#trunk", "uv": [ 7.0, 2.5, 8.0, 3.5 ] },
										"south": { "texture": "#trunk", "uv": [ 12.0, 1.0, 13.0, 7.0 ], "rotation": 90 },
										"west": { "texture": "#trunk", "uv": [ 0.0, 0.0, 1.0, 1.0 ], "enabled": false },
										"up": { "texture": "#trunk", "uv": [ 11.5, 8.0, 12.5, 14.0 ], "rotation": 90 },
										"down": { "texture": "#trunk", "uv": [ 13.5, 7.0, 14.5, 13.0 ], "rotation": 90 }
									}
								}
							]
						}
					]
				},
				{
					"name": "OFFSETA",
					"from": [ 0.0, -0.25, 0.0 ], 
					"to": [ 0.0, -0.25, 0.0 ], 
					"faces": {
						"north": { "texture": "#trunk", "uv": [ 0.0, 0.0, 0.5, 0.5 ], "enabled": false },
						"east": { "texture": "#trunk", "uv": [ 0.0, 0.0, 0.5, 0.5 ], "enabled": false },
						"south": { "texture": "#trunk", "uv": [ 0.0, 0.0, 0.5, 0.5 ], "enabled": false },
						"west": { "texture": "#trunk", "uv": [ 0.0, 0.0, 0.5, 0.5 ], "enabled": false },
						"up": { "texture": "#trunk", "uv": [ 0.0, 0.0, 0.5, 0.5 ], "enabled": false },
						"down": { "texture": "#trunk", "uv": [ 0.0, 0.0, 0.5, 0.5 ], "enabled": false }
					},
					"children": [
						{
							"name": "wattleA1",
							"from": [ -4.0, 1.0, -2.7 ], 
							"to": [ 0.6, 2.04, -1.66 ], 
							"rotationOrigin": [ -4.0, 1.0, -1.7 ],
							"rotationX": -179.118,
							"rotationY": -16.002,
							"rotationZ": 179.713,
							"faces": {
								"north": { "texture": "#trunk", "uv": [ 11.0, 2.5, 12.0, 7.0 ], "rotation": 90 },
								"east": { "texture": "#trunk", "uv": [ 0.0, 0.0, 1.0, 1.0 ], "enabled": false },
								"south": { "texture": "#trunk", "uv": [ 13.5, 0.0, 14.5, 4.5 ], "rotation": 90 },
								"west": { "texture": "#trunk", "uv": [ 0.0, 0.0, 1.0, 1.0 ], "enabled": false },
								"up": { "texture": "#trunk", "uv": [ 12.0, 4.0, 13.0, 8.5 ], "rotation": 90 },
								"down": { "texture": "#trunk", "uv": [ 13.0, 7.5, 14.0, 12.0 ], "rotation": 90 }
							},
							"children": [
								{
									"name": "wattleA2",
									"from": [ 0.0, 0.0, 1.0 ], 
									"to": [ 6.0, 1.04, 2.04 ], 
									"rotationOrigin": [ 0.0, 0.0, 1.0 ],
									"rotationX": 0.1,
									"rotationY": 135.0,
									"faces": {
										"north": { "texture": "#trunk", "uv": [ 11.0, 10.0, 12.0, 16.0 ], "rotation": 90 },
										"east": { "texture": "#trunk", "uv": [ 4.0, 5.5, 5.0, 6.5 ], "windMode": [-1,-1,-1,-1] },
										"south": { "texture": "#trunk", "uv": [ 12.0, 9.5, 13.0, 15.5 ], "rotation": 90 },
										"west": { "texture": "#trunk", "uv": [ 0.0, 0.0, 1.0, 1.0 ], "enabled": false },
										"up": { "texture": "#trunk", "uv": [ 14.5, 8.0, 15.5, 14.0 ], "rotation": 90 },
										"down": { "texture": "#trunk", "uv": [ 12.5, 2.0, 13.5, 8.0 ], "rotation": 90 }
									}
								}
							]
						},
						{
							"name": "wattleA3",
							"from": [ -4.0, 4.0, -2.7 ], 
							"to": [ 0.6, 5.04, -1.66 ], 
							"rotationOrigin": [ -4.0, 4.0, -1.7 ],
							"rotationX": -179.118,
							"rotationY": -16.002,
							"rotationZ": 179.713,
							"faces": {
								"north": { "texture": "#trunk", "uv": [ 10.5, 1.0, 11.5, 5.5 ], "rotation": 90 },
								"east": { "texture": "#trunk", "uv": [ 0.0, 0.0, 1.0, 1.0 ], "enabled": false },
								"south": { "texture": "#trunk", "uv": [ 12.0, 0.0, 13.0, 4.5 ], "rotation": 90 },
								"west": { "texture": "#trunk", "uv": [ 0.0, 0.0, 1.0, 1.0 ], "enabled": false },
								"up": { "texture": "#trunk", "uv": [ 11.0, 1.5, 12.0, 6.0 ], "rotation": 90 },
								"down": { "texture": "#trunk", "uv": [ 12.0, 5.5, 13.0, 10.0 ], "rotation": 90 }
							},
							"children": [
								{
									"name": "wattleA4",
									"from": [ 0.0, 0.0, 1.0 ], 
									"to": [ 6.0, 1.04, 2.04 ], 
									"rotationOrigin": [ 0.0, 0.0, 1.0 ],
									"rotationX": 0.1,
									"rotationY": 135.0,
									"faces": {
										"north": { "texture": "#trunk", "uv": [ 11.0, 6.0, 12.0, 12.0 ], "rotation": 90 },
										"east": { "texture": "#trunk", "uv": [ 5.5, 1.0, 6.5, 2.0 ] },
										"south": { "texture": "#trunk", "uv": [ 12.5, 7.5, 13.5, 13.5 ], "rotation": 90 },
										"west": { "texture": "#trunk", "uv": [ 0.0, 0.0, 1.0, 1.0 ], "enabled": false },
										"up": { "texture": "#trunk", "uv": [ 14.0, 1.5, 15.0, 7.5 ], "rotation": 90 },
										"down": { "texture": "#trunk", "uv": [ 14.0, 7.5, 15.0, 13.5 ], "rotation": 90 }
									}
								}
							]
						},
						{
							"name": "wattleA5",
							"from": [ -4.0, 7.0, -2.7 ], 
							"to": [ 0.6, 8.04, -1.66 ], 
							"rotationOrigin": [ -4.0, 7.0, -1.7 ],
							"rotationX": -179.118,
							"rotationY": -16.002,
							"rotationZ": 179.713,
							"faces": {
								"north": { "texture": "#trunk", "uv": [ 12.0, 8.0, 13.0, 12.5 ], "rotation": 90 },
								"east": { "texture": "#trunk", "uv": [ 0.0, 0.0, 1.0, 1.0 ], "enabled": false },
								"south": { "texture": "#trunk", "uv": [ 12.5, 10.0, 13.5, 14.5 ], "rotation": 90 },
								"west": { "texture": "#trunk", "uv": [ 0.0, 0.0, 1.0, 1.0 ], "enabled": false },
								"up": { "texture": "#trunk", "uv": [ 13.0, 6.5, 14.0, 11.0 ], "rotation": 90 },
								"down": { "texture": "#trunk", "uv": [ 13.5, 7.5, 14.5, 12.0 ], "rotation": 90 }
							},
							"children": [
								{
									"name": "wattleA6",
									"from": [ 0.0, 0.0, 1.0 ], 
									"to": [ 6.0, 1.04, 2.04 ], 
									"rotationOrigin": [ 0.0, 0.0, 1.0 ],
									"rotationX": 0.1,
									"rotationY": 135.0,
									"faces": {
										"north": { "texture": "#trunk", "uv": [ 11.5, 9.5, 12.5, 15.5 ], "rotation": 90 },
										"east": { "texture": "#trunk", "uv": [ 4.0, 4.0, 5.0, 5.0 ] },
										"south": { "texture": "#trunk", "uv": [ 11.5, 1.0, 12.5, 7.0 ], "rotation": 90 },
										"west": { "texture": "#trunk", "uv": [ 0.0, 0.0, 1.0, 1.0 ], "enabled": false },
										"up": { "texture": "#trunk", "uv": [ 11.0, 8.5, 12.0, 14.5 ], "rotation": 90 },
										"down": { "texture": "#trunk", "uv": [ 15.0, 1.5, 16.0, 7.5 ], "rotation": 90 }
									}
								}
							]
						},
						{
							"name": "wattleA7",
							"from": [ -4.0, 10.0, -2.7 ], 
							"to": [ 0.6, 11.04, -1.66 ], 
							"rotationOrigin": [ -4.0, 10.0, -1.7 ],
							"rotationX": -179.118,
							"rotationY": -16.002,
							"rotationZ": 179.713,
							"faces": {
								"north": { "texture": "#trunk", "uv": [ 13.0, 9.5, 14.0, 14.0 ], "rotation": 90 },
								"east": { "texture": "#trunk", "uv": [ 0.0, 0.0, 1.0, 1.0 ], "enabled": false },
								"south": { "texture": "#trunk", "uv": [ 11.0, 5.0, 12.0, 9.5 ], "rotation": 90 },
								"west": { "texture": "#trunk", "uv": [ 0.0, 0.0, 1.0, 1.0 ], "enabled": false },
								"up": { "texture": "#trunk", "uv": [ 12.0, 10.5, 13.0, 15.0 ], "rotation": 90 },
								"down": { "texture": "#trunk", "uv": [ 11.0, 0.0, 12.0, 4.5 ], "rotation": 90 }
							},
							"children": [
								{
									"name": "wattleA8",
									"from": [ 0.0, 0.0, 1.0 ], 
									"to": [ 6.0, 1.04, 2.04 ], 
									"rotationOrigin": [ 0.0, 0.0, 1.0 ],
									"rotationX": 0.1,
									"rotationY": 135.0,
									"faces": {
										"north": { "texture": "#trunk", "uv": [ 13.5, 6.0, 14.5, 12.0 ], "rotation": 90 },
										"east": { "texture": "#trunk", "uv": [ 6.0, 4.5, 7.0, 5.5 ] },
										"south": { "texture": "#trunk", "uv": [ 14.0, 7.0, 15.0, 13.0 ], "rotation": 90 },
										"west": { "texture": "#trunk", "uv": [ 0.0, 0.0, 1.0, 1.0 ], "enabled": false },
										"up": { "texture": "#trunk", "uv": [ 14.0, 0.0, 15.0, 6.0 ], "rotation": 90 },
										"down": { "texture": "#trunk", "uv": [ 12.5, 9.5, 13.5, 15.5 ], "rotation": 90 }
									}
								}
							]
						},
						{
							"name": "wattleA9",
							"from": [ -4.0, 13.0, -2.7 ], 
							"to": [ 0.6, 14.04, -1.66 ], 
							"rotationOrigin": [ -4.0, 13.0, -1.7 ],
							"rotationX": -179.118,
							"rotationY": -16.002,
							"rotationZ": 179.713,
							"faces": {
								"north": { "texture": "#trunk", "uv": [ 12.0, 9.0, 13.0, 13.5 ], "rotation": 90 },
								"east": { "texture": "#trunk", "uv": [ 0.0, 0.0, 1.0, 1.0 ], "enabled": false },
								"south": { "texture": "#trunk", "uv": [ 11.5, 4.0, 12.5, 8.5 ], "rotation": 90 },
								"west": { "texture": "#trunk", "uv": [ 0.0, 0.0, 1.0, 1.0 ], "enabled": false },
								"up": { "texture": "#trunk", "uv": [ 11.5, 10.5, 12.5, 15.0 ], "rotation": 90 },
								"down": { "texture": "#trunk", "uv": [ 14.5, 10.0, 15.5, 14.5 ], "rotation": 90 }
							},
							"children": [
								{
									"name": "wattleA10",
									"from": [ 0.0, 0.0, 1.0 ], 
									"to": [ 6.0, 1.04, 2.04 ], 
									"rotationOrigin": [ 0.0, 0.0, 1.0 ],
									"rotationX": 0.1,
									"rotationY": 135.0,
									"faces": {
										"north": { "texture": "#trunk", "uv": [ 12.5, 10.0, 13.5, 16.0 ], "rotation": 90 },
										"east": { "texture": "#trunk", "uv": [ 8.0, 5.0, 9.0, 6.0 ] },
										"south": { "texture": "#trunk", "uv": [ 14.0, 8.5, 15.0, 14.5 ], "rotation": 90 },
										"west": { "texture": "#trunk", "uv": [ 0.0, 0.0, 1.0, 1.0 ], "enabled": false },
										"up": { "texture": "#trunk", "uv": [ 14.0, 8.0, 15.0, 14.0 ], "rotation": 90 },
										"down": { "texture": "#trunk", "uv": [ 11.0, 3.0, 12.0, 9.0 ], "rotation": 90 }
									}
								}
							]
						}
					]
				}
			]
		}
	]}