{
	"editor": {
		"allAngles": false,
		"entityTextureMode": false
	},
	"textureWidth": 16,
	"textureHeight": 16,
	"textureSizes": {
	},
	"textures": {
	},
	"elements": [
		{
			"name": "Cube1",
			"from": [ 0.0, 0.0, 0.0 ], 
			"to": [ 16.0, 16.0, 16.0 ], 
			"faces": {
				"north": { "texture": "#banyan_bark", "uv": [ 0.0, 0.0, 16.0, 16.0 ] },
				"east": { "texture": "#banyan_bark", "uv": [ 0.0, 0.0, 16.0, 16.0 ] },
				"south": { "texture": "#banyan_bark", "uv": [ 0.0, 0.0, 16.0, 16.0 ] },
				"west": { "texture": "#banyan_bark", "uv": [ 0.0, 0.0, 16.0, 16.0 ] },
				"up": { "texture": "#banyan_trunk", "uv": [ 0.0, 0.0, 16.0, 16.0 ] },
				"down": { "texture": "#banyan_trunk", "uv": [ 0.0, 0.0, 16.0, 16.0 ] }
			}
		},
		{
			"name": "Cube2",
			"from": [ 0.0, 16.0, 0.0 ], 
			"to": [ 2.0, 21.0, 1.0 ], 
			"rotationOrigin": [ 0.0, 16.0, 0.0 ],
			"faces": {
				"north": { "texture": "#banyan_bark", "uv": [ 14.0, 11.0, 16.0, 16.0 ] },
				"east": { "texture": "#banyan_bark", "uv": [ 15.0, 11.0, 16.0, 16.0 ] },
				"south": { "texture": "#banyan_bark", "uv": [ 0.0, 11.0, 2.0, 16.0 ] },
				"west": { "texture": "#banyan_bark", "uv": [ 0.0, 11.0, 1.0, 16.0 ] },
				"up": { "texture": "#banyan_bark", "uv": [ 0.0, 0.0, 2.0, 1.0 ] },
				"down": { "texture": "#banyan_bark", "uv": [ 0.0, 0.0, 2.0, 1.0 ] }
			}
		},
		{
			"name": "Cube3",
			"from": [ 2.0, 16.0, 0.0 ], 
			"to": [ 3.5, 20.0, 1.0 ], 
			"rotationOrigin": [ 2.0, 16.0, 0.0 ],
			"faces": {
				"north": { "texture": "#banyan_bark", "uv": [ 13.0, 12.0, 14.5, 16.0 ] },
				"east": { "texture": "#banyan_bark", "uv": [ 14.0, 12.0, 15.0, 16.0 ] },
				"south": { "texture": "#banyan_bark", "uv": [ 2.0, 11.5, 3.5, 15.5 ] },
				"west": { "texture": "#banyan_bark", "uv": [ 0.0, 0.0, 1.0, 4.0 ], "enabled": false },
				"up": { "texture": "#banyan_bark", "uv": [ 0.0, 0.0, 1.5, 1.0 ] },
				"down": { "texture": "#banyan_bark", "uv": [ 0.0, 0.0, 1.5, 1.0 ] }
			}
		},
		{
			"name": "Cube4",
			"from": [ 3.5, 16.0, 0.0 ], 
			"to": [ 5.0, 18.0, 1.0 ], 
			"rotationOrigin": [ 3.0, 16.0, 0.0 ],
			"faces": {
				"north": { "texture": "#banyan_bark", "uv": [ 11.0, 14.0, 12.5, 16.0 ] },
				"east": { "texture": "#banyan_bark", "uv": [ 0.0, 0.0, 1.0, 2.0 ] },
				"south": { "texture": "#banyan_bark", "uv": [ 3.0, 13.5, 4.5, 15.5 ] },
				"west": { "texture": "#banyan_bark", "uv": [ 0.0, 0.0, 1.0, 2.0 ] },
				"up": { "texture": "#banyan_bark", "uv": [ 0.0, 0.0, 1.5, 1.0 ] },
				"down": { "texture": "#banyan_bark", "uv": [ 0.0, 0.0, 1.5, 1.0 ] }
			}
		},
		{
			"name": "Cube5",
			"from": [ 0.0, 16.0, 1.0 ], 
			"to": [ 1.0, 21.0, 2.0 ], 
			"rotationOrigin": [ 0.0, 16.0, 1.0 ],
			"faces": {
				"north": { "texture": "#banyan_bark", "uv": [ 0.5, 11.0, 1.5, 16.0 ] },
				"east": { "texture": "#banyan_bark", "uv": [ 14.0, 11.0, 15.0, 16.0 ] },
				"south": { "texture": "#banyan_bark", "uv": [ 0.5, 0.0, 1.5, 5.0 ] },
				"west": { "texture": "#banyan_bark", "uv": [ 1.0, 10.5, 2.0, 15.5 ] },
				"up": { "texture": "#banyan_bark", "uv": [ 0.5, 1.5, 1.5, 2.5 ] },
				"down": { "texture": "#banyan_bark", "uv": [ 0.0, 0.0, 1.0, 1.0 ] }
			}
		},
		{
			"name": "Cube6",
			"from": [ 0.0, 16.0, 2.0 ], 
			"to": [ 1.0, 19.0, 4.0 ], 
			"rotationOrigin": [ 0.0, 16.0, 2.0 ],
			"faces": {
				"north": { "texture": "#banyan_bark", "uv": [ 0.0, 0.0, 1.0, 3.0 ] },
				"east": { "texture": "#banyan_bark", "uv": [ 12.0, 13.0, 14.0, 16.0 ] },
				"south": { "texture": "#banyan_bark", "uv": [ 0.0, 0.0, 1.0, 3.0 ] },
				"west": { "texture": "#banyan_bark", "uv": [ 2.0, 12.5, 4.0, 15.5 ] },
				"up": { "texture": "#banyan_bark", "uv": [ 0.0, 0.0, 1.0, 2.0 ] },
				"down": { "texture": "#banyan_bark", "uv": [ 0.0, 0.0, 1.0, 2.0 ] }
			}
		},
		{
			"name": "Cube7",
			"from": [ 0.0, 16.0, 4.0 ], 
			"to": [ 1.0, 17.0, 5.0 ], 
			"rotationOrigin": [ 0.0, 16.0, 4.0 ],
			"faces": {
				"north": { "texture": "#banyan_bark", "uv": [ 0.0, 0.0, 1.0, 1.0 ] },
				"east": { "texture": "#banyan_bark", "uv": [ 12.5, 14.5, 13.5, 15.5 ] },
				"south": { "texture": "#banyan_bark", "uv": [ 0.0, 0.0, 1.0, 1.0 ] },
				"west": { "texture": "#banyan_bark", "uv": [ 4.5, 14.5, 5.5, 15.5 ] },
				"up": { "texture": "#banyan_bark", "uv": [ 0.0, 0.0, 1.0, 1.0 ] },
				"down": { "texture": "#banyan_bark", "uv": [ 0.0, 0.0, 1.0, 1.0 ] }
			}
		},
		{
			"name": "Cube8",
			"from": [ 5.0, 16.0, 0.0 ], 
			"to": [ 8.5, 17.0, 1.0 ], 
			"rotationOrigin": [ 4.0, 16.0, 0.0 ],
			"faces": {
				"north": { "texture": "#banyan_bark", "uv": [ 7.5, 15.0, 11.0, 16.0 ] },
				"east": { "texture": "#banyan_bark", "uv": [ 0.0, 0.0, 1.0, 1.0 ] },
				"south": { "texture": "#banyan_bark", "uv": [ 4.0, 14.5, 7.5, 15.5 ] },
				"west": { "texture": "#banyan_bark", "uv": [ 0.0, 0.0, 1.0, 1.0 ] },
				"up": { "texture": "#banyan_bark", "uv": [ 0.0, 0.0, 3.5, 1.0 ] },
				"down": { "texture": "#banyan_bark", "uv": [ 0.0, 0.0, 3.5, 1.0 ] }
			}
		},
		{
			"name": "Cube9",
			"from": [ 14.5, 16.0, 0.0 ], 
			"to": [ 16.0, 18.0, 1.0 ], 
			"rotationOrigin": [ 14.0, 16.0, 0.0 ],
			"faces": {
				"north": { "texture": "#banyan_bark", "uv": [ 0.5, 14.0, 2.0, 16.0 ] },
				"east": { "texture": "#banyan_bark", "uv": [ 15.0, 14.0, 16.0, 16.0 ] },
				"south": { "texture": "#banyan_bark", "uv": [ 13.0, 14.0, 14.5, 16.0 ] },
				"west": { "texture": "#banyan_bark", "uv": [ 0.0, 0.0, 1.0, 2.0 ] },
				"up": { "texture": "#banyan_bark", "uv": [ 0.0, 0.0, 1.5, 1.0 ] },
				"down": { "texture": "#banyan_bark", "uv": [ 0.0, 0.0, 1.5, 1.0 ] }
			}
		},
		{
			"name": "Cube10",
			"from": [ 13.0, 16.0, 0.0 ], 
			"to": [ 14.5, 17.0, 1.0 ], 
			"rotationOrigin": [ 13.0, 16.0, 0.0 ],
			"faces": {
				"north": { "texture": "#banyan_bark", "uv": [ 2.0, 3.0, 3.5, 4.0 ] },
				"east": { "texture": "#banyan_bark", "uv": [ 0.0, 0.0, 1.0, 1.0 ] },
				"south": { "texture": "#banyan_bark", "uv": [ 11.5, 15.0, 13.0, 16.0 ] },
				"west": { "texture": "#banyan_bark", "uv": [ 0.0, 0.0, 1.0, 1.0 ] },
				"up": { "texture": "#banyan_bark", "uv": [ 0.0, 0.0, 1.5, 1.0 ] },
				"down": { "texture": "#banyan_bark", "uv": [ 0.0, 0.0, 1.5, 1.0 ] }
			}
		},
		{
			"name": "Cube11",
			"from": [ 15.0, 16.0, 1.0 ], 
			"to": [ 16.0, 17.0, 4.0 ], 
			"rotationOrigin": [ 14.0, 16.0, 1.0 ],
			"faces": {
				"north": { "texture": "#banyan_bark", "uv": [ 0.0, 0.0, 1.0, 1.0 ] },
				"east": { "texture": "#banyan_bark", "uv": [ 11.5, 14.5, 14.5, 15.5 ] },
				"south": { "texture": "#banyan_bark", "uv": [ 0.0, 0.0, 1.0, 1.0 ] },
				"west": { "texture": "#banyan_bark", "uv": [ 1.0, 15.0, 4.0, 16.0 ] },
				"up": { "texture": "#banyan_bark", "uv": [ 0.0, 0.0, 1.0, 3.0 ] },
				"down": { "texture": "#banyan_bark", "uv": [ 0.0, 0.0, 1.0, 3.0 ] }
			}
		},
		{
			"name": "Cube12",
			"from": [ 0.0, 16.0, 15.0 ], 
			"to": [ 1.0, 18.0, 16.0 ], 
			"rotationOrigin": [ 0.0, 16.0, 15.0 ],
			"faces": {
				"north": { "texture": "#banyan_bark", "uv": [ 0.0, 0.0, 1.0, 2.0 ] },
				"east": { "texture": "#banyan_bark", "uv": [ 0.0, 0.0, 1.0, 2.0 ] },
				"south": { "texture": "#banyan_bark", "uv": [ 0.0, 14.0, 1.0, 16.0 ] },
				"west": { "texture": "#banyan_bark", "uv": [ 15.0, 14.0, 16.0, 16.0 ] },
				"up": { "texture": "#banyan_bark", "uv": [ 0.0, 0.0, 1.0, 1.0 ] },
				"down": { "texture": "#banyan_bark", "uv": [ 0.0, 0.0, 1.0, 1.0 ] }
			}
		},
		{
			"name": "Cube13",
			"from": [ 0.0, 16.0, 13.0 ], 
			"to": [ 1.0, 17.0, 15.0 ], 
			"rotationOrigin": [ 0.0, 16.0, 13.0 ],
			"faces": {
				"north": { "texture": "#banyan_bark", "uv": [ 0.0, 0.0, 1.0, 1.0 ] },
				"east": { "texture": "#banyan_bark", "uv": [ 0.0, 0.0, 2.0, 1.0 ] },
				"south": { "texture": "#banyan_bark", "uv": [ 0.0, 0.0, 1.0, 1.0 ] },
				"west": { "texture": "#banyan_bark", "uv": [ 14.0, 14.0, 16.0, 15.0 ] },
				"up": { "texture": "#banyan_bark", "uv": [ 0.0, 0.0, 1.0, 2.0 ] },
				"down": { "texture": "#banyan_bark", "uv": [ 0.0, 0.0, 1.0, 2.0 ] }
			}
		},
		{
			"name": "Cube14",
			"from": [ 1.0, 16.0, 15.0 ], 
			"to": [ 2.0, 17.0, 16.0 ], 
			"rotationOrigin": [ 1.0, 16.0, 15.0 ],
			"faces": {
				"north": { "texture": "#banyan_bark", "uv": [ 0.0, 0.0, 1.0, 1.0 ] },
				"east": { "texture": "#banyan_bark", "uv": [ 0.0, 0.0, 1.0, 1.0 ] },
				"south": { "texture": "#banyan_bark", "uv": [ 1.0, 15.0, 2.0, 16.0 ] },
				"west": { "texture": "#banyan_bark", "uv": [ 0.0, 0.0, 1.0, 1.0 ] },
				"up": { "texture": "#banyan_bark", "uv": [ 0.0, 1.0, 1.0, 2.0 ] },
				"down": { "texture": "#banyan_bark", "uv": [ 0.0, 0.0, 1.0, 1.0 ] }
			}
		},
		{
			"name": "Cube15",
			"from": [ 14.0, 16.0, 15.0 ], 
			"to": [ 16.0, 17.0, 16.0 ], 
			"rotationOrigin": [ 14.0, 16.0, 15.0 ],
			"faces": {
				"north": { "texture": "#banyan_bark", "uv": [ 0.0, 0.0, 2.0, 1.0 ] },
				"east": { "texture": "#banyan_bark", "uv": [ 0.0, 15.0, 1.0, 16.0 ] },
				"south": { "texture": "#banyan_bark", "uv": [ 14.0, 15.0, 16.0, 16.0 ] },
				"west": { "texture": "#banyan_bark", "uv": [ 0.0, 0.0, 1.0, 1.0 ] },
				"up": { "texture": "#banyan_bark", "uv": [ 14.0, 14.0, 16.0, 15.0 ] },
				"down": { "texture": "#banyan_bark", "uv": [ 0.0, 0.0, 2.0, 1.0 ] }
			}
		},
		{
			"name": "Cube16",
			"from": [ 15.0, 16.0, 14.0 ], 
			"to": [ 16.0, 17.0, 15.0 ], 
			"rotationOrigin": [ 15.0, 16.0, 14.0 ],
			"faces": {
				"north": { "texture": "#banyan_bark", "uv": [ 0.0, 0.0, 1.0, 1.0 ] },
				"east": { "texture": "#banyan_bark", "uv": [ 1.5, 14.0, 2.5, 15.0 ] },
				"south": { "texture": "#banyan_bark", "uv": [ 0.0, 0.0, 1.0, 1.0 ] },
				"west": { "texture": "#banyan_bark", "uv": [ 0.0, 0.0, 1.0, 1.0 ] },
				"up": { "texture": "#banyan_bark", "uv": [ 0.0, 0.0, 1.0, 1.0 ] },
				"down": { "texture": "#banyan_bark", "uv": [ 0.0, 0.0, 1.0, 1.0 ] }
			}
		}
	]}