{
	"code": "bigfence45beams",
	"class": "BlockBigFence",
	"behaviors": [
		{ "name": "RopeTieable" },
		{ "name": "HorizontalOrientable", 
		"properties": {  
			"dropBlockFace": "east", 
			"drop": { 
				"type": "block", 
				"code": "bigfence45beams-{material}-east-free" 
			}
		}
	}],

	"variantgroups": [
		{ "code": "material", loadFromProperties: "wildcrafttree:block/wood" },
		{ "loadFromProperties": "abstract/horizontalorientation" },
		{ "code": "cover", "states": ["free", "snow"] }
	],
"attributes": {
		"isFence": true,
		"mapColorCode": "settlement",
		"attachableToEntity": {
			"categoryCode": "ropetiepost",
			"handbook": {
				"groupBy": ["bigfence-*"]
			}
		}	
	},
	
	"shapeByType": {
		"*-north-*": { "base": "extendedcreation:block/wood/fence45/beams-{cover}", "rotateY": 0},
		"*-west-*":	 { "base": "extendedcreation:block/wood/fence45/beams-{cover}", "rotateY": 90},
		"*-south-*": { "base": "extendedcreation:block/wood/fence45/beams-{cover}", "rotateY": 180},
		"*-east-*":  { "base": "extendedcreation:block/wood/fence45/beams-{cover}", "rotateY": 270}
	},

	"texturesByType": {
		"*":{ 
			"acacia": { "base": "game:block/wood/debarked/{material}" },
			"metal": { "base":"game:block/metal/corroded/normal3"},
			"snowcover": { "base": "game:block/liquid/snow/normal1"}
		}
	},

	"blockmaterialByType": { 
		"*": "wood" 
	},

	"soundsByType": {
		"*": {
			"place": "game:block/planks",
			"break": "game:block/planks",
			"hit": "game:block/planks",
			"walk": "game:walk/wood"
		}
	},

	"creativeinventory": { 
		"general": ["*-east-free"], 
		"fence": ["*-east-free"]
	},
	
	"drawtype": "json",
	"faceCullMode": "NeverCull",
	"renderpass": "OpaqueNoCull",
	"sidesolid": { "all": false },
	"sideopaque": { "all": false },
	"resistance": 3,
	"lightAbsorption": 0,
	"materialDensity": 600,

	

	"selectionboxesbytype": {
		"*-north-*": [	
						{ x1: 0, y1: 1.0625, z1: 0.625, x2: 0.375, y2: 1.1875, z2: 1,			"rotateY": 90},
						{ x1: 0.625, y1: 1.0625, z1: 0, x2: 1, y2: 1.1875, z2: 0.375,			"rotateY": 90},
						{ x1: 0, y1: 0.375, z1: 0.625, x2: 0.375, y2: 0.5625, z2: 1,			"rotateY": 90},
						{ x1: 0.625, y1: 0.375, z1: 0, x2: 1, y2: 0.5625, z2: 0.375,			"rotateY": 90},
						{ x1: 0.6875, y1: 1.06, z1: 0.6875, x2: 0.3125, y2: 1.1875, z2: 0.3125,	"rotateY": 90 },
						{ x1: 0.6875, y1: 0.375, z1: 0.3125, x2: 0.3125, y2: 0.5625, z2: 0.6875,"rotateY": 90 }

					],
		"*-west-*":  [	
						{ x1: 0, y1: 1.0625, z1: 0.625, x2: 0.375, y2: 1.1875, z2: 1 ,"rotateY": 180},
						{ x1: 0.625, y1: 1.0625, z1: 0, x2: 1, y2: 1.1875, z2: 0.375 ,"rotateY": 180},
						{ x1: 0, y1: 0.375, z1: 0.625, x2: 0.375, y2: 0.5625, z2: 1  ,	"rotateY": 180},
						{ x1: 0.625, y1: 0.375, z1: 0, x2: 1, y2: 0.5625, z2: 0.375 ,	"rotateY": 180},
						{ x1: 0.6875, y1: 1.06, z1: 0.6875, x2: 0.3125, y2: 1.1875, z2: 0.3125,	"rotateY": 180 },
						{ x1: 0.6875, y1: 0.375, z1: 0.3125, x2: 0.3125, y2: 0.5625, z2: 0.6875,"rotateY": 180 }
					],
		"*-south-*":  [
						{ x1: 0, y1: 1.0625, z1: 0.625, x2: 0.375, y2: 1.1875, z2: 1 ,"rotateY": 270},
						{ x1: 0.625, y1: 1.0625, z1: 0, x2: 1, y2: 1.1875, z2: 0.375 ,"rotateY": 270},
						{ x1: 0, y1: 0.375, z1: 0.625, x2: 0.375, y2: 0.5625, z2: 1  ,	"rotateY": 270},
						{ x1: 0.625, y1: 0.375, z1: 0, x2: 1, y2: 0.5625, z2: 0.375 ,	"rotateY": 270},
						{ x1: 0.6875, y1: 1.06, z1: 0.6875, x2: 0.3125, y2: 1.1875, z2: 0.3125,	"rotateY": 270 },
						{ x1: 0.6875, y1: 0.375, z1: 0.3125, x2: 0.3125, y2: 0.5625, z2: 0.6875,"rotateY": 270 }
					],
		"*-east-*":  [	
						{ x1: 0, y1: 1.0625, z1: 0.625, x2: 0.375, y2: 1.1875, z2: 1 ,"rotateY": 0},
						{ x1: 0.625, y1: 1.0625, z1: 0, x2: 1, y2: 1.1875, z2: 0.375 ,"rotateY": 0},
						{ x1: 0, y1: 0.375, z1: 0.625, x2: 0.375, y2: 0.5625, z2: 1  ,	"rotateY": 0},
						{ x1: 0.625, y1: 0.375, z1: 0, x2: 1, y2: 0.5625, z2: 0.375 ,	"rotateY": 0},
						{ x1: 0.6875, y1: 1.06, z1: 0.6875, x2: 0.3125, y2: 1.1875, z2: 0.3125,	"rotateY": 0 },
						{ x1: 0.6875, y1: 0.375, z1: 0.3125, x2: 0.3125, y2: 0.5625, z2: 0.6875,"rotateY": 0 }
					]
	},

	"collisionboxesbytype": {
		"*-north-*":	[	{ x1: 0, y1: 0.4375, z1: 0, x2: 0.3125, y2: 1.425, z2: 0.3125 ,		"rotateY": 0},
							{ x1: 0.25, y1: 0.4375, z1: 0.25, x2: 0.5625, y2: 1.425, z2: 0.5625,"rotateY": 0},
							{ x1: 0.5, y1: 0.4375, z1: 0.5, x2: 0.8125, y2: 1.425, z2: 0.8125 ,	"rotateY": 0},
							{ x1: 0.6875, y1: 0.4375, z1: 0.6875, x2: 1, y2: 1.425, z2: 1 ,		"rotateY": 0}
					],

		"*-west-*":		[
						{ x1: 0, y1: 0.4375, z1: 0, x2: 0.3125, y2: 1.425, z2: 0.3125 ,		"rotateY": 90},
						{ x1: 0.25, y1: 0.4375, z1: 0.25, x2: 0.5625, y2: 1.425, z2: 0.5625,"rotateY": 90},
						{ x1: 0.5, y1: 0.4375, z1: 0.5, x2: 0.8125, y2: 1.425, z2: 0.8125 ,	"rotateY": 90},
						{ x1: 0.6875, y1: 0.4375, z1: 0.6875, x2: 1, y2: 1.425, z2: 1 ,		"rotateY": 90}
					],
		"*-south-*":	[
						{ x1: 0, y1: 0.4375, z1: 0, x2: 0.3125, y2: 1.425, z2: 0.3125 ,		"rotateY": 180},
						{ x1: 0.25, y1: 0.4375, z1: 0.25, x2: 0.5625, y2: 1.425, z2: 0.5625,"rotateY": 180},
						{ x1: 0.5, y1: 0.4375, z1: 0.5, x2: 0.8125, y2: 1.425, z2: 0.8125 ,	"rotateY": 180},
						{ x1: 0.6875, y1: 0.4375, z1: 0.6875, x2: 1, y2: 1.425, z2: 1 ,		"rotateY": 180}
					],
		"*-east-*":		[
						{ x1: 0, y1: 0.4375, z1: 0, x2: 0.3125, y2: 1.425, z2: 0.3125 ,		"rotateY": 270},
						{ x1: 0.25, y1: 0.4375, z1: 0.25, x2: 0.5625, y2: 1.425, z2: 0.5625,"rotateY": 270},
						{ x1: 0.5, y1: 0.4375, z1: 0.5, x2: 0.8125, y2: 1.425, z2: 0.8125 ,	"rotateY": 270},
						{ x1: 0.6875, y1: 0.4375, z1: 0.6875, x2: 1, y2: 1.425, z2: 1 ,		"rotateY": 270}
					]
	},

	"guiTransformByType": {
		"*": {
			"rotation": { x: -22, y: 80, z: 0},
			"origin": { x: 0.53, y: 0.55, z: 0.46},
			"scale": 0.8
		}
	}
}