{
	"editor": {
		"allAngles": true,
		"entityTextureMode": false
	},
	"textureWidth": 16,
	"textureHeight": 16,
	"textureSizes": {
	},
	"textures": {
		"reeds": "game:item/resource/reeds",
	},
	"elements": [
		{
			"name": "origin",
			"from": [ 8.0, 0.0, 8.0 ], 
			"to": [ 8.0, 0.0, 8.0 ], 
			"rotationOrigin": [ 8.0, 0.0, 8.0 ],
			"faces": {
				"north": { "texture": "#alder", "uv": [ 0.0, 0.0, 0.5, 0.5 ], "enabled": false },
				"east": { "texture": "#alder", "uv": [ 0.0, 0.0, 0.5, 0.5 ], "enabled": false },
				"south": { "texture": "#alder", "uv": [ 0.0, 0.0, 0.5, 0.5 ], "enabled": false },
				"west": { "texture": "#alder", "uv": [ 0.0, 0.0, 0.5, 0.5 ], "enabled": false },
				"up": { "texture": "#alder", "uv": [ 0.0, 0.0, 0.5, 0.5 ], "enabled": false },
				"down": { "texture": "#alder", "uv": [ 0.0, 0.0, 0.5, 0.5 ], "enabled": false }
			},
			"children": [
				{
					"name": "reed1",
					"from": [ -4.0, 0.0, -1.0 ], 
					"to": [ 4.0, 0.6, -0.4 ], 
					"rotationOrigin": [ 0.0, 0.3, -0.7 ],
					"rotationY": 5.0,
					"rotationZ": 8.0,
					"faces": {
						"north": { "texture": "#alder", "uv": [ 3.0, 3.0, 3.5, 11.0 ], "rotation": 90 },
						"east": { "texture": "#alder", "uv": [ 0.0, 0.0, 0.5, 0.5 ], "enabled": false },
						"south": { "texture": "#alder", "uv": [ 4.0, 2.5, 4.5, 10.5 ], "rotation": 90 },
						"west": { "texture": "#alder", "uv": [ 0.0, 0.0, 0.5, 0.5 ], "enabled": false },
						"up": { "texture": "#alder", "uv": [ 4.0, 4.0, 4.5, 12.0 ], "rotation": 90 },
						"down": { "texture": "#alder", "uv": [ 4.5, 5.5, 5.0, 13.5 ], "rotation": 90 }
					},
					"children": [
						{
							"name": "reed1ex",
							"from": [ 8.0, 0.0, 0.0 ], 
							"to": [ 16.0, 0.6, 0.6 ], 
							"rotationOrigin": [ 8.0, 0.3, 0.3 ],
							"rotationY": 4.0,
							"faces": {
								"north": { "texture": "#alder", "uv": [ 5.0, 6.5, 5.5, 14.5 ], "rotation": 90 },
								"east": { "texture": "#alder", "uv": [ 10.5, 10.0, 11.0, 10.5 ] },
								"south": { "texture": "#alder", "uv": [ 5.0, 1.0, 5.5, 9.0 ], "rotation": 90 },
								"west": { "texture": "#alder", "uv": [ 0.0, 0.0, 0.5, 0.5 ], "enabled": false },
								"up": { "texture": "#alder", "uv": [ 5.5, 6.0, 6.0, 14.0 ], "rotation": 90 },
								"down": { "texture": "#alder", "uv": [ 4.5, 2.5, 5.0, 10.5 ], "rotation": 90 }
							}
						},
						{
							"name": "reed1ex4",
							"from": [ -8.0, 0.0, 0.0 ], 
							"to": [ 0.0, 0.6, 0.6 ], 
							"rotationOrigin": [ 0.0, 0.3, 0.3 ],
							"rotationZ": 15.0,
							"faces": {
								"north": { "texture": "#alder", "uv": [ 5.0, 0.5, 5.5, 8.5 ], "rotation": 90 },
								"east": { "texture": "#alder", "uv": [ 0.0, 3.0, 0.5, 3.5 ], "enabled": false },
								"south": { "texture": "#alder", "uv": [ 3.5, 6.0, 4.0, 14.0 ], "rotation": 90 },
								"west": { "texture": "#alder", "uv": [ 13.0, 11.5, 13.5, 12.0 ] },
								"up": { "texture": "#alder", "uv": [ 5.0, 0.0, 5.5, 8.0 ], "rotation": 90 },
								"down": { "texture": "#alder", "uv": [ 6.0, 7.0, 6.5, 15.0 ], "rotation": 90 }
							}
						}
					]
				},
				{
					"name": "reed6",
					"from": [ -4.0, 0.0, 0.0 ], 
					"to": [ 4.0, 0.6, 0.6 ], 
					"rotationOrigin": [ 0.0, 0.3, 0.3 ],
					"faces": {
						"north": { "texture": "#alder", "uv": [ 5.0, 6.5, 5.5, 14.5 ], "rotation": 90 },
						"east": { "texture": "#alder", "uv": [ 0.0, 0.0, 0.5, 0.5 ], "enabled": false },
						"south": { "texture": "#alder", "uv": [ 5.5, 1.0, 6.0, 9.0 ], "rotation": 90 },
						"west": { "texture": "#alder", "uv": [ 0.0, 0.0, 0.5, 0.5 ], "enabled": false },
						"up": { "texture": "#alder", "uv": [ 4.5, 2.5, 5.0, 10.5 ], "rotation": 90 },
						"down": { "texture": "#alder", "uv": [ 4.0, 7.0, 4.5, 15.0 ], "rotation": 90 }
					},
					"children": [
						{
							"name": "reed1ex7",
							"from": [ 8.0, 0.0, 0.0 ], 
							"to": [ 16.0, 0.6, 0.6 ], 
							"rotationOrigin": [ 8.0, 0.3, 0.3 ],
							"faces": {
								"north": { "texture": "#alder", "uv": [ 2.5, 7.0, 3.0, 15.0 ], "rotation": 90 },
								"east": { "texture": "#alder", "uv": [ 11.5, 11.0, 12.0, 11.5 ] },
								"south": { "texture": "#alder", "uv": [ 5.0, 1.0, 5.5, 9.0 ], "rotation": 90 },
								"west": { "texture": "#alder", "uv": [ 0.0, 0.0, 0.5, 0.5 ], "enabled": false },
								"up": { "texture": "#alder", "uv": [ 5.5, 6.5, 6.0, 14.5 ], "rotation": 90 },
								"down": { "texture": "#alder", "uv": [ 5.0, 1.0, 5.5, 9.0 ], "rotation": 90 }
							}
						},
						{
							"name": "reed1ex9",
							"from": [ -8.0, 0.0, 0.0 ], 
							"to": [ 0.0, 0.6, 0.6 ], 
							"rotationOrigin": [ 0.0, 0.3, 0.3 ],
							"rotationZ": 14.0,
							"faces": {
								"north": { "texture": "#alder", "uv": [ 2.5, 6.5, 3.0, 14.5 ], "rotation": 90 },
								"east": { "texture": "#alder", "uv": [ 0.0, 3.0, 0.5, 3.5 ], "enabled": false },
								"south": { "texture": "#alder", "uv": [ 5.5, 1.0, 6.0, 9.0 ], "rotation": 90 },
								"west": { "texture": "#alder", "uv": [ 10.0, 9.5, 10.5, 10.0 ] },
								"up": { "texture": "#alder", "uv": [ 3.0, 5.0, 3.5, 13.0 ], "rotation": 90 },
								"down": { "texture": "#alder", "uv": [ 5.5, 7.5, 6.0, 15.5 ], "rotation": 90 }
							}
						}
					]
				},
				{
					"name": "reed10",
					"from": [ -4.0, -0.5, 0.0 ], 
					"to": [ 4.0, 0.1, 0.6 ], 
					"rotationOrigin": [ 0.0, -0.2, 0.3 ],
					"rotationY": -12.0,
					"faces": {
						"north": { "texture": "#alder", "uv": [ 4.5, 3.5, 5.0, 11.5 ], "rotation": 90 },
						"east": { "texture": "#alder", "uv": [ 0.0, 0.0, 0.5, 0.5 ], "enabled": false },
						"south": { "texture": "#alder", "uv": [ 5.0, 7.0, 5.5, 15.0 ], "rotation": 90 },
						"west": { "texture": "#alder", "uv": [ 0.0, 0.0, 0.5, 0.5 ], "enabled": false },
						"up": { "texture": "#alder", "uv": [ 4.5, 0.0, 5.0, 8.0 ], "rotation": 90 },
						"down": { "texture": "#alder", "uv": [ 5.5, 6.5, 6.0, 14.5 ], "rotation": 90 }
					},
					"children": [
						{
							"name": "reed1ex11",
							"from": [ 8.0, 0.0, 0.0 ], 
							"to": [ 16.0, 0.6, 0.6 ], 
							"rotationOrigin": [ 8.0, 0.3, 0.3 ],
							"rotationZ": -5.0,
							"faces": {
								"north": { "texture": "#alder", "uv": [ 3.5, 5.5, 4.0, 13.5 ], "rotation": 90 },
								"east": { "texture": "#alder", "uv": [ 12.0, 10.0, 12.5, 10.5 ] },
								"south": { "texture": "#alder", "uv": [ 4.5, 3.5, 5.0, 11.5 ], "rotation": 90 },
								"west": { "texture": "#alder", "uv": [ 0.0, 0.0, 0.5, 0.5 ], "enabled": false },
								"up": { "texture": "#alder", "uv": [ 2.5, 4.0, 3.0, 12.0 ], "rotation": 90 },
								"down": { "texture": "#alder", "uv": [ 4.5, 3.0, 5.0, 11.0 ], "rotation": 90 }
							}
						},
						{
							"name": "reed1ex13",
							"from": [ -8.0, 0.0, 0.0 ], 
							"to": [ 0.0, 0.6, 0.6 ], 
							"rotationOrigin": [ 0.0, 0.3, 0.3 ],
							"rotationZ": 19.0,
							"faces": {
								"north": { "texture": "#alder", "uv": [ 6.0, 4.5, 6.5, 12.5 ], "rotation": 90 },
								"east": { "texture": "#alder", "uv": [ 0.0, 3.0, 0.5, 3.5 ], "enabled": false },
								"south": { "texture": "#alder", "uv": [ 4.5, 0.5, 5.0, 8.5 ], "rotation": 90 },
								"west": { "texture": "#alder", "uv": [ 12.0, 9.5, 12.5, 10.0 ] },
								"up": { "texture": "#alder", "uv": [ 4.0, 2.5, 4.5, 10.5 ], "rotation": 90 },
								"down": { "texture": "#alder", "uv": [ 5.0, 7.0, 5.5, 15.0 ], "rotation": 90 }
							}
						}
					]
				},
				{
					"name": "reed14",
					"from": [ -4.0, 0.4, 0.0 ], 
					"to": [ 4.0, 1.0, 0.6 ], 
					"rotationOrigin": [ 0.0, 0.7, 0.3 ],
					"rotationY": 6.0,
					"faces": {
						"north": { "texture": "#alder", "uv": [ 2.5, 6.0, 3.0, 14.0 ], "rotation": 90 },
						"east": { "texture": "#alder", "uv": [ 0.0, 0.0, 0.5, 0.5 ], "enabled": false },
						"south": { "texture": "#alder", "uv": [ 5.5, 7.0, 6.0, 15.0 ], "rotation": 90 },
						"west": { "texture": "#alder", "uv": [ 0.0, 0.0, 0.5, 0.5 ], "enabled": false },
						"up": { "texture": "#alder", "uv": [ 4.5, 0.5, 5.0, 8.5 ], "rotation": 90 },
						"down": { "texture": "#alder", "uv": [ 5.0, 4.0, 5.5, 12.0 ], "rotation": 90 }
					},
					"children": [
						{
							"name": "reed1ex15",
							"from": [ 8.0, 0.0, 0.0 ], 
							"to": [ 16.0, 0.6, 0.6 ], 
							"rotationOrigin": [ 8.0, 0.3, 0.3 ],
							"faces": {
								"north": { "texture": "#alder", "uv": [ 3.5, 6.5, 4.0, 14.5 ], "rotation": 90 },
								"east": { "texture": "#alder", "uv": [ 10.0, 9.5, 10.5, 10.0 ] },
								"south": { "texture": "#alder", "uv": [ 5.0, 1.5, 5.5, 9.5 ], "rotation": 90 },
								"west": { "texture": "#alder", "uv": [ 0.0, 0.0, 0.5, 0.5 ], "enabled": false },
								"up": { "texture": "#alder", "uv": [ 5.0, 4.0, 5.5, 12.0 ], "rotation": 90 },
								"down": { "texture": "#alder", "uv": [ 5.0, 2.5, 5.5, 10.5 ], "rotation": 90 }
							}
						},
						{
							"name": "reed1ex17",
							"from": [ -8.0, 0.0, 0.0 ], 
							"to": [ 0.0, 0.6, 0.6 ], 
							"rotationOrigin": [ 0.0, 0.3, 0.3 ],
							"rotationZ": 7.0,
							"faces": {
								"north": { "texture": "#alder", "uv": [ 2.0, 6.0, 2.5, 14.0 ], "rotation": 90 },
								"east": { "texture": "#alder", "uv": [ 0.0, 3.0, 0.5, 3.5 ], "enabled": false },
								"south": { "texture": "#alder", "uv": [ 5.0, 1.5, 5.5, 9.5 ], "rotation": 90 },
								"west": { "texture": "#alder", "uv": [ 11.5, 11.0, 12.0, 11.5 ] },
								"up": { "texture": "#alder", "uv": [ 5.5, 7.0, 6.0, 15.0 ], "rotation": 90 },
								"down": { "texture": "#alder", "uv": [ 2.5, 5.5, 3.0, 13.5 ], "rotation": 90 }
							}
						}
					]
				},
				{
					"name": "reed18",
					"from": [ -4.0, 0.0, 0.0 ], 
					"to": [ 4.0, 0.6, 0.6 ], 
					"rotationOrigin": [ 0.0, 0.3, 0.3 ],
					"faces": {
						"north": { "texture": "#alder", "uv": [ 0.0, 4.0, 8.0, 4.5 ] },
						"east": { "texture": "#alder", "uv": [ 0.0, 0.0, 0.5, 0.5 ], "enabled": false },
						"south": { "texture": "#alder", "uv": [ 0.0, 5.0, 8.0, 5.5 ] },
						"west": { "texture": "#alder", "uv": [ 0.0, 0.0, 0.5, 0.5 ], "enabled": false },
						"up": { "texture": "#alder", "uv": [ 0.0, 7.0, 8.0, 7.5 ] },
						"down": { "texture": "#alder", "uv": [ 0.0, 1.0, 8.0, 1.5 ] }
					},
					"children": [
						{
							"name": "reed1ex19",
							"from": [ 8.0, 0.0, 0.0 ], 
							"to": [ 16.0, 0.6, 0.6 ], 
							"rotationOrigin": [ 8.0, 0.3, 0.3 ],
							"faces": {
								"north": { "texture": "#alder", "uv": [ 2.0, 5.0, 2.5, 13.0 ], "rotation": 90 },
								"east": { "texture": "#alder", "uv": [ 9.0, 11.5, 9.5, 12.0 ] },
								"south": { "texture": "#alder", "uv": [ 5.0, 4.5, 5.5, 12.5 ], "rotation": 90 },
								"west": { "texture": "#alder", "uv": [ 0.0, 0.0, 0.5, 0.5 ], "enabled": false },
								"up": { "texture": "#alder", "uv": [ 5.0, 1.0, 5.5, 9.0 ], "rotation": 90 },
								"down": { "texture": "#alder", "uv": [ 5.0, 6.5, 5.5, 14.5 ], "rotation": 90 }
							}
						},
						{
							"name": "reed1ex21",
							"from": [ -8.0, 0.0, 0.0 ], 
							"to": [ 0.0, 0.6, 0.6 ], 
							"rotationOrigin": [ -8.0, 0.3, 0.3 ],
							"faces": {
								"north": { "texture": "#alder", "uv": [ 6.0, 7.0, 6.5, 15.0 ], "rotation": 90 },
								"east": { "texture": "#alder", "uv": [ 0.0, 3.0, 0.5, 3.5 ], "enabled": false },
								"south": { "texture": "#alder", "uv": [ 4.5, 0.0, 5.0, 8.0 ], "rotation": 90 },
								"west": { "texture": "#alder", "uv": [ 9.0, 11.0, 9.5, 11.5 ] },
								"up": { "texture": "#alder", "uv": [ 4.5, 0.0, 5.0, 8.0 ], "rotation": 90 },
								"down": { "texture": "#alder", "uv": [ 4.0, 5.0, 4.5, 13.0 ], "rotation": 90 }
							}
						}
					]
				},
				{
					"name": "reed22",
					"from": [ -4.0, 0.0, -1.0 ], 
					"to": [ 4.0, 0.6, -0.4 ], 
					"rotationOrigin": [ 0.0, 0.3, -0.7 ],
					"rotationY": -15.0,
					"rotationZ": 8.0,
					"faces": {
						"north": { "texture": "#alder", "uv": [ 5.0, 6.0, 5.5, 14.0 ], "rotation": 90 },
						"east": { "texture": "#alder", "uv": [ 0.0, 0.0, 0.5, 0.5 ], "enabled": false },
						"south": { "texture": "#alder", "uv": [ 6.0, 0.5, 6.5, 8.5 ], "rotation": 90 },
						"west": { "texture": "#alder", "uv": [ 0.0, 0.0, 0.5, 0.5 ], "enabled": false },
						"up": { "texture": "#alder", "uv": [ 5.0, 4.0, 5.5, 12.0 ], "rotation": 90 },
						"down": { "texture": "#alder", "uv": [ 4.5, 1.0, 5.0, 9.0 ], "rotation": 90 }
					},
					"children": [
						{
							"name": "reed1ex23",
							"from": [ 8.0, 0.0, 0.0 ], 
							"to": [ 16.0, 0.6, 0.6 ], 
							"rotationOrigin": [ 8.0, 0.3, 0.3 ],
							"rotationY": 4.0,
							"faces": {
								"north": { "texture": "#alder", "uv": [ 5.0, 6.0, 5.5, 14.0 ], "rotation": 90 },
								"east": { "texture": "#alder", "uv": [ 10.5, 11.5, 11.0, 12.0 ] },
								"south": { "texture": "#alder", "uv": [ 5.0, 1.0, 5.5, 9.0 ], "rotation": 90 },
								"west": { "texture": "#alder", "uv": [ 0.0, 0.0, 0.5, 0.5 ], "enabled": false },
								"up": { "texture": "#alder", "uv": [ 5.0, 4.5, 5.5, 12.5 ], "rotation": 90 },
								"down": { "texture": "#alder", "uv": [ 4.0, 6.0, 4.5, 14.0 ], "rotation": 90 }
							}
						},
						{
							"name": "reed1ex25",
							"from": [ -8.0, 0.0, 0.0 ], 
							"to": [ 0.0, 0.6, 0.6 ], 
							"rotationOrigin": [ 0.0, 0.3, 0.3 ],
							"rotationZ": 15.0,
							"faces": {
								"north": { "texture": "#alder", "uv": [ 5.0, 0.5, 5.5, 8.5 ], "rotation": 90 },
								"east": { "texture": "#alder", "uv": [ 0.0, 3.0, 0.5, 3.5 ], "enabled": false },
								"south": { "texture": "#alder", "uv": [ 2.5, 6.0, 3.0, 14.0 ], "rotation": 90 },
								"west": { "texture": "#alder", "uv": [ 9.5, 9.5, 10.0, 10.0 ] },
								"up": { "texture": "#alder", "uv": [ 4.5, 1.0, 5.0, 9.0 ], "rotation": 90 },
								"down": { "texture": "#alder", "uv": [ 5.0, 6.0, 5.5, 14.0 ], "rotation": 90 }
							}
						}
					]
				},
				{
					"name": "Tie1",
					"from": [ 0.0, -0.7, -1.2 ], 
					"to": [ 0.6, 1.3, 0.8 ], 
					"rotationOrigin": [ 0.3, 0.3, -0.2 ],
					"faces": {
						"north": { "texture": "#reeds", "uv": [ 12.0, 5.5, 12.5, 7.5 ] },
						"east": { "texture": "#reeds", "uv": [ 12.0, 4.0, 14.0, 6.0 ] },
						"south": { "texture": "#reeds", "uv": [ 14.0, 5.5, 14.5, 7.5 ] },
						"west": { "texture": "#reeds", "uv": [ 13.0, 4.5, 15.0, 6.5 ] },
						"up": { "texture": "#reeds", "uv": [ 14.0, 4.5, 14.5, 6.5 ] },
						"down": { "texture": "#reeds", "uv": [ 13.5, 5.0, 14.0, 7.0 ] }
					}
				},
				{
					"name": "Tie27",
					"from": [ -0.8, -0.8, -1.0 ], 
					"to": [ -0.2, 1.2, 1.0 ], 
					"rotationOrigin": [ -0.5, 0.2, 0.0 ],
					"rotationY": -36.0,
					"faces": {
						"north": { "texture": "#reeds", "uv": [ 12.0, 5.5, 12.5, 7.5 ] },
						"east": { "texture": "#reeds", "uv": [ 12.0, 4.0, 14.0, 6.0 ] },
						"south": { "texture": "#reeds", "uv": [ 14.0, 5.5, 14.5, 7.5 ] },
						"west": { "texture": "#reeds", "uv": [ 13.0, 4.5, 15.0, 6.5 ] },
						"up": { "texture": "#reeds", "uv": [ 14.0, 4.5, 14.5, 6.5 ] },
						"down": { "texture": "#reeds", "uv": [ 13.5, 5.0, 14.0, 7.0 ] }
					}
				},
				{
					"name": "Tie28",
					"from": [ 0.9, -0.8, -1.0 ], 
					"to": [ 1.5, 1.2, 1.0 ], 
					"rotationOrigin": [ 1.2, 0.2, 0.0 ],
					"rotationY": 28.0,
					"faces": {
						"north": { "texture": "#reeds", "uv": [ 12.0, 5.5, 12.5, 7.5 ] },
						"east": { "texture": "#reeds", "uv": [ 13.5, 4.0, 15.5, 6.0 ] },
						"south": { "texture": "#reeds", "uv": [ 14.0, 5.5, 14.5, 7.5 ] },
						"west": { "texture": "#reeds", "uv": [ 12.5, 4.5, 14.5, 6.5 ] },
						"up": { "texture": "#reeds", "uv": [ 13.5, 4.5, 14.0, 6.5 ] },
						"down": { "texture": "#reeds", "uv": [ 13.5, 5.0, 14.0, 7.0 ] }
					}
				},
				{
					"name": "Tie29",
					"from": [ -0.8, -0.9, -1.3 ], 
					"to": [ -0.2, 1.1, 0.7 ], 
					"rotationOrigin": [ -0.5, 0.1, -0.3 ],
					"rotationY": 11.0,
					"faces": {
						"north": { "texture": "#reeds", "uv": [ 12.0, 5.5, 12.5, 7.5 ] },
						"east": { "texture": "#reeds", "uv": [ 12.0, 4.0, 14.0, 6.0 ] },
						"south": { "texture": "#reeds", "uv": [ 14.0, 5.5, 14.5, 7.5 ] },
						"west": { "texture": "#reeds", "uv": [ 13.0, 4.5, 15.0, 6.5 ] },
						"up": { "texture": "#reeds", "uv": [ 14.0, 4.5, 14.5, 6.5 ] },
						"down": { "texture": "#reeds", "uv": [ 13.5, 5.0, 14.0, 7.0 ] }
					}
				}
			]
		}
	]}