[
  { "op": "add", "path": "/storageFlags", "value": 33, "file": "game:itemtypes/resource/stick", "side": "server"},
  { "op": "add", "path": "/storageFlags", "value": 33, "file": "game:itemtypes/resource/drygrass", "side": "server"},
  { "op": "add", "path": "/storageFlags", "value": 33, "file": "game:itemtypes/resource/flaxfibers", "side": "server"},
  { "op": "add", "path": "/storageFlags", "value": 33, "file": "game:itemtypes/resource/catttailroot", "side": "server"},
  { "op": "add", "path": "/storageFlags", "value": 33, "file": "game:itemtypes/resource/catttailtops", "side": "server"},
  { "op": "add", "path": "/storageFlags", "value": 33, "file": "game:itemtypes/resource/papyrusroot", "side": "server"},
  { "op": "add", "path": "/storageFlags", "value": 33, "file": "game:itemtypes/resource/papyrustops", "side": "server"},
  { "op": "add", "path": "/storageFlags", "value": 33, "file": "game:itemtypes/resource/tuleroot", "side": "server"},
  { "op": "add", "path": "/storageFlags", "value": 33, "file": "game:itemtypes/resource/thatch", "side": "server"},
  { "op": "add", "path": "/storageFlags", "value": 33, "file": "game:itemtypes/resource/honeycomb", "side": "server"},
  { "op": "add", "path": "/storageFlags", "value": 33, "file": "game:itemtypes/resource/beeswax", "side": "server"},
  { "op": "add", "path": "/storageFlags", "value": 33, "file": "game:itemtypes/resource/bamboostakes", "side": "server"},
  { "op": "add", "path": "/storageFlags", "value": 33, "file": "game:itemtypes/resource/feather", "side": "server"},
  { "op": "add", "path": "/storageFlags", "value": 33, "file": "game:itemtypes/resource/fat", "side": "server"},
  { "op": "add", "path": "/storageFlags", "value": 33, "file": "game:itemtypes/resource/hide", "side": "server"},
  { "op": "add", "path": "/storageFlags", "value": 33, "file": "game:itemtypes/resource/bone", "side": "server"},
  { "op": "add", "path": "/storageFlags", "value": 33, "file": "game:itemtypes/food/fruit", "side": "server"},
  { "op": "add", "path": "/storageFlags", "value": 33, "file": "game:itemtypes/food/grain", "side": "server"},
  { "op": "add", "path": "/storageFlags", "value": 33, "file": "game:itemtypes/food/legume", "side": "server"},
  { "op": "add", "path": "/storageFlags", "value": 33, "file": "game:itemtypes/food/redmeat", "side": "server"},
  { "op": "add", "path": "/storageFlags", "value": 33, "file": "game:itemtypes/food/bushmeat", "side": "server"},
  { "op": "add", "path": "/storageFlags", "value": 33, "file": "game:itemtypes/food/insect", "side": "server"},
  { "op": "add", "path": "/storageFlags", "value": 33, "file": "game:itemtypes/food/fish", "side": "server"},
  { "op": "add", "path": "/storageFlags", "value": 33, "file": "game:itemtypes/food/egg", "side": "server"},
  { "op": "add", "path": "/storageFlags", "value": 33, "file": "game:itemtypes/food/poultry", "side": "server"},
  { "op": "add", "path": "/storageFlags", "value": 33, "file": "game:itemtypes/food/vegetable", "side": "server"},
  { "op": "add", "path": "/storageFlags", "value": 33, "file": "game:itemtypes/food/rawcassava", "side": "server"},
  { "op": "add", "path": "/storageFlags", "value": 33, "file": "game:itemtypes/resource/seeds", "side": "server"},
  { "op": "add", "path": "/storageFlags", "value": 33, "file": "game:itemtypes/resource/rot", "side": "server"},
  { "op": "add", "path": "/storageFlags", "value": 33, "file": "game:itemtypes/resource/treeseed", "side": "server"},
  { "op": "add", "path": "/storageFlags", "value": 33, "file": "game:itemtypes/resource/bamboostakes", "side": "server"},
  { "op": "add", "path": "/storageFlags", "value": 33, "file": "game:itemtypes/resource/resin", "side": "server"},
  { "op": "add", "path": "/storageFlags", "value": 33, "file": "game:blocktypes/bone/seashell", "side": "server"},
  { "op": "add", "path": "/storageFlags", "value": 33, "file": "game:blocktypes/plant/mushroom", "side": "server"},
  { "op": "add", "path": "/storageFlags", "value": 33, "file": "game:blocktypes/plant/plaintreesapling", "side": "server"},
  { "op": "add", "path": "/storageFlags", "value": 33, "file": "game:blocktypes/plant/mushroom-side", "side": "server"},
  { "op": "add", "path": "/storageFlags", "value": 33, "file": "game:blocktypes/plant/pumpkin/fruit", "side": "server"},
  { "op": "add", "path": "/storageFlags", "value": 33, "file": "game:blocktypes/plant/wildvine", "side": "server"},
  { "op": "add", "path": "/storageFlags", "value": 33, "file": "game:blocktypes/plant/waterlily", "side": "server"},
  { "op": "add", "path": "/storageFlags", "value": 33, "file": "game:blocktypes/food/pineapple", "side": "server"},
  { "op": "add", "path": "/storageFlags", "value": 33, "file": "game:blocktypes/plant/silvertorchcactus", "side": "server"},
  { "op": "add", "path": "/storageFlags", "value": 33, "file": "game:blocktypes/plant/barrelcactus", "side": "server"},
  { "op": "add", "path": "/storageFlags", "value": 33, "file": "game:blocktypes/plant/croton", "side": "server"},
  { "op": "add", "path": "/storageFlags", "value": 33, "file": "game:blocktypes/plant/flower-lupine", "side": "server"},
  { "op": "add", "path": "/storageFlags", "value": 33, "file": "game:blocktypes/plant/flower", "side": "server"},
  { "op": "add", "path": "/storageFlags", "value": 33, "file": "game:blocktypes/plant/rafflesia", "side": "server"},
  { "op": "add", "path": "/storageFlags", "value": 33, "file": "game:blocktypes/plant/fern", "side": "server"},
  { "op": "add", "path": "/storageFlags", "value": 33, "file": "game:itemtypes/resource/antler", "side": "server"},
  { "op": "add", "path": "/storageFlags", "value": 33, "file": "game:blocktypes/aquatic/seashell", "side": "server"},
  { "op": "add", "path": "/storageFlags", "value": 33, "file": "game:blocktypes/plant/aquatic/waterlily-giant", "side": "server"},
  { "op": "add", "path": "/storageFlags", "value": 33, "file": "game:blocktypes/plant/aquatic/waterlily-flower", "side": "server"},
  { "op": "add", "path": "/storageFlags", "value": 33, "file": "game:blocktypes/plant/aquatic/threeblocktall", "side": "server"},
  { "op": "add", "path": "/storageFlags", "value": 33, "file": "game:blocktypes/plant/aquatic/oneblocktall", "side": "server"},
  { "op": "add", "path": "/storageFlags", "value": 33, "file": "game:blocktypes/plant/aquatic/ball", "side": "server"},
  { "op": "add", "path": "/storageFlagsByType", "value": { "*-bone": 33 }, "file": "game:itemtypes/tool/arrow", "side": "server"},
]
