[
		{
			"op": "add",
			"path": "/treegens/-",
			"value": {
				"Generator": "sal",
				"Weight": 0.8,
				"SuitabilitySizeBonus": 0.1,
				"MinSize": 0.8,
				"MaxSize": 1,
				"MinTemp": 27,
				"MaxTemp": 40,
				"MinRain": 185,
				"MaxRain": 255,
				"MinFert": 90,
				"MaxFert": 255,
				"MinForest": 115,
				"MaxForest": 255,
				"MinHeight": 0,
				"MaxHeight": 0.7
			},
			"file": "game:worldgen/treengenproperties.json",
			"side": "server"
		},
		{
			"op": "add",
			"path": "/treegens/-",
			"value": {
				"Generator": "saxaul",
			        "Weight": 1,
				"MinTemp": 18,
				"MaxTemp": 40,
			        "MinRain": 0,
			        "MaxRain": 80,
				"MinFert": 0,
				"MaxFert": 100,
				"MinForest": 0,
				"MaxForest": 140,
				"MinHeight": 0,
				"MaxHeight": 0.44
			},
			"file": "game:worldgen/treengenproperties.json",
			"side": "server"
		},
		{
			"op": "add",
			"path": "/treegens/-",
			"value": {
				"Generator": "shrubsaxaul",
				"Weight": 100,
				"MinSize": 0.7,
				"MaxSize": 1,
				"MinTemp": 18,
				"MaxTemp": 50,
			        "MinRain": 0,
			        "MaxRain": 80,
				"MinFert": 0,
				"MaxFert": 100,
				"MinForest": 0,
				"MaxForest": 140,
				"MinHeight": 0,
				"MaxHeight": 0.5
			},
			"file": "game:worldgen/treengenproperties.json",
			"side": "server"
		},
		{
			"op": "add",
			"path": "/treegens/-",
			"value": {
			        "Generator": "empresstree",
				"MinSize": 0.8,
				"MaxSize": 1,
			        "Weight": 0.5,
				"SuitabilitySizeBonus": 0.1,
			        "MinTemp": 27,
			        "MaxTemp": 40,
			        "MinRain": 80,
			        "MaxRain": 140,
			        "MinFert": 50,
			        "MaxFert": 200,
			        "MinForest": 50,
			        "MaxForest": 200,
			        "MinHeight": 0,
			        "MaxHeight": 0.8
			},
			"file": "game:worldgen/treengenproperties.json",
			"side": "server"
		},
		{
			"op": "add",
			"path": "/treegens/-",
			"value": {
			        "Generator": "dalbergia",
			        "Weight": 0.2,
				"SuitabilitySizeBonus": 0.2,
			        "MinTemp": 28,
			        "MaxTemp": 40,
			        "MinRain": 80,
			        "MaxRain": 140,
			        "MinFert": 50,
			        "MaxFert": 200,
			        "MinForest": 50,
			        "MaxForest": 220,
			        "MinHeight": 0,
			        "MaxHeight": 0.8
			},
			"file": "game:worldgen/treengenproperties.json",
			"side": "server"
		},
		{
			"op": "add",
			"path": "/treegens/-",
			"value": {
				"Generator": "yew",
				"Weight": 2,
				"MinSize": 0.9,
				"MaxSize": 1.1,
				"MinTemp": -4,
				"MaxTemp": 12,
				"MinRain": 90,
				"MaxRain": 190,
				"MinFert": 90,
				"MaxFert": 255,
				"MinForest": 80,
				"MaxForest": 160,
				"MinHeight": 0.55,
				"MaxHeight": 1
			},
			"file": "game:worldgen/treengenproperties.json",
			"side": "server"
		},
		{
			"op": "add",
			"path": "/treegens/-",
			"value": {
				"Generator": "coastdouglasfir",
				"Weight": 10,
			        "SuitabilitySizeBonus": 0.8,
				"MinTemp": 12,
				"MaxTemp": 16,
				"MinRain": 180,
				"MaxRain": 255,
				"MinFert": 30,
				"MaxFert": 255,
				"MinForest": 60,
				"MaxForest": 220,
				"MinHeight": 0,
				"MaxHeight": 0.4
			},
			"file": "game:worldgen/treengenproperties.json",
			"side": "server"
		},
		{
			"op": "add",
			"path": "/treegens/-",
			"value": {
				"Generator": "mountaindouglasfir",
				"Weight": 4,
			        "SuitabilitySizeBonus": 0.8,
				"MinTemp": 12,
				"MaxTemp": 16,
				"MinRain": 150,
				"MaxRain": 200,
				"MinFert": 30,
				"MaxFert": 255,
				"MinForest": 100,
				"MaxForest": 220,
				"MinHeight": 0.45,
				"MaxHeight": 0.9
			},
			"file": "game:worldgen/treengenproperties.json",
			"side": "server"
		},
		{
			"op": "add",
			"path": "/treegens/-",
			"value": {
				"Generator": "redcedar",
				"Weight": 10,
			        "SuitabilitySizeBonus": 0.6,
				"MinTemp": 13,
				"MaxTemp": 17,
				"MinRain": 180,
				"MaxRain": 255,
				"MinFert": 30,
				"MaxFert": 255,
				"MinForest": 60,
				"MaxForest": 220,
				"MinHeight": 0,
				"MaxHeight": 0.5
			},
			"file": "game:worldgen/treengenproperties.json",
			"side": "server"
		},
		{
			"op": "add",
			"path": "/treegens/-",
			"value": {
				"Generator": "pyramidalpoplar",
				"Weight": 1,
				"MinSize": 0.6,
				"MaxSize": 1,
				"MinTemp": 8,
				"MaxTemp": 12,
				"MinRain": 150,
				"MaxRain": 200,
				"MinFert": 90,
				"MaxFert": 200,
				"MinForest": 10,
				"MaxForest": 60,
				"MinHeight": 0.0,
				"MaxHeight": 0.6
			},
			"file": "game:worldgen/treengenproperties.json",
			"side": "server"
		},
		{
			"op": "add",
			"path": "/treegens/-",
			"value": {
				"Generator": "blackpoplar",
				"Weight": 10,
				"MinTemp": -2,
				"MaxTemp": 20,
				"MinRain": 95,
				"MaxRain": 190,
				"MinFert": 90,
				"MaxFert": 200,
				"MinForest": 90,
				"MaxForest": 200,
				"MinHeight": 0.0,
				"MaxHeight": 0.6
			},
			"file": "game:worldgen/treengenproperties.json",
			"side": "server"
		},
		{
			"op": "add",
			"path": "/treegens/-",
			"value": {
				"Generator": "spruce",
				"Weight": 1,
			        "SuitabilitySizeBonus": 0.3,
				"MinTemp": -14,
				"MaxTemp": 2,
				"MinRain": 90,
				"MaxRain": 200,
				"MinFert": 30,
				"MaxFert": 255,
				"MinForest": 120,
				"MaxForest": 255,
				"MinHeight": 0.0,
				"MaxHeight": 0.5
			},
			"file": "game:worldgen/treengenproperties.json",
			"side": "server"
		},
		{
			"op": "add",
			"path": "/treegens/-",
			"value": {
				"Generator": "cedar",
				"Weight": 1,
			        "SuitabilitySizeBonus": 0.5,
				"MinTemp": -14,
				"MaxTemp": 2,
				"MinRain": 90,
				"MaxRain": 200,
				"MinFert": 30,
				"MaxFert": 255,
				"MinForest": 120,
				"MaxForest": 255,
				"MinHeight": 0.0,
				"MaxHeight": 0.65
			},
			"file": "game:worldgen/treengenproperties.json",
			"side": "server"
		},
		{
			"op": "add",
			"path": "/treegens/-",
			"value": {
				"Generator": "cedar",
				"Weight": 2,
			        "SuitabilitySizeBonus": 0.5,
				"MinTemp": -10,
				"MaxTemp": 6,
				"MinRain": 75,
				"MaxRain": 150,
				"MinFert": 30,
				"MaxFert": 255,
				"MinForest": 90,
				"MaxForest": 255,
				"MinHeight": 0,
				"MaxHeight": 0.75
			},
			"file": "game:worldgen/treengenproperties.json",
			"side": "server"
		},
		{
			"op": "add",
			"path": "/treegens/-",
			"value": {
				"Generator": "bluespruce",
				"Weight": 0.1,
			        "SuitabilitySizeBonus": 0.4,
				"MinTemp": 1,
				"MaxTemp": 2,
				"MinRain": 180,
				"MaxRain": 200,
				"MinFert": 30,
				"MaxFert": 255,
				"MinForest": 140,
				"MaxForest": 255,
				"MinHeight": 0.4,
				"MaxHeight": 0.5
			},
			"file": "game:worldgen/treengenproperties.json",
			"side": "server"
		},
		{
			"op": "add",
			"path": "/treegens/-",
			"value": {
				"Generator": "elm",
				"Weight": 0.4,
				"MinSize": 0.7,
				"MaxSize": 1,
				"MinTemp": 13,
				"MaxTemp": 18,
				"MinRain": 100,
				"MaxRain": 175,
				"MinFert": 60,
				"MaxFert": 255,
				"MinForest": 90,
				"MaxForest": 255,
				"MinHeight": 0.1,
				"MaxHeight": 0.6
			},
			"file": "game:worldgen/treengenproperties.json",
			"side": "server"
		},
		{
			"op": "add",
			"path": "/treegens/-",
			"value": {
				"Generator": "thickelm",
				"Weight": 0.04,
			        "SuitabilitySizeBonus": 0.2,
				"MinTemp": 14,
				"MaxTemp": 16,
				"MinRain": 100,
				"MaxRain": 175,
				"MinFert": 60,
				"MaxFert": 255,
				"MinForest": 90,
				"MaxForest": 255,
				"MinHeight": 0.3,
				"MaxHeight": 0.5
			},
			"file": "game:worldgen/treengenproperties.json",
			"side": "server"
		},
		{
			"op": "add",
			"path": "/treegens/-",
			"value": {
				"Generator": "alder",
				"Weight": 1,
			        "SuitabilitySizeBonus": 0.6,
				"MinSize": 0.7,
				"MaxSize": 0.9,
				"MinTemp": -8,
				"MaxTemp": 6,
				"MinRain": 90,
				"MaxRain": 210,
				"MinFert": 30,
				"MaxFert": 230,
				"MinForest": 70,
				"MaxForest": 170,
				"MinHeight": 0.0,
				"MaxHeight": 0.5
			},
			"file": "game:worldgen/treengenproperties.json",
			"side": "server"
		},
		{
			"op": "add",
			"path": "/treegens/-",
			"value": {
				"Generator": "shrubalder",
				"Weight": 3,
				"MinSize": 0.7,
				"MaxSize": 1,
				"MinTemp": -12,
				"MaxTemp": 8,
				"MinRain": 90,
				"MaxRain": 255,
				"MinFert": 30,
				"MaxFert": 230,
				"MinForest": 50,
				"MaxForest": 140,
				"MinHeight": 0.0,
				"MaxHeight": 0.45
			},
			"file": "game:worldgen/treengenproperties.json",
			"side": "server"
		},
		{
			"op": "add",
			"path": "/treegens/-",
			"value": {
				"Generator": "thinbirch",
				"Weight": 2,
				"MinTemp": 0,
				"MaxTemp": 18,
				"MinRain": 150,
				"MaxRain": 255,
				"MinFert": 100,
				"MaxFert": 255,
				"MinForest": 0,
				"MaxForest": 255,
				"MinHeight": 0.0,
				"MaxHeight": 0.4
			},
			"file": "game:worldgen/treengenproperties.json",
			"side": "server"
		},
		{
			"op": "add",
			"path": "/treegens/-",
			"value": {
				"Generator": "brideinwhite",
				"Weight": 2,
				"MinTemp": -4,
				"MaxTemp": 14,
				"MinRain": 150,
				"MaxRain": 255,
				"MinFert": 100,
				"MaxFert": 255,
				"MinForest": 0,
				"MaxForest": 255,
				"MinHeight": 0.0,
				"MaxHeight": 0.4
			},
			"file": "game:worldgen/treengenproperties.json",
			"side": "server"
		},
		{
			"op": "add",
			"path": "/treegens/-",
			"value": {
				"Generator": "thinlarch",
				"Weight": 20,
				"MinSize": 0.8,
				"MaxSize": 1,
				"MinTemp": -24,
				"MaxTemp": -6,
				"MinRain": 90,
				"MaxRain": 255,
				"MinFert": 30,
				"MaxFert": 255,
				"MinForest": 80,
				"MaxForest": 255,
				"MinHeight": 0.0,
				"MaxHeight": 0.5
			},
			"file": "game:worldgen/treengenproperties.json",
			"side": "server"
		},
		{
			"op": "add",
			"path": "/treegens/-",
			"value": {
				"Generator": "willow",
				"Weight": 4,
			        "SuitabilitySizeBonus": 0.8,
				"MinTemp": -4,
				"MaxTemp": 14,
				"MinRain": 150,
				"MaxRain": 255,
				"MinFert": 30,
				"MaxFert": 255,
				"MinForest": 80,
				"MaxForest": 200,
				"MinHeight": 0.0,
				"MaxHeight": 0.4
			},
			"file": "game:worldgen/treengenproperties.json",
			"side": "server"
		},
		{
			"op": "add",
			"path": "/treegens/-",
			"value": {
				"Generator": "weepingwillow",
		           	"habitat": "Water",
				"Weight": 2,
				"MinSize": 0.8,
				"MaxSize": 1.2,
				"MinTemp": 6,
				"MaxTemp": 14,
				"MinRain": 130,
				"MaxRain": 255,
				"MinFert": 0,
				"MaxFert": 255,
				"MinForest": 60,
				"MaxForest": 170,
				"MinHeight": 0.0,
				"MaxHeight": 0.4
			},
			"file": "game:worldgen/treengenproperties.json",
			"side": "server"
		},
		{
			"op": "add",
			"path": "/treegens/-",
			"value": {
				"Generator": "thinwillow",
				"Weight": 2,
				"MinTemp": -4,
				"MaxTemp": 14,
				"MinRain": 140,
				"MaxRain": 255,
				"MinFert": 30,
				"MaxFert": 255,
				"MinForest": 60,
				"MaxForest": 180,
				"MinHeight": 0.0,
				"MaxHeight": 0.45
			},
			"file": "game:worldgen/treengenproperties.json",
			"side": "server"
		},
		{
			"op": "add",
			"path": "/treegens/-",
			"value": {
				"Generator": "shrubwillow",
				"Weight": 5,
				"MinSize": 0.7,
				"MaxSize": 1,
				"MinTemp": -12,
				"MaxTemp": 14,
				"MinRain": 100,
				"MaxRain": 255,
				"MinFert": 0,
				"MaxFert": 200,
				"MinForest": 0,
				"MaxForest": 120,
				"MinHeight": 0.0,
				"MaxHeight": 0.5
			},
			"file": "game:worldgen/treengenproperties.json",
			"side": "server"
		},
		{
			"op": "add",
			"path": "/treegens/-",
			"value": {
				"Generator": "redwillow",
				"Weight": 2,
				"MinTemp": -20,
				"MaxTemp": -4,
				"MinRain": 140,
				"MaxRain": 255,
				"MinFert": 30,
				"MaxFert": 255,
				"MinForest": 60,
				"MaxForest": 200,
				"MinHeight": 0.0,
				"MaxHeight": 0.45
			},
			"file": "game:worldgen/treengenproperties.json",
			"side": "server"
		},
		{
			"op": "add",
			"path": "/treegens/-",
			"value": {
				"Generator": "shrubredwillow",
				"Weight": 5,
				"MinSize": 0.7,
				"MaxSize": 1,
				"MinTemp": -24,
				"MaxTemp": -4,
				"MinRain": 100,
				"MaxRain": 255,
				"MinFert": 0,
				"MaxFert": 200,
				"MinForest": 0,
				"MaxForest": 120,
				"MinHeight": 0.0,
				"MaxHeight": 0.5
			},
			"file": "game:worldgen/treengenproperties.json",
			"side": "server"
		},
		{
			"op": "add",
			"path": "/treegens/-",
			"value": {
				"Generator": "beech",
				"Weight": 1.7,
			        "SuitabilitySizeBonus": 0.6,
				"MinTemp": 14,
				"MaxTemp": 20,
				"MinRain": 110,
				"MaxRain": 180,
				"MinFert": 90,
				"MaxFert": 255,
				"MinForest": 110,
				"MaxForest": 255,
				"MinHeight": 0.1,
				"MaxHeight": 0.6
			},
			"file": "game:worldgen/treengenproperties.json",
			"side": "server"
		},
		{
			"op": "add",
			"path": "/treegens/-",
			"value": {
				"Generator": "ginkgo",
				"Weight": 1,
			        "SuitabilitySizeBonus": 0.2,
				"MinTemp": 5,
				"MaxTemp": 20,
				"MinRain": 90,
				"MaxRain": 200,
				"MinFert": 90,
				"MaxFert": 255,
				"MinForest": 20,
				"MaxForest": 200,
				"MinHeight": 0.6,
				"MaxHeight": 1
			},
			"file": "game:worldgen/treengenproperties.json",
			"side": "server"
		},
		{
			"op": "add",
			"path": "/treegens/-",
			"value": {
				"Generator": "bearnut",
				"Weight": 8,
			        "SuitabilitySizeBonus": 0.5,
				"MinTemp": 5,
				"MaxTemp": 20,
				"MinRain": 110,
				"MaxRain": 165,
				"MinFert": 90,
				"MaxFert": 255,
				"MinForest": 100,
				"MaxForest": 190,
				"MinHeight": 0,
				"MaxHeight": 0.6
			},
			"file": "game:worldgen/treengenproperties.json",
			"side": "server"
		},
		{
			"op": "add",
			"path": "/treegens/-",
			"value": {
				"Generator": "thinbearnut",
				"Weight": 12,
				"MinSize": 0.6,
				"MaxSize": 0.9,
				"MinTemp": 5,
				"MaxTemp": 20,
				"MinRain": 110,
				"MaxRain": 165,
				"MinFert": 90,
				"MaxFert": 255,
				"MinForest": 100,
				"MaxForest": 190,
				"MinHeight": 0,
				"MaxHeight": 0.6
			},
			"file": "game:worldgen/treengenproperties.json",
			"side": "server"
		},
		{
			"op": "add",
			"path": "/treegens/-",
			"value": {
				"Generator": "sycamore",
				"Weight": 3,
			        "SuitabilitySizeBonus": 0.6,
				"MinTemp": 12,
				"MaxTemp": 24,
				"MinRain": 150,
				"MaxRain": 195,
				"MinFert": 90,
				"MaxFert": 255,
				"MinForest": 120,
				"MaxForest": 255,
				"MinHeight": 0.1,
				"MaxHeight": 0.5
			},
			"file": "game:worldgen/treengenproperties.json",
			"side": "server"
		},
		{
			"op": "add",
			"path": "/treegens/-",
			"value": {
				"Generator": "thickamore",
				"Weight": 0.1,
			        "SuitabilitySizeBonus": 0.2,
				"MinTemp": 13,
				"MaxTemp": 23,
				"MinRain": 150,
				"MaxRain": 195,
				"MinFert": 160,
				"MaxFert": 255,
				"MinForest": 120,
				"MaxForest": 255,
				"MinHeight": 0.2,
				"MaxHeight": 0.4
			},
			"file": "game:worldgen/treengenproperties.json",
			"side": "server"
		},
		{
			"op": "add",
			"path": "/treegens/-",
			"value": {
				"Generator": "catalpa",
				"Weight": 2,
				"SuitabilitySizeBonus": 0.2,
				"MinTemp": 18,
				"MaxTemp": 26,
				"MinRain": 170,
				"MaxRain": 255,
				"MinFert": 160,
				"MaxFert": 255,
				"MinForest": 120,
				"MaxForest": 255,
				"MinHeight": 0.1,
				"MaxHeight": 0.6
			},
			"file": "game:worldgen/treengenproperties.json",
			"side": "server"
		},
		{
			"op": "add",
			"path": "/treegens/-",
			"value": {
				"Generator": "kauri",
				"Weight": 0.7,
				"MinSize": 0.8,
				"MaxSize": 1.2,
				"MinTemp": 16,
				"MaxTemp": 26,
				"MinRain": 170,
				"MaxRain": 200,
				"MinFert": 90,
				"MaxFert": 255,
				"MinForest": 120,
				"MaxForest": 240,
				"MinHeight": 0.1,
				"MaxHeight": 0.6
			},
			"file": "game:worldgen/treengenproperties.json",
			"side": "server"
		},
		{
			"op": "add",
			"path": "/treegens/-",
			"value": {
				"Generator": "thickkauri",
				"Weight": 0.1,
				"MinSize": 0.8,
				"MaxSize": 1.2,
				"MinTemp": 19,
				"MaxTemp": 21,
				"MinRain": 170,
				"MaxRain": 200,
				"MinFert": 90,
				"MaxFert": 255,
				"MinForest": 120,
				"MaxForest": 240,
				"MinHeight": 0.4,
				"MaxHeight": 0.6
			},
			"file": "game:worldgen/treengenproperties.json",
			"side": "server"
		},
		{
			"op": "add",
			"path": "/treegens/-",
			"value": {
				"Generator": "satinash",
				"Weight": 0.3,
				"SuitabilitySizeBonus": 0.2,
				"MinTemp": 20,
				"MaxTemp": 26,
				"MinRain": 170,
				"MaxRain": 255,
				"MinFert": 160,
				"MaxFert": 255,
				"MinForest": 120,
				"MaxForest": 255,
				"MinHeight": 0.1,
				"MaxHeight": 0.5
			},
			"file": "game:worldgen/treengenproperties.json",
			"side": "server"
		},
		{
			"op": "add",
			"path": "/treegens/-",
			"value": {
				"Generator": "bluemahoe",
				"Weight": 0.6,
				"SuitabilitySizeBonus": 0.2,
				"MinTemp": 23,
				"MaxTemp": 30,
				"MinRain": 170,
				"MaxRain": 220,
				"MinFert": 160,
				"MaxFert": 255,
				"MinForest": 120,
				"MaxForest": 200,
				"MinHeight": 0.1,
				"MaxHeight": 0.6
			},
			"file": "game:worldgen/treengenproperties.json",
			"side": "server"
		},
		{
			"op": "add",
			"path": "/treegens/-",
			"value": {
				"Generator": "thinmahoe",
				"Weight": 1,
				"MinSize": 0.8,
				"MaxSize": 1.1,
				"MinTemp": 23,
				"MaxTemp": 30,
				"MinRain": 170,
				"MaxRain": 220,
				"MinFert": 160,
				"MaxFert": 255,
				"MinForest": 120,
				"MaxForest": 200,
				"MinHeight": 0,
				"MaxHeight": 0.6
			},
			"file": "game:worldgen/treengenproperties.json",
			"side": "server"
		},
		{
			"op": "add",
			"path": "/treegens/-",
			"value": {
				"Generator": "sourwood",
				"Weight": 1,
			        "SuitabilitySizeBonus": 0.7,
				"MinTemp": 14,
				"MaxTemp": 24,
				"MinRain": 150,
				"MaxRain": 195,
				"MinFert": 90,
				"MaxFert": 255,
				"MinForest": 70,
				"MaxForest": 255,
				"MinHeight": 0.0,
				"MaxHeight": 0.6
			},
			"file": "game:worldgen/treengenproperties.json",
			"side": "server"
		},
		{
			"op": "add",
			"path": "/treegens/-",
			"value": {
				"Generator": "jacaranda",
				"Weight": 0.7,
				"SuitabilitySizeBonus": 0.4,
				"MinTemp": 27,
				"MaxTemp": 40,
				"MinRain": 185,
				"MaxRain": 255,
				"MinFert": 160,
				"MaxFert": 255,
				"MinForest": 120,
				"MaxForest": 200,
				"MinHeight": 0,
				"MaxHeight": 0.7
			},
			"file": "game:worldgen/treengenproperties.json",
			"side": "server"
		},
		{
			"op": "add",
			"path": "/treegens/-",
			"value": {
				"Generator": "umnini",
				"Weight": 0.7,
				"SuitabilitySizeBonus": 0.6,
				"MinTemp": 27,
				"MaxTemp": 40,
				"MinRain": 185,
				"MaxRain": 250,
				"MinFert": 160,
				"MaxFert": 200,
				"MinForest": 125,
				"MaxForest": 255,
				"MinHeight": 0.1,
				"MaxHeight": 0.7
			},
			"file": "game:worldgen/treengenproperties.json",
			"side": "server"
		},
		{
			"op": "add",
			"path": "/treegens/-",
			"value": {
				"Generator": "guajacum",
				"Weight": 0.8,
				"SuitabilitySizeBonus": 0.6,
				"MinTemp": 27,
				"MaxTemp": 40,
				"MinRain": 185,
				"MaxRain": 250,
				"MinFert": 160,
				"MaxFert": 200,
				"MinForest": 125,
				"MaxForest": 255,
				"MinHeight": 0.1,
				"MaxHeight": 0.7
			},
			"file": "game:worldgen/treengenproperties.json",
			"side": "server"
		},
		{
			"op": "add",
			"path": "/treegens/-",
			"value": {
				"Generator": "mahogany",
				"Weight": 1,
				"MinSize": 0.8,
				"MaxSize": 1,
				"MinTemp": 27,
				"MaxTemp": 40,
				"MinRain": 190,
				"MaxRain": 255,
				"MinFert": 160,
				"MaxFert": 200,
				"MinForest": 125,
				"MaxForest": 255,
				"MinHeight": 0.05,
				"MaxHeight": 0.7
			},
			"file": "game:worldgen/treengenproperties.json",
			"side": "server"
		},
		{
			"op": "add",
			"path": "/treegens/-",
			"value": {
				"Generator": "eucalyptus",
				"Weight": 1,
				"SuitabilitySizeBonus": 0.5,
				"MinTemp": 28,
				"MaxTemp": 40,
				"MinRain": 155,
				"MaxRain": 240,
				"MinFert": 90,
				"MaxFert": 255,
				"MinForest": 110,
				"MaxForest": 230,
				"MinHeight": 0,
				"MaxHeight": 0.5
			},
			"file": "game:worldgen/treengenproperties.json",
			"side": "server"
		},
		{
			"op": "add",
			"path": "/treegens/-",
			"value": {
				"Generator": "ohia",
				"Weight": 0.7,
				"SuitabilitySizeBonus": 0.5,
				"MinTemp": 28,
				"MaxTemp": 40,
				"MinRain": 155,
				"MaxRain": 230,
				"MinFert": 90,
				"MaxFert": 255,
				"MinForest": 110,
				"MaxForest": 230,
				"MinHeight": 0,
				"MaxHeight": 0.5
			},
			"file": "game:worldgen/treengenproperties.json",
			"side": "server"
		},
		{
			"op": "add",
			"path": "/treegens/-",
			"value": {
				"Generator": "shrubohia",
				"Weight": 2,
				"MinSize": 0.7,
				"MaxSize": 1,
				"MinTemp": 28,
				"MaxTemp": 40,
				"MinRain": 155,
				"MaxRain": 230,
				"MinFert": 90,
				"MaxFert": 255,
				"MinForest": 50,
				"MaxForest": 230,
				"MinHeight": 0,
				"MaxHeight": 0.5
			},
			"file": "game:worldgen/treengenproperties.json",
			"side": "server"
		},
		{
			"op": "add",
			"path": "/treegens/-",
			"value": {
				"Generator": "wiliwili",
				"Weight": 0.5,
			        "SuitabilitySizeBonus": 0.6,
				"MinSize": 0.7,
				"MaxSize": 0.9,
				"MinTemp": 28,
				"MaxTemp": 40,
				"MinRain": 155,
				"MaxRain": 230,
				"MinFert": 90,
				"MaxFert": 255,
				"MinForest": 50,
				"MaxForest": 230,
				"MinHeight": 0,
				"MaxHeight": 0.6
			},
			"file": "game:worldgen/treengenproperties.json",
			"side": "server"
		},
		{
			"op": "add",
			"path": "/treegens/-",
			"value": {
				"Generator": "honeylocust",
				"Weight": 2,
				"MinSize": 0.7,
				"MaxSize": 1,
				"MinTemp": 8,
				"MaxTemp": 21,
				"MinRain": 50,
				"MaxRain": 150,
				"MinFert": 90,
				"MaxFert": 255,
				"MinForest": 0,
				"MaxForest": 80,
				"MinHeight": 0,
				"MaxHeight": 0.65
			},
			"file": "game:worldgen/treengenproperties.json",
			"side": "server"
		},
		{
			"op": "add",
			"path": "/treegens/-",
			"value": {
				"Generator": "banyan",
				"Weight": 0.3,
				"SuitabilitySizeBonus": 0.4,
				"MinTemp": 28,
				"MaxTemp": 37,
				"MinRain": 185,
				"MaxRain": 255,
				"MinFert": 160,
				"MaxFert": 200,
				"MinForest": 135,
				"MaxForest": 255,
				"MinHeight": 0.1,
				"MaxHeight": 0.7
			},
			"file": "game:worldgen/treengenproperties.json",
			"side": "server"
		},
		{
			"op": "add",
			"path": "/treegens/-",
			"value": {
				"Generator": "giantbanyan",
				"Weight": 0.06,
				"SuitabilitySizeBonus": 0.6,
				"MinTemp": 28,
				"MaxTemp": 37,
				"MinRain": 185,
				"MaxRain": 255,
				"MinFert": 160,
				"MaxFert": 200,
				"MinForest": 135,
				"MaxForest": 255,
				"MinHeight": 0.1,
				"MaxHeight": 0.7
			},
			"file": "game:worldgen/treengenproperties.json",
			"side": "server"
		},
		{
			"op": "add",
			"path": "/treegens/-",
			"value": {
			        "Generator": "ghostgum",
				"MinSize": 0.8,
				"MaxSize": 1,
			        "Weight": 1,
			        "MinTemp": 26,
			        "MaxTemp": 40,
			        "MinRain": 40,
			        "MaxRain": 100,
			        "MinFert": 0,
			        "MaxFert": 200,
			        "MinForest": 0,
			        "MaxForest": 120,
			        "MinHeight": 0,
			        "MaxHeight": 0.7
			},
			"file": "game:worldgen/treengenproperties.json",
			"side": "server"
		},
		{
			"op": "add",
			"path": "/treegens/-",
			"value": {
			        "Generator": "tuja",
			        "Weight": 10,
				"SuitabilitySizeBonus": 0.4,
			        "MinTemp": -4,
			        "MaxTemp": 12,
			        "MinRain": 55,
			        "MaxRain": 150,
			        "MinFert": 30,
			        "MaxFert": 255,
			        "MinForest": 0,
			        "MaxForest": 250,
			        "MinHeight": 0,
			        "MaxHeight": 0.8
			},
			"file": "game:worldgen/treengenproperties.json",
			"side": "server"
		},
		{
			"op": "add",
			"path": "/treegens/-",
			"value": {
			        "Generator": "crookedtuja",
			        "Weight": 4,
				"SuitabilitySizeBonus": 0.4,
			        "MinTemp": -4,
			        "MaxTemp": 12,
			        "MinRain": 55,
			        "MaxRain": 150,
			        "MinFert": 30,
			        "MaxFert": 255,
			        "MinForest": 0,
			        "MaxForest": 250,
			        "MinHeight": 0,
			        "MaxHeight": 0.8
			},
			"file": "game:worldgen/treengenproperties.json",
			"side": "server"
		},
		{
			"op": "add",
			"path": "/treegens/-",
			"value": {
			        "Generator": "microbiota",
			        "Weight": 4,
				"MinSize": 0.7,
				"MaxSize": 1,
			        "MinTemp": -12,
			        "MaxTemp": 6,
			        "MinRain": 50,
			        "MaxRain": 180,
			        "MinFert": 90,
			        "MaxFert": 255,
			        "MinForest": 0,
			        "MaxForest": 255,
			        "MinHeight": 0,
			        "MaxHeight": 0.6
			},
			"file": "game:worldgen/treengenproperties.json",
			"side": "server"
		},
		{
			"op": "add",
			"path": "/treegens/-",
			"value": {
			        "Generator": "truefir",
			        "Weight": 15,
			        "MinTemp": -10,
			        "MaxTemp": 13,
			        "MinRain": 75,
			        "MaxRain": 150,
			        "MinFert": 30,
			        "MaxFert": 255,
			        "MinForest": 0,
			        "MaxForest": 255,
			        "MinHeight": 0,
			        "MaxHeight": 0.8
			},
			"file": "game:worldgen/treengenproperties.json",
			"side": "server"
		},
		{
			"op": "add",
			"path": "/treegens/-",
			"value": {
				"Generator": "horsechestnut",
				"Weight": 0.6,
			        "SuitabilitySizeBonus": 0.6,
				"MinTemp": 16,
				"MaxTemp": 23,
				"MinRain": 110,
				"MaxRain": 195,
				"MinFert": 90,
				"MaxFert": 255,
				"MinForest": 110,
				"MaxForest": 255,
				"MinHeight": 0.1,
				"MaxHeight": 0.5
			},
			"file": "game:worldgen/treengenproperties.json",
			"side": "server"
		},
		{
			"op": "add",
			"path": "/treegens/-",
			"value": {
				"Generator": "mousetrap",
				"Weight": 60,
				"MinTemp": 27,
				"MaxTemp": 40,
				"MinRain": 190,
				"MaxRain": 255,
				"MinFert": 90,
				"MaxFert": 255,
				"MinForest": 0,
				"MaxForest": 100,
				"MinHeight": 0,
				"MaxHeight": 0.5
			},
			"file": "game:worldgen/treengenproperties.json",
			"side": "server"
		},
		{
			"op": "add",
			"path": "/treegens/-",
			"value": {
				"Generator": "shrubmousetrap",
				"Weight": 100,
				"MinSize": 0.8,
				"MaxSize": 1.2,
				"MinTemp": 27,
				"MaxTemp": 40,
				"MinRain": 190,
				"MaxRain": 255,
				"MinFert": 90,
				"MaxFert": 255,
				"MinForest": 0,
				"MaxForest": 120,
				"MinHeight": 0,
				"MaxHeight": 0.5
			},
			"file": "game:worldgen/treengenproperties.json",
			"side": "server"
		},
		{
			"op": "add",
			"path": "/treegens/-",
			"value": {
				"Generator": "aspen",
				"Weight": 3,
				"MinTemp": -16,
				"MaxTemp": 10,
				"MinRain": 100,
				"MaxRain": 200,
				"MinFert": 90,
				"MaxFert": 255,
				"MinForest": 80,
				"MaxForest": 200,
				"MinHeight": 0.0,
				"MaxHeight": 0.6
			},
			"file": "game:worldgen/treengenproperties.json",
			"side": "server"
		},
		{
			"op": "add",
			"path": "/treegens/-",
			"value": {
				"Generator": "azobe",
				"Weight": 1,
				"SuitabilitySizeBonus": 0.2,
				"MinSize": 0.8,
				"MaxSize": 1,
				"MinTemp": 27,
				"MaxTemp": 40,
				"MinRain": 185,
				"MaxRain": 255,
				"MinFert": 90,
				"MaxFert": 255,
				"MinForest": 115,
				"MaxForest": 255,
				"MinHeight": 0,
				"MaxHeight": 0.8
			},
			"file": "game:worldgen/treengenproperties.json",
			"side": "server"
		},
		{
			"op": "add",
			"path": "/treegens/-",
			"value": {
			        "Generator": "leadwood",
				"MinSize": 0.5,
				"MaxSize": 0.9,
			        "Weight": 0.5,
				"SuitabilitySizeBonus": 0.2,
			        "MinTemp": 27,
			        "MaxTemp": 40,
			        "MinRain": 80,
			        "MaxRain": 140,
			        "MinFert": 50,
			        "MaxFert": 200,
			        "MinForest": 50,
			        "MaxForest": 210,
			        "MinHeight": 0,
			        "MaxHeight": 0.8
			},
			"file": "game:worldgen/treengenproperties.json",
			"side": "server"
		},
		{
			"op": "add",
			"path": "/treegens/-",
			"value": {
			        "Generator": "thinleadwood",
			        "Weight": 0.8,
			        "SuitabilitySizeBonus": 0.8,
			        "MinTemp": 27,
			        "MaxTemp": 40,
			        "MinRain": 80,
			        "MaxRain": 140,
			        "MinFert": 50,
			        "MaxFert": 200,
			        "MinForest": 50,
			        "MaxForest": 220,
			        "MinHeight": 0,
			        "MaxHeight": 0.8
			},
			"file": "game:worldgen/treengenproperties.json",
			"side": "server"
		},
		{
			"op": "add",
			"path": "/treegens/-",
			"value": {
				"Generator": "tamanu",
				"Weight": 10,
				"SuitabilitySizeBonus": 0.4,
				"MinTemp": 29,
				"MaxTemp": 40,
				"MinRain": 180,
				"MaxRain": 255,
				"MinFert": 90,
				"MaxFert": 255,
				"MinForest": 100,
				"MaxForest": 255,
				"MinHeight": 0,
				"MaxHeight": 0.45
			},
			"file": "game:worldgen/treengenproperties.json",
			"side": "server"
		},
		{
			"op": "add",
			"path": "/treegens/-",
			"value": {
				"Generator": "thicktamanu",
				"Weight": 0.7,
				"SuitabilitySizeBonus": 0.1,
				"MinTemp": 29,
				"MaxTemp": 40,
				"MinRain": 185,
				"MaxRain": 255,
				"MinFert": 90,
				"MaxFert": 255,
				"MinForest": 110,
				"MaxForest": 255,
				"MinHeight": 0,
				"MaxHeight": 0.45
			},
			"file": "game:worldgen/treengenproperties.json",
			"side": "server"
		},
		{
			"op": "add",
			"path": "/treegens/-",
			"value": {
				"Generator": "sapele",
				"Weight": 0.7,
				"SuitabilitySizeBonus": 0.1,
				"MinSize": 0.8,
				"MaxSize": 1,
				"MinTemp": 27,
				"MaxTemp": 40,
				"MinRain": 180,
				"MaxRain": 255,
				"MinFert": 90,
				"MaxFert": 255,
				"MinForest": 120,
				"MaxForest": 255,
				"MinHeight": 0,
				"MaxHeight": 0.7
			},
			"file": "game:worldgen/treengenproperties.json",
			"side": "server"
		},
		{
			"op": "add",
			"path": "/treegens/-",
			"value": {
				"Generator": "mangrove",
		           	"habitat": "Water",
				"Weight": 1,
				"MinSize": 0.7,
				"MaxSize": 1.2,
				"MinTemp": 29,
				"MaxTemp": 40,
				"MinRain": 175,
				"MaxRain": 255,
				"MinFert": 0,
				"MinForest": 100,
				"MaxForest": 160,
				"MinHeight": 0.0,
				"MaxHeight": 0.4
			},
			"file": "game:worldgen/treengenproperties.json",
			"side": "server"
		},
		{
			"op": "add",
			"path": "/treegens/-",
			"value": {
				"Generator": "tigerwood",
				"Weight": 10,
				"SuitabilitySizeBonus": 0.2,
				"MinSize": 0.8,
				"MaxSize": 1,
				"MinTemp": 26,
				"MaxTemp": 40,
				"MinRain": 185,
				"MaxRain": 255,
				"MinFert": 160,
				"MaxFert": 255,
				"MinForest": 0,
				"MaxForest": 70,
				"MinHeight": 0,
				"MaxHeight": 0.8
			},
			"file": "game:worldgen/treengenproperties.json",
			"side": "server"
		},
		{
			"op": "add",
			"path": "/treegens/-",
			"value": {
			        "Generator": "crownofthorns",
			        "Weight": 0.8,
				"MinSize": 0.7,
				"MaxSize": 0.9,
			        "MinTemp": 27,
			        "MaxTemp": 40,
			        "MinRain": 80,
			        "MaxRain": 140,
			        "MinFert": 50,
			        "MaxFert": 200,
			        "MinForest": 50,
			        "MaxForest": 230,
			        "MinHeight": 0,
			        "MaxHeight": 0.8
			},
			"file": "game:worldgen/treengenproperties.json",
			"side": "server"
		},
		{
			"op": "add",
			"path": "/treegens/-",
			"value": {
			        "Generator": "shrubthorns",
			        "Weight": 8,
				"MinSize": 0.6,
				"MaxSize": 1,
			        "MinTemp": 27,
			        "MaxTemp": 40,
			        "MinRain": 80,
			        "MaxRain": 140,
			        "MinFert": 50,
			        "MaxFert": 240,
			        "MinForest": 50,
			        "MaxForest": 220,
			        "MinHeight": 0,
			        "MaxHeight": 0.8
			},
			"file": "game:worldgen/treengenproperties.json",
			"side": "server"
		},
		{
			"op": "add",
			"path": "/treegens/-",
			"value": {
			        "Generator": "treeheather",
			        "Weight": 2,
			        "SuitabilitySizeBonus": 0.8,
			        "MinTemp": 25,
			        "MaxTemp": 40,
			        "MinRain": 80,
			        "MaxRain": 130,
			        "MinFert": 50,
			        "MaxFert": 200,
			        "MinForest": 50,
			        "MaxForest": 180,
				"MinHeight": 0.5,
				"MaxHeight": 0.8
			},
			"file": "game:worldgen/treengenproperties.json",
			"side": "server"
		},
		{
			"op": "add",
			"path": "/treegens/-",
			"value": {
				"Generator": "shrubheather",
				"Weight": 25,
				"MinSize": 0.6,
				"MaxSize": 0.8,
				"MinTemp": -30,
				"MaxTemp": -6,
				"MinRain": 60,
				"MaxRain": 190,
				"MinFert": 0,
				"MaxFert": 200,
				"MinForest": 0,
				"MaxForest": 140,
				"MinHeight": 0.0,
				"MaxHeight": 0.6
			},
			"file": "game:worldgen/treengenproperties.json",
			"side": "server"
		},
		{
			"op": "add",
			"path": "/treegens/-",
			"value": {
				"Generator": "ash",
				"Weight": 0.6,
			        "SuitabilitySizeBonus": 0.4,
				"MinTemp": 14,
				"MaxTemp": 24,
				"MinRain": 155,
				"MaxRain": 195,
				"MinFert": 90,
				"MaxFert": 255,
				"MinForest": 120,
				"MaxForest": 255,
				"MinHeight": 0.1,
				"MaxHeight": 0.5
			},
			"file": "game:worldgen/treengenproperties.json",
			"side": "server"
		},
		{
			"op": "add",
			"path": "/treegens/-",
			"value": {
				"Generator": "linden",
				"Weight": 0.8,
				"MinSize": 0.7,
				"MaxSize": 1,
				"MinTemp": 2,
				"MaxTemp": 16,
				"MinRain": 150,
				"MaxRain": 200,
				"MinFert": 30,
				"MaxFert": 255,
				"MinForest": 100,
				"MaxForest": 200,
				"MinHeight": 0.0,
				"MaxHeight": 0.45
			},
			"file": "game:worldgen/treengenproperties.json",
			"side": "server"
		},
		{
			"op": "add",
			"path": "/treegens/-",
			"value": {
			        "Generator": "spurgetree",
			        "Weight": 1,
			        "MinTemp": 28,
			        "MaxTemp": 40,
				"MinRain": 70,
				"MaxRain": 190,
			        "MinFert": 0,
			        "MaxFert": 200,
			        "MinForest": 0,
			        "MaxForest": 90,
			        "MinHeight": 0,
			        "MaxHeight": 0.7
			},
			"file": "game:worldgen/treengenproperties.json",
			"side": "server"
		},
]