{
	"editor": {
		"allAngles": false,
		"entityTextureMode": false
	},
	"textureWidth": 16,
	"textureHeight": 16,
	"textureSizes": {
	},
	"textures": {
		"willow": "block/wattle/willow"
	},
	"elements": [
		{
			"name": "N",
			"from": [ 4.0, 0.0, 4.0 ], 
			"to": [ 12.0, 5.0, 5.0 ], 
			"faces": {
				"north": { "texture": "#willow", "uv": [ 5.5, 3.0, 13.5, 8.0 ] },
				"east": { "texture": "#willow", "uv": [ 10.5, 3.0, 11.5, 8.0 ] },
				"south": { "texture": "#willow", "uv": [ 4.0, 3.0, 12.0, 8.0 ] },
				"west": { "texture": "#willow", "uv": [ 6.0, 3.0, 7.0, 8.0 ] },
				"up": { "texture": "#willow", "uv": [ 6.0, 12.0, 14.0, 13.0 ] },
				"down": { "texture": "#willow", "uv": [ 6.0, 12.0, 14.0, 13.0 ] }
			}
		},
		{
			"name": "S",
			"from": [ 4.0, 0.0, 11.0 ], 
			"to": [ 12.0, 5.0, 12.0 ], 
			"faces": {
				"north": { "texture": "#willow", "uv": [ 4.0, 3.0, 12.0, 8.0 ] },
				"east": { "texture": "#willow", "uv": [ 12.5, 2.0, 13.5, 7.0 ] },
				"south": { "texture": "#willow", "uv": [ 4.5, 4.0, 12.5, 9.0 ] },
				"west": { "texture": "#willow", "uv": [ 7.0, 4.0, 8.0, 9.0 ] },
				"up": { "texture": "#willow", "uv": [ 6.5, 11.0, 14.5, 12.0 ], "rotation": 180 },
				"down": { "texture": "#willow", "uv": [ 7.5, 14.0, 15.5, 15.0 ] }
			},
			"children": [
				{
					"name": "Cube1",
					"from": [ 0.0, 4.25, 1.0 ], 
					"to": [ 8.0, 5.25, 2.0 ], 
					"rotationOrigin": [ 0.0, 4.25, 1.0 ],
					"rotationX": -45.0,
					"faces": {
						"north": { "texture": "#willow", "uv": [ 0.5, 2.5, 1.5, 10.5 ], "rotation": 90 },
						"east": { "texture": "#willow", "uv": [ 7.0, 11.5, 8.0, 12.5 ] },
						"south": { "texture": "#willow", "uv": [ 2.0, 5.5, 3.0, 13.5 ], "rotation": 90 },
						"west": { "texture": "#willow", "uv": [ 9.5, 12.5, 10.5, 13.5 ] },
						"up": { "texture": "#willow", "uv": [ 1.0, 4.5, 2.0, 12.5 ], "rotation": 90 },
						"down": { "texture": "#willow", "uv": [ 1.5, 2.0, 2.5, 10.0 ], "rotation": 90 }
					}
				},
				{
					"name": "Cube10",
					"from": [ 0.0, 4.25, -7.0 ], 
					"to": [ 8.0, 5.25, -6.0 ], 
					"rotationOrigin": [ 0.0, 4.25, -7.0 ],
					"rotationX": -45.0,
					"faces": {
						"north": { "texture": "#willow", "uv": [ 1.0, 2.0, 2.0, 10.0 ], "rotation": 90 },
						"east": { "texture": "#willow", "uv": [ 5.5, 10.5, 6.5, 11.5 ] },
						"south": { "texture": "#willow", "uv": [ 2.0, 6.0, 3.0, 14.0 ], "rotation": 90 },
						"west": { "texture": "#willow", "uv": [ 6.0, 11.5, 7.0, 12.5 ] },
						"up": { "texture": "#willow", "uv": [ 1.0, 6.0, 2.0, 14.0 ], "rotation": 90 },
						"down": { "texture": "#willow", "uv": [ 1.0, 6.0, 2.0, 14.0 ], "rotation": 90 }
					}
				},
				{
					"name": "Cube11",
					"from": [ -1.0, 4.25, -7.0 ], 
					"to": [ 0.0, 5.25, 1.0 ], 
					"rotationOrigin": [ 0.0, 4.25, -7.0 ],
					"rotationZ": -45.0,
					"faces": {
						"north": { "texture": "#willow", "uv": [ 9.5, 12.5, 10.5, 13.5 ] },
						"east": { "texture": "#willow", "uv": [ 1.0, 2.5, 2.0, 10.5 ], "rotation": 90 },
						"south": { "texture": "#willow", "uv": [ 6.0, 11.0, 7.0, 12.0 ] },
						"west": { "texture": "#willow", "uv": [ 1.5, 7.0, 2.5, 15.0 ], "rotation": 90 },
						"up": { "texture": "#willow", "uv": [ 1.5, 4.0, 2.5, 12.0 ] },
						"down": { "texture": "#willow", "uv": [ 1.0, 6.0, 2.0, 14.0 ] }
					}
				},
				{
					"name": "Cube12",
					"from": [ 7.0, 4.25, -7.0 ], 
					"to": [ 8.0, 5.25, 1.0 ], 
					"rotationOrigin": [ 8.0, 4.25, -7.0 ],
					"rotationZ": -45.0,
					"faces": {
						"north": { "texture": "#willow", "uv": [ 9.0, 12.5, 10.0, 13.5 ] },
						"east": { "texture": "#willow", "uv": [ 1.5, 2.5, 2.5, 10.5 ], "rotation": 90 },
						"south": { "texture": "#willow", "uv": [ 7.5, 11.0, 8.5, 12.0 ] },
						"west": { "texture": "#willow", "uv": [ 1.0, 2.5, 2.0, 10.5 ], "rotation": 90 },
						"up": { "texture": "#willow", "uv": [ 0.0, 0.0, 1.0, 8.0 ] },
						"down": { "texture": "#willow", "uv": [ 1.5, 3.5, 2.5, 11.5 ] }
					}
				},
				{
					"name": "Cube13",
					"from": [ 7.0, -0.75, -7.0 ], 
					"to": [ 8.0, 0.25, 1.0 ], 
					"rotationOrigin": [ 8.0, -0.75, -7.0 ],
					"rotationZ": -45.0,
					"faces": {
						"north": { "texture": "#willow", "uv": [ 9.0, 13.0, 10.0, 14.0 ] },
						"east": { "texture": "#willow", "uv": [ 1.5, 3.0, 2.5, 11.0 ], "rotation": 90 },
						"south": { "texture": "#willow", "uv": [ 12.5, 12.5, 13.5, 13.5 ] },
						"west": { "texture": "#willow", "uv": [ 2.0, 6.0, 3.0, 14.0 ], "rotation": 90 },
						"up": { "texture": "#willow", "uv": [ 1.5, 2.5, 2.5, 10.5 ] },
						"down": { "texture": "#willow", "uv": [ 2.0, 7.0, 3.0, 15.0 ] }
					}
				},
				{
					"name": "Cube14",
					"from": [ -1.0, -0.75, -7.0 ], 
					"to": [ 0.0, 0.25, 1.0 ], 
					"rotationOrigin": [ 0.0, -0.75, -7.0 ],
					"rotationZ": -45.0,
					"faces": {
						"north": { "texture": "#willow", "uv": [ 11.0, 13.5, 12.0, 14.5 ] },
						"east": { "texture": "#willow", "uv": [ 0.5, 1.5, 1.5, 9.5 ], "rotation": 90 },
						"south": { "texture": "#willow", "uv": [ 8.5, 12.0, 9.5, 13.0 ] },
						"west": { "texture": "#willow", "uv": [ 1.5, 5.0, 2.5, 13.0 ], "rotation": 90 },
						"up": { "texture": "#willow", "uv": [ 2.0, 6.0, 3.0, 14.0 ] },
						"down": { "texture": "#willow", "uv": [ 0.5, 4.0, 1.5, 12.0 ] }
					}
				},
				{
					"name": "Cube15",
					"from": [ 0.0, -0.75, -7.0 ], 
					"to": [ 8.0, 0.25, -6.0 ], 
					"rotationOrigin": [ 0.0, -0.75, -7.0 ],
					"rotationX": -45.0,
					"faces": {
						"north": { "texture": "#willow", "uv": [ 0.0, 0.0, 1.0, 8.0 ], "rotation": 90 },
						"east": { "texture": "#willow", "uv": [ 7.5, 12.5, 8.5, 13.5 ] },
						"south": { "texture": "#willow", "uv": [ 1.5, 4.5, 2.5, 12.5 ], "rotation": 90 },
						"west": { "texture": "#willow", "uv": [ 10.5, 12.0, 11.5, 13.0 ] },
						"up": { "texture": "#willow", "uv": [ 0.0, 1.5, 1.0, 9.5 ], "rotation": 90 },
						"down": { "texture": "#willow", "uv": [ 1.5, 4.5, 2.5, 12.5 ], "rotation": 90 }
					}
				},
				{
					"name": "Cube16",
					"from": [ 0.0, -0.75, 1.0 ], 
					"to": [ 8.0, 0.25, 2.0 ], 
					"rotationOrigin": [ 0.0, -0.75, 1.0 ],
					"rotationX": -45.0,
					"faces": {
						"north": { "texture": "#willow", "uv": [ 1.5, 6.0, 2.5, 14.0 ], "rotation": 90 },
						"east": { "texture": "#willow", "uv": [ 10.5, 13.0, 11.5, 14.0 ] },
						"south": { "texture": "#willow", "uv": [ 2.0, 6.0, 3.0, 14.0 ], "rotation": 90 },
						"west": { "texture": "#willow", "uv": [ 10.0, 11.0, 11.0, 12.0 ] },
						"up": { "texture": "#willow", "uv": [ 0.5, 2.0, 1.5, 10.0 ], "rotation": 90 },
						"down": { "texture": "#willow", "uv": [ 1.5, 4.5, 2.5, 12.5 ], "rotation": 90 }
					}
				},
				{
					"name": "Cube17",
					"from": [ -0.25, -0.75, 0.25 ], 
					"to": [ 0.75, 5.75, 1.25 ], 
					"rotationOrigin": [ 0.0, -1.0, 0.0 ],
					"faces": {
						"north": { "texture": "#willow", "uv": [ 0.5, 1.0, 1.5, 7.5 ] },
						"east": { "texture": "#willow", "uv": [ 1.5, 7.0, 2.5, 13.5 ] },
						"south": { "texture": "#willow", "uv": [ 1.0, 4.5, 2.0, 11.0 ] },
						"west": { "texture": "#willow", "uv": [ 1.5, 6.5, 2.5, 13.0 ] },
						"up": { "texture": "#willow", "uv": [ 8.5, 12.0, 9.5, 13.0 ] },
						"down": { "texture": "#willow", "uv": [ 8.0, 13.0, 9.0, 14.0 ] }
					}
				},
				{
					"name": "Cube18",
					"from": [ 7.25, -0.75, 0.25 ], 
					"to": [ 8.25, 5.75, 1.25 ], 
					"rotationOrigin": [ 8.0, -1.0, 0.0 ],
					"faces": {
						"north": { "texture": "#willow", "uv": [ 1.5, 3.5, 2.5, 10.0 ] },
						"east": { "texture": "#willow", "uv": [ 1.5, 8.5, 2.5, 15.0 ] },
						"south": { "texture": "#willow", "uv": [ 2.0, 8.5, 3.0, 15.0 ] },
						"west": { "texture": "#willow", "uv": [ 1.0, 3.0, 2.0, 9.5 ] },
						"up": { "texture": "#willow", "uv": [ 11.0, 12.5, 12.0, 13.5 ] },
						"down": { "texture": "#willow", "uv": [ 9.5, 11.5, 10.5, 12.5 ] }
					}
				},
				{
					"name": "Cube19",
					"from": [ 7.25, -0.75, -7.25 ], 
					"to": [ 8.25, 5.75, -6.25 ], 
					"rotationOrigin": [ 8.0, -1.0, -8.0 ],
					"faces": {
						"north": { "texture": "#willow", "uv": [ 0.0, 0.0, 1.0, 6.5 ] },
						"east": { "texture": "#willow", "uv": [ 1.0, 2.5, 2.0, 9.0 ] },
						"south": { "texture": "#willow", "uv": [ 1.0, 3.0, 2.0, 9.5 ] },
						"west": { "texture": "#willow", "uv": [ 1.0, 6.5, 2.0, 13.0 ] },
						"up": { "texture": "#willow", "uv": [ 8.0, 12.5, 9.0, 13.5 ] },
						"down": { "texture": "#willow", "uv": [ 10.0, 11.5, 11.0, 12.5 ] }
					}
				},
				{
					"name": "Cube20",
					"from": [ -0.25, -0.75, -7.25 ], 
					"to": [ 0.75, 5.75, -6.25 ], 
					"rotationOrigin": [ 0.0, -1.0, -8.0 ],
					"faces": {
						"north": { "texture": "#willow", "uv": [ 1.5, 6.5, 2.5, 13.0 ] },
						"east": { "texture": "#willow", "uv": [ 0.0, 1.5, 1.0, 8.0 ] },
						"south": { "texture": "#willow", "uv": [ 1.5, 2.5, 2.5, 9.0 ] },
						"west": { "texture": "#willow", "uv": [ 0.5, 8.5, 1.5, 15.0 ] },
						"up": { "texture": "#willow", "uv": [ 8.5, 12.0, 9.5, 13.0 ] },
						"down": { "texture": "#willow", "uv": [ 10.0, 12.5, 11.0, 13.5 ] }
					}
				}
			]
		},
		{
			"name": "W",
			"from": [ 4.0, 0.0, 5.0 ], 
			"to": [ 5.0, 5.0, 11.0 ], 
			"faces": {
				"north": { "texture": "#willow", "uv": [ 0.0, 0.0, 1.0, 5.0 ], "enabled": false },
				"east": { "texture": "#willow", "uv": [ 4.0, 2.0, 10.0, 7.0 ] },
				"south": { "texture": "#willow", "uv": [ 0.0, 0.0, 1.0, 5.0 ], "enabled": false },
				"west": { "texture": "#willow", "uv": [ 7.5, 2.0, 13.5, 7.0 ] },
				"up": { "texture": "#willow", "uv": [ 5.5, 11.5, 11.5, 12.5 ], "rotation": 270 },
				"down": { "texture": "#willow", "uv": [ 7.5, 12.5, 13.5, 13.5 ], "rotation": 90 }
			},
			"children": [
				{
					"name": "handle W",
					"from": [ 0.5, 1.0, 2.5 ], 
					"to": [ 1.5, 8.0, 3.5 ], 
					"faces": {
						"north": { "texture": "#willow", "uv": [ 5.5, 11.5, 12.5, 12.5 ], "rotation": 90 },
						"east": { "texture": "#willow", "uv": [ 6.0, 11.0, 13.0, 12.0 ], "rotation": 90 },
						"south": { "texture": "#willow", "uv": [ 7.0, 13.5, 14.0, 14.5 ], "rotation": 90 },
						"west": { "texture": "#willow", "uv": [ 7.0, 11.5, 14.0, 12.5 ], "rotation": 90 },
						"up": { "texture": "#willow", "uv": [ 9.5, 12.0, 10.5, 13.0 ] },
						"down": { "texture": "#willow", "uv": [ 0.0, 0.0, 1.0, 1.0 ], "enabled": false }
					}
				},
				{
					"name": "handle E",
					"from": [ 6.5, 1.0, 2.5 ], 
					"to": [ 7.5, 8.0, 3.5 ], 
					"faces": {
						"north": { "texture": "#willow", "uv": [ 4.5, 12.5, 11.5, 13.5 ], "rotation": 90 },
						"east": { "texture": "#willow", "uv": [ 6.0, 13.5, 13.0, 14.5 ], "rotation": 90 },
						"south": { "texture": "#willow", "uv": [ 8.5, 11.5, 15.5, 12.5 ], "rotation": 90 },
						"west": { "texture": "#willow", "uv": [ 4.0, 11.5, 11.0, 12.5 ], "rotation": 90 },
						"up": { "texture": "#willow", "uv": [ 8.5, 12.5, 9.5, 13.5 ] },
						"down": { "texture": "#willow", "uv": [ 0.0, 0.0, 1.0, 1.0 ], "enabled": false }
					}
				},
				{
					"name": "handle up",
					"from": [ 1.5, 7.5, 2.5 ], 
					"to": [ 6.5, 8.5, 3.5 ], 
					"faces": {
						"north": { "texture": "#willow", "uv": [ 6.5, 11.5, 11.5, 12.5 ] },
						"east": { "texture": "#willow", "uv": [ 8.0, 13.0, 9.0, 14.0 ] },
						"south": { "texture": "#willow", "uv": [ 10.0, 13.5, 15.0, 14.5 ] },
						"west": { "texture": "#willow", "uv": [ 8.5, 13.5, 9.5, 14.5 ] },
						"up": { "texture": "#willow", "uv": [ 6.5, 13.0, 11.5, 14.0 ] },
						"down": { "texture": "#willow", "uv": [ 9.0, 12.5, 14.0, 13.5 ] }
					}
				}
			]
		},
		{
			"name": "E",
			"from": [ 11.0, 0.0, 5.0 ], 
			"to": [ 12.0, 5.0, 11.0 ], 
			"faces": {
				"north": { "texture": "#willow", "uv": [ 0.0, 0.0, 1.0, 5.0 ], "enabled": false },
				"east": { "texture": "#willow", "uv": [ 5.5, 4.0, 11.5, 9.0 ] },
				"south": { "texture": "#willow", "uv": [ 0.0, 0.0, 1.0, 5.0 ], "enabled": false },
				"west": { "texture": "#willow", "uv": [ 6.0, 2.0, 12.0, 7.0 ] },
				"up": { "texture": "#willow", "uv": [ 7.0, 10.5, 13.0, 11.5 ], "rotation": 90 },
				"down": { "texture": "#willow", "uv": [ 8.0, 12.5, 14.0, 13.5 ], "rotation": 90 }
			}
		},
		{
			"name": "floor",
			"from": [ 5.0, 0.0, 5.0 ], 
			"to": [ 11.0, 1.0, 11.0 ], 
			"faces": {
				"north": { "texture": "#willow", "uv": [ 0.0, 0.0, 6.0, 1.0 ], "enabled": false },
				"east": { "texture": "#willow", "uv": [ 0.0, 0.0, 6.0, 1.0 ], "enabled": false },
				"south": { "texture": "#willow", "uv": [ 0.0, 0.0, 6.0, 1.0 ], "enabled": false },
				"west": { "texture": "#willow", "uv": [ 0.0, 0.0, 6.0, 1.0 ], "enabled": false },
				"up": { "texture": "#willow", "uv": [ 5.0, 4.0, 11.0, 10.0 ] },
				"down": { "texture": "#willow", "uv": [ 7.0, 2.0, 13.0, 8.0 ] }
			}
		}
	]}