{
	"editor": {
		"allAngles": false,
		"entityTextureMode": false
	},
	"textureWidth": 16,
	"textureHeight": 16,
	"textureSizes": {
	},
	"textures": {
		"bearnut": "block/wattle/bearnut"
	},
	"elements": [
		{
			"name": "N",
			"from": [ 3.9, 0.0, 3.0 ], 
			"to": [ 12.1, 7.0, 4.0 ], 
			"rotationOrigin": [ 4.0, 0.0, 4.0 ],
			"rotationX": -22.5,
			"faces": {
				"north": { "texture": "#bearnut", "uv": [ 6.0, 2.0, 14.0, 9.0 ] },
				"east": { "texture": "#bearnut", "uv": [ 10.0, 3.0, 11.0, 10.0 ] },
				"south": { "texture": "#bearnut", "uv": [ 5.0, 2.0, 13.0, 9.0 ] },
				"west": { "texture": "#bearnut", "uv": [ 7.0, 3.0, 8.0, 10.0 ] },
				"up": { "texture": "#bearnut", "uv": [ 6.0, 12.0, 14.0, 13.0 ] },
				"down": { "texture": "#bearnut", "uv": [ 6.0, 12.0, 14.0, 13.0 ] }
			}
		},
		{
			"name": "S",
			"from": [ 3.9, 0.0, 12.0 ], 
			"to": [ 12.1, 7.0, 13.0 ], 
			"rotationOrigin": [ 7.0, 0.0, 12.0 ],
			"rotationX": 22.5,
			"faces": {
				"north": { "texture": "#bearnut", "uv": [ 4.0, 3.0, 12.0, 10.0 ] },
				"east": { "texture": "#bearnut", "uv": [ 12.0, 2.0, 13.0, 9.0 ] },
				"south": { "texture": "#bearnut", "uv": [ 5.0, 3.0, 13.0, 10.0 ] },
				"west": { "texture": "#bearnut", "uv": [ 7.0, 4.0, 8.0, 11.0 ] },
				"up": { "texture": "#bearnut", "uv": [ 6.5, 11.0, 14.5, 12.0 ], "rotation": 180 },
				"down": { "texture": "#bearnut", "uv": [ 7.5, 14.0, 15.5, 15.0 ] }
			}
		},
		{
			"name": "W",
			"from": [ 4.0, 0.0, 4.5 ], 
			"to": [ 5.0, 5.0, 11.5 ], 
			"rotationOrigin": [ 0.0, 0.0, -1.0 ],
			"faces": {
				"north": { "texture": "#bearnut", "uv": [ 0.0, 0.0, 1.0, 5.0 ], "enabled": false },
				"east": { "texture": "#bearnut", "uv": [ 5.5, 3.0, 12.5, 8.0 ] },
				"south": { "texture": "#bearnut", "uv": [ 0.0, 0.0, 1.0, 5.0 ], "enabled": false },
				"west": { "texture": "#bearnut", "uv": [ 7.5, 2.0, 14.5, 7.0 ] },
				"up": { "texture": "#bearnut", "uv": [ 5.5, 11.5, 12.5, 12.5 ], "rotation": 270 },
				"down": { "texture": "#bearnut", "uv": [ 7.5, 12.5, 14.5, 13.5 ], "rotation": 90 }
			}
		},
		{
			"name": "E",
			"from": [ 11.0, 0.0, 4.5 ], 
			"to": [ 12.0, 5.0, 11.5 ], 
			"rotationOrigin": [ 0.0, 0.0, -1.0 ],
			"faces": {
				"north": { "texture": "#bearnut", "uv": [ 0.0, 0.0, 1.0, 5.0 ], "enabled": false },
				"east": { "texture": "#bearnut", "uv": [ 5.5, 4.0, 12.5, 9.0 ] },
				"south": { "texture": "#bearnut", "uv": [ 0.0, 0.0, 1.0, 5.0 ], "enabled": false },
				"west": { "texture": "#bearnut", "uv": [ 6.5, 2.0, 13.5, 7.0 ] },
				"up": { "texture": "#bearnut", "uv": [ 7.0, 10.5, 14.0, 11.5 ], "rotation": 90 },
				"down": { "texture": "#bearnut", "uv": [ 8.0, 12.5, 15.0, 13.5 ], "rotation": 90 }
			}
		},
		{
			"name": "floor",
			"from": [ 5.0, 0.0, 3.5 ], 
			"to": [ 11.0, 1.0, 12.5 ], 
			"rotationOrigin": [ 0.0, 0.0, -2.0 ],
			"faces": {
				"north": { "texture": "#bearnut", "uv": [ 0.0, 0.0, 6.0, 1.0 ], "enabled": false },
				"east": { "texture": "#bearnut", "uv": [ 0.0, 0.0, 9.0, 1.0 ], "enabled": false },
				"south": { "texture": "#bearnut", "uv": [ 0.0, 0.0, 6.0, 1.0 ], "enabled": false },
				"west": { "texture": "#bearnut", "uv": [ 0.0, 0.0, 9.0, 1.0 ], "enabled": false },
				"up": { "texture": "#bearnut", "uv": [ 6.0, 0.5, 12.0, 9.5 ] },
				"down": { "texture": "#bearnut", "uv": [ 6.0, 0.0, 12.0, 9.0 ] }
			}
		},
		{
			"name": "handle W",
			"from": [ 4.5, 1.0, 7.5 ], 
			"to": [ 5.5, 8.0, 8.5 ], 
			"rotationOrigin": [ 4.0, 0.0, 5.0 ],
			"faces": {
				"north": { "texture": "#bearnut", "uv": [ 5.5, 11.5, 12.5, 12.5 ], "rotation": 90 },
				"east": { "texture": "#bearnut", "uv": [ 6.0, 11.0, 13.0, 12.0 ], "rotation": 90 },
				"south": { "texture": "#bearnut", "uv": [ 7.0, 13.5, 14.0, 14.5 ], "rotation": 90 },
				"west": { "texture": "#bearnut", "uv": [ 7.0, 11.5, 14.0, 12.5 ], "rotation": 90 },
				"up": { "texture": "#bearnut", "uv": [ 9.5, 12.0, 10.5, 13.0 ] },
				"down": { "texture": "#bearnut", "uv": [ 0.0, 0.0, 1.0, 1.0 ], "enabled": false }
			}
		},
		{
			"name": "handle E",
			"from": [ 10.5, 1.0, 7.5 ], 
			"to": [ 11.5, 8.0, 8.5 ], 
			"rotationOrigin": [ 4.0, 0.0, 5.0 ],
			"faces": {
				"north": { "texture": "#bearnut", "uv": [ 4.5, 12.5, 11.5, 13.5 ], "rotation": 90 },
				"east": { "texture": "#bearnut", "uv": [ 6.0, 13.5, 13.0, 14.5 ], "rotation": 90 },
				"south": { "texture": "#bearnut", "uv": [ 8.5, 11.5, 15.5, 12.5 ], "rotation": 90 },
				"west": { "texture": "#bearnut", "uv": [ 4.0, 11.5, 11.0, 12.5 ], "rotation": 90 },
				"up": { "texture": "#bearnut", "uv": [ 8.5, 12.5, 9.5, 13.5 ] },
				"down": { "texture": "#bearnut", "uv": [ 0.0, 0.0, 1.0, 1.0 ], "enabled": false }
			}
		},
		{
			"name": "handle up",
			"from": [ 5.5, 7.5, 7.5 ], 
			"to": [ 10.5, 8.5, 8.5 ], 
			"rotationOrigin": [ 4.0, 0.0, 5.0 ],
			"faces": {
				"north": { "texture": "#bearnut", "uv": [ 6.5, 11.5, 11.5, 12.5 ] },
				"east": { "texture": "#bearnut", "uv": [ 8.0, 13.0, 9.0, 14.0 ] },
				"south": { "texture": "#bearnut", "uv": [ 10.0, 13.5, 15.0, 14.5 ] },
				"west": { "texture": "#bearnut", "uv": [ 8.5, 13.5, 9.5, 14.5 ] },
				"up": { "texture": "#bearnut", "uv": [ 6.5, 13.0, 11.5, 14.0 ] },
				"down": { "texture": "#bearnut", "uv": [ 9.0, 12.5, 14.0, 13.5 ] }
			}
		},
		{
			"name": "E13",
			"from": [ 11.0, 0.0, 3.0 ], 
			"to": [ 12.0, 5.5, 4.5 ], 
			"rotationOrigin": [ 0.0, 0.0, -2.0 ],
			"faces": {
				"north": { "texture": "#bearnut", "uv": [ 0.0, 0.0, 1.0, 5.5 ], "enabled": false },
				"east": { "texture": "#bearnut", "uv": [ 7.5, 2.5, 9.0, 8.0 ] },
				"south": { "texture": "#bearnut", "uv": [ 10.0, 10.5, 11.0, 16.0 ], "windMode": [-1,-1,-1,-1] },
				"west": { "texture": "#bearnut", "uv": [ 5.0, 3.5, 6.5, 9.0 ] },
				"up": { "texture": "#bearnut", "uv": [ 8.5, 12.0, 10.0, 13.0 ], "rotation": 90 },
				"down": { "texture": "#bearnut", "uv": [ 8.0, 12.5, 9.5, 13.5 ], "rotation": 90 }
			}
		},
		{
			"name": "E10",
			"from": [ 4.0, 0.0, 3.0 ], 
			"to": [ 5.0, 5.5, 4.5 ], 
			"rotationOrigin": [ -7.0, 0.0, -2.0 ],
			"faces": {
				"north": { "texture": "#bearnut", "uv": [ 0.0, 0.0, 1.0, 5.5 ], "enabled": false },
				"east": { "texture": "#bearnut", "uv": [ 5.5, 3.5, 7.0, 9.0 ] },
				"south": { "texture": "#bearnut", "uv": [ 8.0, 11.5, 9.0, 17.0 ], "windMode": [-1,-1,-1,-1] },
				"west": { "texture": "#bearnut", "uv": [ 6.0, 1.5, 7.5, 7.0 ] },
				"up": { "texture": "#bearnut", "uv": [ 7.0, 10.5, 8.5, 11.5 ], "rotation": 90 },
				"down": { "texture": "#bearnut", "uv": [ 8.0, 12.5, 9.5, 13.5 ], "rotation": 90 }
			}
		},
		{
			"name": "E11",
			"from": [ 11.0, 0.0, 11.5 ], 
			"to": [ 12.0, 5.5, 13.0 ], 
			"rotationOrigin": [ 0.0, 0.0, 6.0 ],
			"faces": {
				"north": { "texture": "#bearnut", "uv": [ 6.5, 10.5, 7.5, 16.0 ], "windMode": [-1,-1,-1,-1] },
				"east": { "texture": "#bearnut", "uv": [ 6.0, 3.5, 7.5, 9.0 ] },
				"south": { "texture": "#bearnut", "uv": [ 0.0, 0.0, 1.0, 5.5 ], "enabled": false },
				"west": { "texture": "#bearnut", "uv": [ 6.5, 2.5, 8.0, 8.0 ] },
				"up": { "texture": "#bearnut", "uv": [ 8.0, 11.5, 9.5, 12.5 ], "rotation": 90 },
				"down": { "texture": "#bearnut", "uv": [ 8.0, 12.5, 9.5, 13.5 ], "rotation": 90 }
			}
		},
		{
			"name": "E12",
			"from": [ 4.0, 0.0, 11.5 ], 
			"to": [ 5.0, 5.5, 13.0 ], 
			"rotationOrigin": [ -7.0, 0.0, 6.0 ],
			"faces": {
				"north": { "texture": "#bearnut", "uv": [ 8.0, 10.0, 9.0, 15.5 ], "windMode": [-1,-1,-1,-1] },
				"east": { "texture": "#bearnut", "uv": [ 5.0, 3.5, 6.5, 9.0 ] },
				"south": { "texture": "#bearnut", "uv": [ 0.0, 0.0, 1.0, 5.5 ], "enabled": false },
				"west": { "texture": "#bearnut", "uv": [ 6.5, 1.5, 8.0, 7.0 ] },
				"up": { "texture": "#bearnut", "uv": [ 8.0, 11.5, 9.5, 12.5 ], "rotation": 90 },
				"down": { "texture": "#bearnut", "uv": [ 8.0, 12.5, 9.5, 13.5 ], "rotation": 90 }
			}
		},
		{
			"name": "E14",
			"from": [ 11.0, 4.5, 1.5 ], 
			"to": [ 12.0, 6.0, 3.0 ], 
			"rotationOrigin": [ 0.0, 4.0, -4.0 ],
			"faces": {
				"north": { "texture": "#bearnut", "uv": [ 0.0, 0.0, 1.0, 1.5 ], "enabled": false },
				"east": { "texture": "#bearnut", "uv": [ 7.0, 4.0, 8.5, 5.5 ] },
				"south": { "texture": "#bearnut", "uv": [ 8.5, 12.5, 9.5, 14.0 ], "windMode": [-1,-1,-1,-1] },
				"west": { "texture": "#bearnut", "uv": [ 4.5, 4.0, 6.0, 5.5 ] },
				"up": { "texture": "#bearnut", "uv": [ 8.0, 11.0, 9.5, 12.0 ], "rotation": 90 },
				"down": { "texture": "#bearnut", "uv": [ 8.0, 12.5, 9.5, 13.5 ], "rotation": 90 }
			}
		},
		{
			"name": "E15",
			"from": [ 4.0, 4.5, 1.5 ], 
			"to": [ 5.0, 6.0, 3.0 ], 
			"rotationOrigin": [ -7.0, 4.0, -4.0 ],
			"faces": {
				"north": { "texture": "#bearnut", "uv": [ 0.0, 0.0, 1.0, 1.5 ], "enabled": false },
				"east": { "texture": "#bearnut", "uv": [ 8.0, 6.0, 9.5, 7.5 ] },
				"south": { "texture": "#bearnut", "uv": [ 12.0, 11.0, 13.0, 12.5 ], "windMode": [-1,-1,-1,-1] },
				"west": { "texture": "#bearnut", "uv": [ 6.5, 3.0, 8.0, 4.5 ] },
				"up": { "texture": "#bearnut", "uv": [ 9.0, 12.0, 10.5, 13.0 ], "rotation": 90 },
				"down": { "texture": "#bearnut", "uv": [ 8.0, 12.5, 9.5, 13.5 ], "rotation": 90 }
			}
		},
		{
			"name": "E16",
			"from": [ 11.0, 4.5, 13.0 ], 
			"to": [ 12.0, 6.0, 14.5 ], 
			"rotationOrigin": [ 0.0, 4.0, 8.0 ],
			"faces": {
				"north": { "texture": "#bearnut", "uv": [ 5.0, 10.5, 6.0, 12.0 ], "windMode": [-1,-1,-1,-1] },
				"east": { "texture": "#bearnut", "uv": [ 7.5, 4.0, 9.0, 5.5 ] },
				"south": { "texture": "#bearnut", "uv": [ 0.0, 0.0, 1.0, 1.5 ], "enabled": false },
				"west": { "texture": "#bearnut", "uv": [ 7.0, 3.0, 8.5, 4.5 ] },
				"up": { "texture": "#bearnut", "uv": [ 8.0, 12.0, 9.5, 13.0 ], "rotation": 90 },
				"down": { "texture": "#bearnut", "uv": [ 8.0, 12.5, 9.5, 13.5 ], "rotation": 90 }
			}
		},
		{
			"name": "E17",
			"from": [ 4.0, 4.5, 13.0 ], 
			"to": [ 5.0, 6.0, 14.5 ], 
			"rotationOrigin": [ -7.0, 4.0, 8.0 ],
			"faces": {
				"north": { "texture": "#bearnut", "uv": [ 11.0, 11.0, 12.0, 12.5 ], "windMode": [-1,-1,-1,-1] },
				"east": { "texture": "#bearnut", "uv": [ 5.5, 5.0, 7.0, 6.5 ] },
				"south": { "texture": "#bearnut", "uv": [ 0.0, 0.0, 1.0, 1.5 ], "enabled": false },
				"west": { "texture": "#bearnut", "uv": [ 6.0, 3.0, 7.5, 4.5 ] },
				"up": { "texture": "#bearnut", "uv": [ 7.5, 11.0, 9.0, 12.0 ], "rotation": 90 },
				"down": { "texture": "#bearnut", "uv": [ 8.0, 12.5, 9.5, 13.5 ], "rotation": 90 }
			}
		},
		{
			"name": "E18",
			"from": [ 11.0, 2.4, 2.0 ], 
			"to": [ 12.0, 4.5, 3.0 ], 
			"rotationOrigin": [ 0.0, 2.0, -4.0 ],
			"faces": {
				"north": { "texture": "#bearnut", "uv": [ 0.0, 0.0, 1.0, 2.0 ], "enabled": false },
				"east": { "texture": "#bearnut", "uv": [ 8.0, 4.5, 9.0, 6.5 ] },
				"south": { "texture": "#bearnut", "uv": [ 0.0, 0.0, 1.0, 2.0 ], "enabled": false },
				"west": { "texture": "#bearnut", "uv": [ 7.0, 3.5, 8.0, 5.5 ] },
				"up": { "texture": "#bearnut", "uv": [ 7.0, 10.5, 8.0, 11.5 ], "rotation": 90 },
				"down": { "texture": "#bearnut", "uv": [ 8.0, 12.5, 9.0, 13.5 ], "rotation": 90 }
			}
		},
		{
			"name": "E19",
			"from": [ 4.0, 2.4, 2.0 ], 
			"to": [ 5.0, 4.5, 3.0 ], 
			"rotationOrigin": [ -7.0, 2.0, -4.0 ],
			"faces": {
				"north": { "texture": "#bearnut", "uv": [ 0.0, 0.0, 1.0, 2.0 ], "enabled": false },
				"east": { "texture": "#bearnut", "uv": [ 6.0, 5.5, 7.0, 7.5 ] },
				"south": { "texture": "#bearnut", "uv": [ 0.0, 0.0, 1.0, 2.0 ], "enabled": false },
				"west": { "texture": "#bearnut", "uv": [ 6.0, 1.5, 7.0, 3.5 ] },
				"up": { "texture": "#bearnut", "uv": [ 7.0, 10.5, 8.0, 11.5 ], "rotation": 90 },
				"down": { "texture": "#bearnut", "uv": [ 8.0, 12.5, 9.0, 13.5 ], "rotation": 90 }
			}
		},
		{
			"name": "E20",
			"from": [ 11.0, 2.4, 13.0 ], 
			"to": [ 12.0, 4.5, 14.0 ], 
			"rotationOrigin": [ 0.0, 2.0, 7.0 ],
			"faces": {
				"north": { "texture": "#bearnut", "uv": [ 0.0, 0.0, 1.0, 2.0 ], "enabled": false },
				"east": { "texture": "#bearnut", "uv": [ 5.0, 4.5, 6.0, 6.5 ] },
				"south": { "texture": "#bearnut", "uv": [ 0.0, 0.0, 1.0, 2.0 ], "enabled": false },
				"west": { "texture": "#bearnut", "uv": [ 6.0, 3.5, 7.0, 5.5 ] },
				"up": { "texture": "#bearnut", "uv": [ 7.0, 10.5, 8.0, 11.5 ], "rotation": 90 },
				"down": { "texture": "#bearnut", "uv": [ 8.0, 12.5, 9.0, 13.5 ], "rotation": 90 }
			}
		},
		{
			"name": "E21",
			"from": [ 4.0, 2.4, 13.0 ], 
			"to": [ 5.0, 4.5, 14.0 ], 
			"rotationOrigin": [ -7.0, 2.0, 7.0 ],
			"faces": {
				"north": { "texture": "#bearnut", "uv": [ 0.0, 0.0, 1.0, 2.0 ], "enabled": false },
				"east": { "texture": "#bearnut", "uv": [ 4.0, 4.5, 5.0, 6.5 ] },
				"south": { "texture": "#bearnut", "uv": [ 0.0, 0.0, 1.0, 2.0 ], "enabled": false },
				"west": { "texture": "#bearnut", "uv": [ 6.0, 2.5, 7.0, 4.5 ] },
				"up": { "texture": "#bearnut", "uv": [ 7.0, 10.5, 8.0, 11.5 ], "rotation": 90 },
				"down": { "texture": "#bearnut", "uv": [ 8.0, 12.5, 9.0, 13.5 ], "rotation": 90 }
			}
		},
		{
			"name": "Cube1",
			"from": [ 3.9, -0.1, 5.5 ], 
			"to": [ 4.9, 5.1, 6.5 ], 
			"rotationOrigin": [ 3.0, 0.0, 5.0 ],
			"faces": {
				"north": { "texture": "#bearnut", "uv": [ 7.5, 10.5, 8.5, 15.5 ] },
				"east": { "texture": "#bearnut", "uv": [ 10.0, 10.5, 11.0, 15.5 ] },
				"south": { "texture": "#bearnut", "uv": [ 8.5, 11.0, 9.5, 16.0 ] },
				"west": { "texture": "#bearnut", "uv": [ 11.5, 10.5, 12.5, 15.5 ] },
				"up": { "texture": "#bearnut", "uv": [ 1.5, 8.0, 2.5, 9.0 ] },
				"down": { "texture": "#bearnut", "uv": [ 1.5, 5.5, 2.5, 6.5 ] }
			}
		},
		{
			"name": "Cube22",
			"from": [ 3.9, -0.1, 9.5 ], 
			"to": [ 4.9, 5.1, 10.5 ], 
			"rotationOrigin": [ 3.0, 0.0, 9.0 ],
			"faces": {
				"north": { "texture": "#bearnut", "uv": [ 8.0, 11.0, 9.0, 16.0 ] },
				"east": { "texture": "#bearnut", "uv": [ 11.5, 10.0, 12.5, 15.0 ] },
				"south": { "texture": "#bearnut", "uv": [ 7.5, 10.5, 8.5, 15.5 ] },
				"west": { "texture": "#bearnut", "uv": [ 7.0, 10.5, 8.0, 15.5 ] },
				"up": { "texture": "#bearnut", "uv": [ 1.0, 3.0, 2.0, 4.0 ] },
				"down": { "texture": "#bearnut", "uv": [ 1.0, 3.5, 2.0, 4.5 ] }
			}
		},
		{
			"name": "Cube23",
			"from": [ 11.1, -0.1, 5.5 ], 
			"to": [ 12.1, 5.1, 6.5 ], 
			"rotationOrigin": [ 10.0, 0.0, 5.0 ],
			"faces": {
				"north": { "texture": "#bearnut", "uv": [ 9.5, 10.5, 10.5, 15.5 ] },
				"east": { "texture": "#bearnut", "uv": [ 8.5, 10.5, 9.5, 15.5 ] },
				"south": { "texture": "#bearnut", "uv": [ 9.0, 11.0, 10.0, 16.0 ] },
				"west": { "texture": "#bearnut", "uv": [ 5.5, 10.5, 6.5, 15.5 ] },
				"up": { "texture": "#bearnut", "uv": [ 2.0, 5.5, 3.0, 6.5 ] },
				"down": { "texture": "#bearnut", "uv": [ 1.5, 12.0, 2.5, 13.0 ] }
			}
		},
		{
			"name": "Cube24",
			"from": [ 11.1, -0.1, 9.5 ], 
			"to": [ 12.1, 5.1, 10.5 ], 
			"rotationOrigin": [ 10.0, 0.0, 9.0 ],
			"faces": {
				"north": { "texture": "#bearnut", "uv": [ 9.5, 10.5, 10.5, 15.5 ] },
				"east": { "texture": "#bearnut", "uv": [ 5.5, 10.5, 6.5, 15.5 ] },
				"south": { "texture": "#bearnut", "uv": [ 11.0, 10.5, 12.0, 15.5 ] },
				"west": { "texture": "#bearnut", "uv": [ 6.5, 10.5, 7.5, 15.5 ] },
				"up": { "texture": "#bearnut", "uv": [ 0.5, 4.0, 1.5, 5.0 ] },
				"down": { "texture": "#bearnut", "uv": [ 2.0, 4.0, 3.0, 5.0 ] }
			}
		}
	]}