{
	"editor": {
		"allAngles": false,
		"entityTextureMode": false
	},
	"textureWidth": 16,
	"textureHeight": 16,
	"textureSizes": {
	},
	"textures": {
	},
	"elements": [
		{
			"name": "Cube1",
			"from": [ 4.0, 0.1, 4.0 ], 
			"to": [ 12.0, 0.1, 12.0 ], 
			"rotationOrigin": [ 8.0, 0.0, 8.0 ],
			"rotationY": 45.0,
			"faces": {
				"north": { "texture": "#birch", "uv": [ 0.0, 0.0, 8.0, 0.5 ], "enabled": false },
				"east": { "texture": "#birch", "uv": [ 0.0, 0.0, 8.0, 0.5 ], "enabled": false },
				"south": { "texture": "#birch", "uv": [ 0.0, 0.0, 8.0, 0.5 ], "enabled": false },
				"west": { "texture": "#birch", "uv": [ 0.0, 0.0, 8.0, 0.5 ], "enabled": false },
				"up": { "texture": "#birch", "uv": [ 0.0, 0.0, 16.0, 16.0 ], "autoUv": false },
				"down": { "texture": "#birch", "uv": [ 0.0, 0.0, 16.0, 16.0 ], "enabled": false, "autoUv": false }
			}
		},
		{
			"name": "Cube2",
			"from": [ 5.0, 0.5, 5.0 ], 
			"to": [ 11.0, 0.5, 11.0 ], 
			"rotationOrigin": [ 5.0, 1.0, 5.0 ],
			"faces": {
				"north": { "texture": "#birch", "uv": [ 0.0, 0.0, 6.0, 1.0 ], "enabled": false },
				"east": { "texture": "#birch", "uv": [ 0.0, 0.0, 6.0, 1.0 ], "enabled": false },
				"south": { "texture": "#birch", "uv": [ 0.0, 0.0, 12.0, 12.0 ], "enabled": false, "autoUv": false },
				"west": { "texture": "#birch", "uv": [ 0.0, 0.0, 6.0, 1.0 ], "enabled": false },
				"up": { "texture": "#birch", "uv": [ 1.0, 1.0, 13.0, 13.0 ], "autoUv": false },
				"down": { "texture": "#birch", "uv": [ 0.0, 0.0, 6.0, 6.0 ], "enabled": false }
			},
			"children": [
				{
					"name": "Cube3",
					"from": [ 0.0, 0.0, -1.5 ], 
					"to": [ 6.0, 0.0, 0.0 ], 
					"rotationOrigin": [ 0.0, 0.0, 0.0 ],
					"rotationX": -22.5,
					"faces": {
						"north": { "texture": "#birch", "uv": [ 0.0, 0.0, 6.0, 1.0 ], "enabled": false },
						"east": { "texture": "#birch", "uv": [ 0.0, 0.0, 1.0, 1.0 ], "enabled": false },
						"south": { "texture": "#birch", "uv": [ 0.0, 0.0, 6.0, 1.0 ], "enabled": false },
						"west": { "texture": "#birch", "uv": [ 0.0, 0.0, 1.0, 1.0 ], "enabled": false },
						"up": { "texture": "#birch", "uv": [ 3.0, 13.0, 15.0, 16.0 ], "rotation": 180, "autoUv": false },
						"down": { "texture": "#birch", "uv": [ 0.0, 0.0, 6.0, 1.0 ], "enabled": false }
					}
				},
				{
					"name": "Cube4",
					"from": [ 0.0, 0.0, 6.0 ], 
					"to": [ 6.0, 0.0, 7.5 ], 
					"rotationOrigin": [ 0.0, 0.0, 6.0 ],
					"rotationX": 22.5,
					"faces": {
						"north": { "texture": "#birch", "uv": [ 0.0, 0.0, 6.0, 1.0 ], "enabled": false },
						"east": { "texture": "#birch", "uv": [ 0.0, 0.0, 1.0, 1.0 ], "enabled": false },
						"south": { "texture": "#birch", "uv": [ 0.0, 0.0, 6.0, 1.0 ], "enabled": false },
						"west": { "texture": "#birch", "uv": [ 0.0, 0.0, 1.0, 1.0 ], "enabled": false },
						"up": { "texture": "#birch", "uv": [ 2.0, 0.0, 14.0, 3.0 ], "rotation": 180, "autoUv": false },
						"down": { "texture": "#birch", "uv": [ 0.0, 0.0, 6.0, 1.0 ], "enabled": false }
					}
				},
				{
					"name": "Cube5",
					"from": [ -1.5, 0.0, 0.0 ], 
					"to": [ 0.0, 0.0, 6.0 ], 
					"rotationOrigin": [ 0.0, 0.0, 0.0 ],
					"rotationZ": 22.5,
					"faces": {
						"north": { "texture": "#birch", "uv": [ 0.0, 0.0, 1.0, 1.0 ], "enabled": false },
						"east": { "texture": "#birch", "uv": [ 0.0, 0.0, 6.0, 1.0 ], "enabled": false },
						"south": { "texture": "#birch", "uv": [ 0.0, 0.0, 1.0, 1.0 ], "enabled": false },
						"west": { "texture": "#birch", "uv": [ 0.0, 0.0, 6.0, 1.0 ], "enabled": false },
						"up": { "texture": "#birch", "uv": [ 13.0, 4.0, 16.0, 16.0 ], "rotation": 180, "autoUv": false },
						"down": { "texture": "#birch", "uv": [ 0.0, 0.0, 1.0, 6.0 ], "enabled": false }
					}
				},
				{
					"name": "Cube6",
					"from": [ 6.0, 0.0, 0.0 ], 
					"to": [ 7.5, 0.0, 6.0 ], 
					"rotationOrigin": [ 6.0, 0.0, 0.0 ],
					"rotationZ": -22.5,
					"faces": {
						"north": { "texture": "#birch", "uv": [ 0.0, 0.0, 1.0, 1.0 ], "enabled": false },
						"east": { "texture": "#birch", "uv": [ 0.0, 0.0, 6.0, 1.0 ], "enabled": false },
						"south": { "texture": "#birch", "uv": [ 0.0, 0.0, 1.0, 1.0 ], "enabled": false },
						"west": { "texture": "#birch", "uv": [ 0.0, 0.0, 6.0, 1.0 ], "enabled": false },
						"up": { "texture": "#birch", "uv": [ 0.0, 1.0, 3.0, 13.0 ], "rotation": 180, "autoUv": false },
						"down": { "texture": "#birch", "uv": [ 0.0, 0.0, 1.0, 6.0 ], "enabled": false }
					}
				},
				{
					"name": "Cube7",
					"from": [ -1.0, -0.2, 3.0 ], 
					"to": [ 7.0, 2.3, 3.0 ], 
					"rotationOrigin": [ -1.0, -0.7, 3.0 ],
					"rotationX": -50.0,
					"faces": {
						"north": { "texture": "#birch", "uv": [ 0.0, 0.0, 8.0, 2.5 ], "enabled": false },
						"east": { "texture": "#birch", "uv": [ 0.0, 0.0, 0.5, 2.5 ], "enabled": false },
						"south": { "texture": "#birch", "uv": [ 0.0, 0.0, 16.0, 5.0 ], "autoUv": false },
						"west": { "texture": "#birch", "uv": [ 0.0, 0.0, 0.5, 2.5 ], "enabled": false },
						"up": { "texture": "#birch", "uv": [ 0.0, 0.0, 8.0, 0.5 ], "enabled": false },
						"down": { "texture": "#birch", "uv": [ 0.0, 0.0, 8.0, 0.5 ], "enabled": false }
					}
				},
				{
					"name": "Cube8",
					"from": [ -1.0, -0.2, 3.0 ], 
					"to": [ 7.0, 2.3, 3.0 ], 
					"rotationOrigin": [ -1.0, -0.7, 3.0 ],
					"rotationX": 50.0,
					"faces": {
						"north": { "texture": "#birch", "uv": [ 0.0, 11.0, 16.0, 16.0 ], "rotation": 180, "autoUv": false, "windMode": [-1,-1,-1,-1] },
						"east": { "texture": "#birch", "uv": [ 0.0, 0.0, 0.5, 2.5 ], "enabled": false },
						"south": { "texture": "#birch", "uv": [ 0.0, 0.0, 15.0, 5.0 ], "rotation": 180, "enabled": false, "autoUv": false },
						"west": { "texture": "#birch", "uv": [ 0.0, 0.0, 0.5, 2.5 ], "enabled": false },
						"up": { "texture": "#birch", "uv": [ 0.0, 0.0, 8.0, 0.5 ], "enabled": false },
						"down": { "texture": "#birch", "uv": [ 0.0, 0.0, 8.0, 0.5 ], "enabled": false }
					}
				},
				{
					"name": "Cube9",
					"from": [ 3.0, -0.2, -1.0 ], 
					"to": [ 3.0, 2.3, 7.0 ], 
					"rotationOrigin": [ 3.0, -0.7, -1.0 ],
					"rotationZ": 50.0,
					"faces": {
						"north": { "texture": "#birch", "uv": [ 0.0, 0.0, 1.0, 2.0 ], "enabled": false },
						"east": { "texture": "#birch", "uv": [ 0.0, 0.0, 5.0, 16.0 ], "rotation": 90, "autoUv": false },
						"south": { "texture": "#birch", "uv": [ 0.0, 0.0, 1.0, 2.0 ], "enabled": false },
						"west": { "texture": "#birch", "uv": [ 0.0, 0.0, 8.0, 2.0 ], "enabled": false },
						"up": { "texture": "#birch", "uv": [ 0.0, 0.0, 1.0, 8.0 ], "enabled": false },
						"down": { "texture": "#birch", "uv": [ 0.0, 0.0, 1.0, 8.0 ], "enabled": false }
					}
				},
				{
					"name": "Cube10",
					"from": [ 3.0, -0.2, -1.0 ], 
					"to": [ 3.0, 2.3, 7.0 ], 
					"rotationOrigin": [ 3.0, -0.7, -1.0 ],
					"rotationZ": -50.0,
					"faces": {
						"north": { "texture": "#birch", "uv": [ 0.0, 0.0, 1.0, 2.0 ], "enabled": false },
						"east": { "texture": "#birch", "uv": [ 0.0, 0.0, 5.0, 16.0 ], "rotation": 90, "enabled": false, "autoUv": false },
						"south": { "texture": "#birch", "uv": [ 0.0, 0.0, 1.0, 2.0 ], "enabled": false },
						"west": { "texture": "#birch", "uv": [ 11.0, 0.0, 16.0, 16.0 ], "rotation": 270, "autoUv": false, "windMode": [-1,-1,-1,-1] },
						"up": { "texture": "#birch", "uv": [ 0.0, 0.0, 1.0, 8.0 ], "enabled": false },
						"down": { "texture": "#birch", "uv": [ 0.0, 0.0, 1.0, 8.0 ], "enabled": false }
					}
				}
			]
		}
	]}