{
	code: "poultice",
	behaviors: [
		{
			name: "HealingItem",
			propertiesByType: {
				"*-reed-eucalyptus": {
					health: 2.5,
					applicationtimesec: 3,
					maxapplicationtimesec: 10,
					effectdurationsec: 10,
					ticks: 10,
					cancelinair: true,
					cancelwhileswimming: false,
					delaytocancelsec: 0.5
				},
				"*-linen-eucalyptus": {
					health: 5,
					applicationtimesec: 3,
					maxapplicationtimesec: 10,
					effectdurationsec: 10,
					ticks: 10,
					cancelinair: true,
					cancelwhileswimming: false,
					delaytocancelsec: 0.5
				},
				"*-reed-eucalyptussap": {
					health: 3,
					applicationtimesec: 3,
					maxapplicationtimesec: 10,
					effectdurationsec: 10,
					ticks: 10,
					cancelinair: true,
					cancelwhileswimming: false,
					delaytocancelsec: 0.5
				},
				"*-linen-eucalyptussap": {
					health: 6,
					applicationtimesec: 3,
					maxapplicationtimesec: 10,
					effectdurationsec: 10,
					ticks: 10,
					cancelinair: true,
					cancelwhileswimming: false,
					delaytocancelsec: 0.5
				},
				"*-reed-latex": {
					health: 2.5,
					applicationtimesec: 3,
					maxapplicationtimesec: 10,
					effectdurationsec: 10,
					ticks: 10,
					cancelinair: true,
					cancelwhileswimming: false,
					delaytocancelsec: 0.5
				},
				"*-linen-latex": {
					health: 5,
					applicationtimesec: 5,
					maxapplicationtimesec: 10,
					effectdurationsec: 10,
					ticks: 10,
					cancelinair: true,
					cancelwhileswimming: false,
					delaytocancelsec: 0.5
				},
			}
		}
	],
	attributesByType: {
		"*": { handbook: { extraSections: [ { "title": "wildcrafttree:handbook-item-about", "text": "wildcrafttree:handbook-item-poultice" } ] } },
	},
	maxstacksize: 16,
	variantgroups: [
		{ code: "material", states: ["linen", "reed" ] },
		{ code: "agent", states: ["eucalyptus", "eucalyptussap", "latex" ] },
	],
	shape: { base: "wildcrafttree:item/medicine/poultice-{material}" },
	textures: {
		"agent": { base: "wildcrafttree:item/medicine/{material}/{agent}" },
	},
	creativeinventory: { "general": ["*"], "items": ["*"], "wildcrafttree": [ "*" ] },
	materialDensity: 600,
	guiTransform: {
		translation: { x: 3, y: 0, z: 0 },
		rotation: { x: 120, y: 41, z: 7 },
		origin: { x: 0.5, y: 0.11, z: 0.5 },
		scale: 2.15
	},
	fpHandTransform: {
		translation: { x: 0, y: 0, z: 0 },
		rotation: { x: 40, y: 91, z: 15 },
		origin: { x: 0.8, y: 0.4, z: 0 },
		scale: 1.47
	},
	groundTransform: {
		translation: { x: 0, y: 0, z: 0 },
		rotation: { x: 180, y: 33, z: -180 },
		origin: { x: 0.5, y: 0, z: 0.5 },
		scale: 2.5
	},
	tpHandTransform: {
		translation: { x: 0, y: 0, z: 0 },
		rotation: { x: 5, y: 41, z: -31 },
		origin: { x: 0.16, y: 0.05, z: 0.08 },
		scale: 0.44
	}
}
