{
	code: "driedleaves",
	maxstacksize: 128,
	behaviors: [
		{ name: "GroundStorable", properties: { layout: 'Quadrants', collisionBox: { x1: 0, y1: 0, z1: 0, x2: 1, y2: 0.125, z2: 1 } } }
	],
	attributes: {
		groundStorageTransform: {
			translation: { x: 0, y: -0.06, z: 0 },
			scale: 0.89
		}
	},
	shape: { base: "wildcrafttree:item/leaves" },
	texturesByType: {
		"*": { "birch": {base: "wildcrafttree:item/leaves/dry" }},
	},
	creativeinventory: { "general": ["*"], "items": ["*"], "wildcrafttree": ["*"] },
	grindingPropsByType: {
		"*": { groundStack: { type: "item", code: "wildcrafttree:mulch" }}
	},
	storageFlags: 33,
	materialDensity: 200,
	combustibleProps: {
		burnTemperature: 600,
		burnDuration: 4,
	},
	guiTransform: {
			translation: { x: 0, y: 0, z: 0 },
			rotation: { x: -32, y: -69, z: -178 },
			origin: { x: 0.52, y: 0.04, z: 0.51 },
			scale: 3.15
	},
	fpHandTransform: {
			translation: { x: 0, y: 0, z: 0 },
			rotation: { x: 21, y: 36, z: 7 },
			origin: { x: 0.5, y: 0.5, z: 0.6 },
			scale: 2.04
	},
	tpHandTransform: {
			translation: { x: -1.64, y: -1.1, z: -0.7 },
			rotation: { x: 33, y: 22, z: -74 },
			origin: { x: 0.47, y: 0.54, z: 0.52 },
			scale: 0.48
        },
	groundTransform: {
			translation: { x: 0, y: 0, z: 0 },
			rotation: { x: 0, y: 0, z: 0 },
			origin: { x: 0.47, y: 0, z: 0.5 },
			scale: 4
	},
	heldRightReadyAnimationByType: {
                "*": "holdbothhands"
	},
	heldTpIdleAnimationByType: {
		"*": "holdbothhands"
	}
}