{
	code: "latex",
	maxstacksize: 32,
	behaviors: [
		{ name: "GroundStorable", properties: { layout: 'Quadrants', collisionBox: { x1: 0, y1: 0, z1: 0, x2: 1, y2: 0.125, z2: 1 } } }
	],
	shape: { base: "wildcrafttree:item/latex" },
	creativeinventory: { "general": ["*"], "items": ["*"], "wildcrafttree": ["*"] },
	combustibleProps: {
		burnTemperature: 900,
		burnDuration: 6	
	},
	attributes: {
		displaycaseable: true, 
		shelvable: true
	},
	materialDensity: 700,
	storageFlags: 33,
	guiTransform: {
		translation: { x: 0, y: 0, z: 0 },
		rotation: { x: -31, y: 35, z: -180 },
		origin: { x: 0.5, y: 0.05, z: 0.5 },
		scale: 3.38
	},
	fpHandTransform: {
		translation: { x: 0, y: 0, z: 0 },
		rotation: { x: 4, y: 15, z: 0 },
		origin: { x: 0.5, y: 0.1, z: 0.5 },
		scale: 1.97
	},
	groundTransform: {
		translation: { x: 0, y: 0, z: 0 },
		rotation: { x: 0, y: 0, z: 0 },
		origin: { x: 0.5, y: 0, z: 0.5 },
		scale: 2.7
	},
	tpHandTransform: {
		"translation": { "x": -0.04, "y": -0.6, "z": -0.8 },
		"rotation": { "x": 119, "y": -7, "z": -72 },
		"origin": { "x": -0.1, "y": 0.32, "z": 0.82 },
		"scale": 0.48
	},
	heldRightReadyAnimationByType: {
                "*": "holdbothhands"
	},
	heldTpIdleAnimationByType: {
		"*": "holdbothhands"
	}
}