{
	code: "leaves",
	maxstacksize: 128,
	behaviors: [
		{ name: "GroundStorable", properties: { layout: 'Quadrants', collisionBox: { x1: 0, y1: 0, z1: 0, x2: 1, y2: 0.125, z2: 1 } } }
	],
	attributes: {
        	handbook: {
	    	    "extraSections": [ { "title": "wildcrafttree:handbook-item-about", "text": "wildcrafttree:handbook-item-leaf" } ]
        	},
		groundStorageTransform: {
			translation: { x: 0, y: -0.06, z: 0 },
			scale: 0.89
		}
	},
	variantgroups: [ { code: "type", states: ["oak", "walnut", "brideinwhite", "willow", "eucalyptus", "sourwood"] } ],
	skipVariants: [ "*-birch", "*-pine", "*-acacia", "*-kapok", "*-baldcypress", "*-larch", "*-redwood", "*-ebony", "*-purpleheart", "*-maple", "*-crimsonkingmaple", "*-saxaul", "*-cedar", "*-fir", "*-spruce", "*-bluespruce", "*-douglasfir", "*-tuja", "*-redcedar", "*-yew", "*-kauri", "*-ginkgo", "*-sycamore", "*-honeylocust", "*-dalbergia", "*-umnini", "*-banyan", "*-elm", "*-beech", "*-bearnut", "*-redwillow", "*-poplar", "*-aspen", "*-spurgetree", "*-azobe", "*-ghostgum", "*-tamanu", "*-leadwood", "*-guajacum", "*-linden", "*-sal", "*-horsechestnut", "*-tigerwood", "*-satinash", "*-mahogany", "*-sapele", "*-ash", "*-catalpa", "*-jacaranda", "*-mangrove", "*-empresstree", "*-mopane", "*-wiliwili", "*-crownofthorns", "*-alder", "*-heather", "*-mousetrap", "*-ohia" ],
	shape: { base: "wildcrafttree:item/leaves" },
	texturesByType: {
		"*-sourwood": { "birch": {base: "wildcrafttree:item/leaves/sourwood" }},
		"*-brideinwhite": { "birch": {base: "wildcrafttree:item/leaves/birch" }},
		"*-walnut": { "birch": {base: "wildcrafttree:item/leaves/walnut" }},
		"*-eucalyptus": { "birch": {base: "wildcrafttree:item/leaves/eucalyptus" }},
		"*-oak": { "birch": {base: "wildcrafttree:item/leaves/oak" }},
		"*-willow": { "birch": {base: "wildcrafttree:item/leaves/willow" }},
	},
	creativeinventory: { "general": ["*"], "items": ["*"], "wildcrafttree": ["*"] },
	nutritionPropsByType: {
		"*-oak": { satiety: 20, health: -0.5, foodcategory: "Vegetable" },
		"*-eucalyptus": { satiety: 20, health: -1.5, foodcategory: "Vegetable" },
		"*-(willow|sourwood)": { satiety: 30, foodcategory: "Vegetable" },
		"*-walnut": { satiety: 25, health: -0.5, foodcategory: "Vegetable" },
		"*": { satiety: 25, foodcategory: "Vegetable" },
	},
	transitionablePropsByType: {
		"*": [
		{
			type: "Perish",
			freshHours: { avg: 96 },
			transitionHours: { avg: 96 },
			transitionedStack: { type: "item", code: "game:rot" },
			transitionRatio: 0.25
		},
		{
			type: "Dry",
			freshHours: { avg: 12 },
			transitionHours: { avg: 24 },
			transitionedStack: { type: "item", code: "wildcrafttree:driedleaves" },
			transitionRatio: 1
		}],
	},
	storageFlags: 33,
	materialDensity: 200,
	guiTransform: {
			translation: { x: 0, y: 0, z: 0 },
			rotation: { x: -32, y: -69, z: -178 },
			origin: { x: 0.52, y: 0.04, z: 0.51 },
			scale: 2.9
	},
	fpHandTransform: {
			translation: { x: 0, y: 0, z: 0 },
			rotation: { x: 21, y: 36, z: 7 },
			origin: { x: 0.5, y: 0.5, z: 0.6 },
			scale: 2.04
	},
	tpHandTransform: {
			translation: { x: -1.64, y: -1.1, z: -0.7 },
			rotation: { x: 33, y: 22, z: -74 },
			origin: { x: 0.47, y: 0.54, z: 0.52 },
			scale: 0.48
        },
	groundTransform: {
			translation: { x: 0, y: 0, z: 0 },
			rotation: { x: 0, y: 0, z: 0 },
			origin: { x: 0.47, y: 0, z: 0.5 },
			scale: 4
	},
	heldRightReadyAnimationByType: {
                "*": "holdbothhands"
	},
	heldTpIdleAnimationByType: {
		"*": "holdbothhands"
	}
}